2025-08-25 09:46:19,280 [Worker-5: Loading available Gradle versions] INFO  o.e.b.c.i.u.g.PublishedGradleVersions - Gradle version information cache is out-of-date. Trying to update.
2025-08-25 09:47:32,900 [Worker-19: Creating maven-archetype-webapp] INFO  o.e.m.c.i.p.ProjectConfigurationManager - Collecting project info '/pom.xml' C:\Users\Faisal\Desktop\Demo\servlet app\TestApp\pom.xml
2025-08-25 09:47:35,119 [Worker-19: Creating maven-archetype-webapp] INFO  o.e.m.c.i.l.LifecycleMappingFactory - Using org.maven.ide.eclipse.wtp.WarLifecycleMapping lifecycle mapping for MavenProject: com.pli:TestApp:0.0.1-SNAPSHOT @ C:\Users\Faisal\Desktop\Demo\servlet app\TestApp\pom.xml.
2025-08-25 09:47:36,422 [Worker-19: Creating maven-archetype-webapp] INFO  o.e.m.j.i.AbstractJavaProjectConfigurator - Adding source folder /TestApp/src/main/java
2025-08-25 09:47:36,423 [Worker-19: Creating maven-archetype-webapp] INFO  o.e.m.j.i.AbstractJavaProjectConfigurator - Adding resource folder /TestApp/src/main/resources
2025-08-25 09:47:36,423 [Worker-19: Creating maven-archetype-webapp] INFO  o.e.m.j.i.AbstractJavaProjectConfigurator - Adding source folder /TestApp/src/test/java
2025-08-25 09:47:40,563 [Worker-19: Creating maven-archetype-webapp] INFO  o.e.m.c.i.p.ProjectConfigurationManager - Imported and configured 1 project(s) in 7 sec
2025-08-25 09:47:41,427 [Worker-19: Building] WARN  o.e.m.c.i.embedder.EclipseLogger - Using platform encoding (Cp1252 actually) to copy filtered resources, i.e. build is platform dependent!
2025-08-25 09:47:41,432 [Worker-19: Building] INFO  o.e.m.c.i.embedder.EclipseLogger - Copying 0 resource
2025-08-25 09:47:41,434 [Worker-19: Building] WARN  o.e.m.c.i.embedder.EclipseLogger - Using platform encoding (Cp1252 actually) to copy filtered resources, i.e. build is platform dependent!
2025-08-25 09:47:41,435 [Worker-19: Building] INFO  o.e.m.c.i.embedder.EclipseLogger - skip non existing resourceDirectory C:\Users\Faisal\Desktop\Demo\servlet app\TestApp\src\test\resources
2025-08-25 09:48:34,747 [Worker-14: Building Project TestApp] WARN  o.e.m.c.i.embedder.EclipseLogger - Using platform encoding (Cp1252 actually) to copy filtered resources, i.e. build is platform dependent!
2025-08-25 09:48:34,748 [Worker-14: Building Project TestApp] INFO  o.e.m.c.i.embedder.EclipseLogger - Copying 0 resource
2025-08-25 09:48:34,750 [Worker-14: Building Project TestApp] WARN  o.e.m.c.i.embedder.EclipseLogger - Using platform encoding (Cp1252 actually) to copy filtered resources, i.e. build is platform dependent!
2025-08-25 09:48:34,751 [Worker-14: Building Project TestApp] INFO  o.e.m.c.i.embedder.EclipseLogger - skip non existing resourceDirectory C:\Users\Faisal\Desktop\Demo\servlet app\TestApp\src\test\resources
2025-08-25 09:49:43,670 [Worker-20: Building] WARN  o.e.m.c.i.embedder.EclipseLogger - Using platform encoding (Cp1252 actually) to copy filtered resources, i.e. build is platform dependent!
2025-08-25 09:49:43,673 [Worker-20: Building] INFO  o.e.m.c.i.embedder.EclipseLogger - Copying 0 resource
2025-08-25 09:49:43,675 [Worker-20: Building] WARN  o.e.m.c.i.embedder.EclipseLogger - Using platform encoding (Cp1252 actually) to copy filtered resources, i.e. build is platform dependent!
2025-08-25 09:49:43,676 [Worker-20: Building] INFO  o.e.m.c.i.embedder.EclipseLogger - skip non existing resourceDirectory C:\Users\Faisal\Desktop\Demo\servlet app\TestApp\src\test\resources
2025-08-25 09:49:52,010 [Worker-14: Building] WARN  o.e.m.c.i.embedder.EclipseLogger - Using platform encoding (Cp1252 actually) to copy filtered resources, i.e. build is platform dependent!
2025-08-25 09:49:52,011 [Worker-14: Building] INFO  o.e.m.c.i.embedder.EclipseLogger - Copying 0 resource
2025-08-25 09:49:52,012 [Worker-14: Building] WARN  o.e.m.c.i.embedder.EclipseLogger - Using platform encoding (Cp1252 actually) to copy filtered resources, i.e. build is platform dependent!
2025-08-25 09:49:52,013 [Worker-14: Building] INFO  o.e.m.c.i.embedder.EclipseLogger - skip non existing resourceDirectory C:\Users\Faisal\Desktop\Demo\servlet app\TestApp\src\test\resources
2025-08-25 09:50:16,855 [Worker-8: Building] INFO  o.e.m.c.i.l.LifecycleMappingFactory - Using org.maven.ide.eclipse.wtp.WarLifecycleMapping lifecycle mapping for MavenProject: com.pli:TestApp:0.0.1-SNAPSHOT @ C:\Users\Faisal\Desktop\Demo\servlet app\TestApp\pom.xml.
2025-08-25 09:50:17,583 [Worker-8: Building] WARN  o.e.m.c.i.embedder.EclipseLogger - Using platform encoding (Cp1252 actually) to copy filtered resources, i.e. build is platform dependent!
2025-08-25 09:50:17,586 [Worker-8: Building] INFO  o.e.m.c.i.embedder.EclipseLogger - Copying 0 resource
2025-08-25 09:50:17,589 [Worker-8: Building] WARN  o.e.m.c.i.embedder.EclipseLogger - Using platform encoding (Cp1252 actually) to copy filtered resources, i.e. build is platform dependent!
2025-08-25 09:50:17,590 [Worker-8: Building] INFO  o.e.m.c.i.embedder.EclipseLogger - skip non existing resourceDirectory C:\Users\Faisal\Desktop\Demo\servlet app\TestApp\src\test\resources
2025-08-25 09:50:17,591 [Worker-8: Building] INFO  o.e.m.w.i.f.ResourceFilteringBuildParticipant - Changed resources require a complete clean of filtered resources of TestApp
2025-08-25 09:50:17,592 [Worker-8: Building] INFO  o.e.m.w.i.f.ResourceFilteringBuildParticipant - Executing resource filtering for TestApp
2025-08-25 09:50:17,599 [Worker-8: Building] WARN  o.e.m.c.i.embedder.EclipseLogger - Using platform encoding (Cp1252 actually) to copy filtered resources, i.e. build is platform dependent!
2025-08-25 09:53:55,912 [Worker-8: Building] INFO  o.e.m.c.i.l.LifecycleMappingFactory - Using org.maven.ide.eclipse.wtp.WarLifecycleMapping lifecycle mapping for MavenProject: com.pli:TestApp:0.0.1-SNAPSHOT @ C:\Users\Faisal\Desktop\Demo\servlet app\TestApp\pom.xml.
2025-08-25 09:53:56,497 [Worker-8: Building] WARN  o.e.m.c.i.embedder.EclipseLogger - Using platform encoding (Cp1252 actually) to copy filtered resources, i.e. build is platform dependent!
2025-08-25 09:53:56,499 [Worker-8: Building] INFO  o.e.m.c.i.embedder.EclipseLogger - Copying 0 resource
2025-08-25 09:53:56,501 [Worker-8: Building] WARN  o.e.m.c.i.embedder.EclipseLogger - Using platform encoding (Cp1252 actually) to copy filtered resources, i.e. build is platform dependent!
2025-08-25 09:53:56,502 [Worker-8: Building] INFO  o.e.m.c.i.embedder.EclipseLogger - skip non existing resourceDirectory C:\Users\Faisal\Desktop\Demo\servlet app\TestApp\src\test\resources
2025-08-25 09:53:56,503 [Worker-8: Building] INFO  o.e.m.w.i.f.ResourceFilteringBuildParticipant - Changed resources require a complete clean of filtered resources of TestApp
2025-08-25 09:53:56,503 [Worker-8: Building] INFO  o.e.m.w.i.f.ResourceFilteringBuildParticipant - Executing resource filtering for TestApp
2025-08-25 09:53:56,509 [Worker-8: Building] WARN  o.e.m.c.i.embedder.EclipseLogger - Using platform encoding (Cp1252 actually) to copy filtered resources, i.e. build is platform dependent!
2025-08-25 09:53:56,702 [Worker-23: Building] WARN  o.e.m.c.i.embedder.EclipseLogger - Using platform encoding (Cp1252 actually) to copy filtered resources, i.e. build is platform dependent!
2025-08-25 09:53:56,703 [Worker-23: Building] INFO  o.e.m.c.i.embedder.EclipseLogger - Copying 0 resource
2025-08-25 09:53:56,705 [Worker-23: Building] WARN  o.e.m.c.i.embedder.EclipseLogger - Using platform encoding (Cp1252 actually) to copy filtered resources, i.e. build is platform dependent!
2025-08-25 09:53:56,707 [Worker-23: Building] INFO  o.e.m.c.i.embedder.EclipseLogger - skip non existing resourceDirectory C:\Users\Faisal\Desktop\Demo\servlet app\TestApp\src\test\resources
2025-08-25 09:54:39,488 [Worker-21: Building] WARN  o.e.m.c.i.embedder.EclipseLogger - Using platform encoding (Cp1252 actually) to copy filtered resources, i.e. build is platform dependent!
2025-08-25 09:54:39,499 [Worker-21: Building] INFO  o.e.m.c.i.embedder.EclipseLogger - Copying 0 resource
2025-08-25 09:54:39,501 [Worker-21: Building] WARN  o.e.m.c.i.embedder.EclipseLogger - Using platform encoding (Cp1252 actually) to copy filtered resources, i.e. build is platform dependent!
2025-08-25 09:54:39,503 [Worker-21: Building] INFO  o.e.m.c.i.embedder.EclipseLogger - skip non existing resourceDirectory C:\Users\Faisal\Desktop\Demo\servlet app\TestApp\src\test\resources
2025-08-25 09:55:21,238 [Worker-23: Building] WARN  o.e.m.c.i.embedder.EclipseLogger - Using platform encoding (Cp1252 actually) to copy filtered resources, i.e. build is platform dependent!
2025-08-25 09:55:21,240 [Worker-23: Building] INFO  o.e.m.c.i.embedder.EclipseLogger - Copying 0 resource
2025-08-25 09:55:21,241 [Worker-23: Building] WARN  o.e.m.c.i.embedder.EclipseLogger - Using platform encoding (Cp1252 actually) to copy filtered resources, i.e. build is platform dependent!
2025-08-25 09:55:21,242 [Worker-23: Building] INFO  o.e.m.c.i.embedder.EclipseLogger - skip non existing resourceDirectory C:\Users\Faisal\Desktop\Demo\servlet app\TestApp\src\test\resources
2025-08-25 09:56:29,133 [Worker-25: Building] WARN  o.e.m.c.i.embedder.EclipseLogger - Using platform encoding (Cp1252 actually) to copy filtered resources, i.e. build is platform dependent!
2025-08-25 09:56:29,135 [Worker-25: Building] INFO  o.e.m.c.i.embedder.EclipseLogger - Copying 0 resource
2025-08-25 09:56:29,137 [Worker-25: Building] WARN  o.e.m.c.i.embedder.EclipseLogger - Using platform encoding (Cp1252 actually) to copy filtered resources, i.e. build is platform dependent!
2025-08-25 09:56:29,138 [Worker-25: Building] INFO  o.e.m.c.i.embedder.EclipseLogger - skip non existing resourceDirectory C:\Users\Faisal\Desktop\Demo\servlet app\TestApp\src\test\resources
2025-08-25 09:57:05,656 [Worker-25: Building] WARN  o.e.m.c.i.embedder.EclipseLogger - Using platform encoding (Cp1252 actually) to copy filtered resources, i.e. build is platform dependent!
2025-08-25 09:57:05,657 [Worker-25: Building] INFO  o.e.m.c.i.embedder.EclipseLogger - Copying 0 resource
2025-08-25 09:57:05,659 [Worker-25: Building] WARN  o.e.m.c.i.embedder.EclipseLogger - Using platform encoding (Cp1252 actually) to copy filtered resources, i.e. build is platform dependent!
2025-08-25 09:57:05,660 [Worker-25: Building] INFO  o.e.m.c.i.embedder.EclipseLogger - skip non existing resourceDirectory C:\Users\Faisal\Desktop\Demo\servlet app\TestApp\src\test\resources
2025-08-25 09:57:25,027 [Worker-25: Building] WARN  o.e.m.c.i.embedder.EclipseLogger - Using platform encoding (Cp1252 actually) to copy filtered resources, i.e. build is platform dependent!
2025-08-25 09:57:25,029 [Worker-25: Building] INFO  o.e.m.c.i.embedder.EclipseLogger - Copying 0 resource
2025-08-25 09:57:25,030 [Worker-25: Building] WARN  o.e.m.c.i.embedder.EclipseLogger - Using platform encoding (Cp1252 actually) to copy filtered resources, i.e. build is platform dependent!
2025-08-25 09:57:25,031 [Worker-25: Building] INFO  o.e.m.c.i.embedder.EclipseLogger - skip non existing resourceDirectory C:\Users\Faisal\Desktop\Demo\servlet app\TestApp\src\test\resources
2025-08-25 09:57:46,312 [Worker-24: Building] WARN  o.e.m.c.i.embedder.EclipseLogger - Using platform encoding (Cp1252 actually) to copy filtered resources, i.e. build is platform dependent!
2025-08-25 09:57:46,314 [Worker-24: Building] INFO  o.e.m.c.i.embedder.EclipseLogger - Copying 0 resource
2025-08-25 09:57:46,316 [Worker-24: Building] WARN  o.e.m.c.i.embedder.EclipseLogger - Using platform encoding (Cp1252 actually) to copy filtered resources, i.e. build is platform dependent!
2025-08-25 09:57:46,317 [Worker-24: Building] INFO  o.e.m.c.i.embedder.EclipseLogger - skip non existing resourceDirectory C:\Users\Faisal\Desktop\Demo\servlet app\TestApp\src\test\resources
2025-08-25 09:57:52,520 [Worker-25: Building] WARN  o.e.m.c.i.embedder.EclipseLogger - Using platform encoding (Cp1252 actually) to copy filtered resources, i.e. build is platform dependent!
2025-08-25 09:57:52,521 [Worker-25: Building] INFO  o.e.m.c.i.embedder.EclipseLogger - Copying 0 resource
2025-08-25 09:57:52,523 [Worker-25: Building] WARN  o.e.m.c.i.embedder.EclipseLogger - Using platform encoding (Cp1252 actually) to copy filtered resources, i.e. build is platform dependent!
2025-08-25 09:57:52,524 [Worker-25: Building] INFO  o.e.m.c.i.embedder.EclipseLogger - skip non existing resourceDirectory C:\Users\Faisal\Desktop\Demo\servlet app\TestApp\src\test\resources
2025-08-25 09:58:15,462 [Worker-21: Building] WARN  o.e.m.c.i.embedder.EclipseLogger - Using platform encoding (Cp1252 actually) to copy filtered resources, i.e. build is platform dependent!
2025-08-25 09:58:15,463 [Worker-21: Building] INFO  o.e.m.c.i.embedder.EclipseLogger - Copying 0 resource
2025-08-25 09:58:15,464 [Worker-21: Building] WARN  o.e.m.c.i.embedder.EclipseLogger - Using platform encoding (Cp1252 actually) to copy filtered resources, i.e. build is platform dependent!
2025-08-25 09:58:15,465 [Worker-21: Building] INFO  o.e.m.c.i.embedder.EclipseLogger - skip non existing resourceDirectory C:\Users\Faisal\Desktop\Demo\servlet app\TestApp\src\test\resources
2025-08-25 09:58:26,372 [Worker-25: Building] WARN  o.e.m.c.i.embedder.EclipseLogger - Using platform encoding (Cp1252 actually) to copy filtered resources, i.e. build is platform dependent!
2025-08-25 09:58:26,374 [Worker-25: Building] INFO  o.e.m.c.i.embedder.EclipseLogger - Copying 0 resource
2025-08-25 09:58:26,376 [Worker-25: Building] WARN  o.e.m.c.i.embedder.EclipseLogger - Using platform encoding (Cp1252 actually) to copy filtered resources, i.e. build is platform dependent!
2025-08-25 09:58:26,377 [Worker-25: Building] INFO  o.e.m.c.i.embedder.EclipseLogger - skip non existing resourceDirectory C:\Users\Faisal\Desktop\Demo\servlet app\TestApp\src\test\resources
2025-08-25 09:59:00,304 [Worker-28: Building] WARN  o.e.m.c.i.embedder.EclipseLogger - Using platform encoding (Cp1252 actually) to copy filtered resources, i.e. build is platform dependent!
2025-08-25 09:59:00,306 [Worker-28: Building] INFO  o.e.m.c.i.embedder.EclipseLogger - Copying 0 resource
2025-08-25 09:59:00,307 [Worker-28: Building] WARN  o.e.m.c.i.embedder.EclipseLogger - Using platform encoding (Cp1252 actually) to copy filtered resources, i.e. build is platform dependent!
2025-08-25 09:59:00,308 [Worker-28: Building] INFO  o.e.m.c.i.embedder.EclipseLogger - skip non existing resourceDirectory C:\Users\Faisal\Desktop\Demo\servlet app\TestApp\src\test\resources
2025-08-25 09:59:10,269 [Worker-27: Building] WARN  o.e.m.c.i.embedder.EclipseLogger - Using platform encoding (Cp1252 actually) to copy filtered resources, i.e. build is platform dependent!
2025-08-25 09:59:10,271 [Worker-27: Building] INFO  o.e.m.c.i.embedder.EclipseLogger - Copying 0 resource
2025-08-25 09:59:10,272 [Worker-27: Building] WARN  o.e.m.c.i.embedder.EclipseLogger - Using platform encoding (Cp1252 actually) to copy filtered resources, i.e. build is platform dependent!
2025-08-25 09:59:10,273 [Worker-27: Building] INFO  o.e.m.c.i.embedder.EclipseLogger - skip non existing resourceDirectory C:\Users\Faisal\Desktop\Demo\servlet app\TestApp\src\test\resources
2025-08-25 09:59:13,286 [Worker-27: Building] WARN  o.e.m.c.i.embedder.EclipseLogger - Using platform encoding (Cp1252 actually) to copy filtered resources, i.e. build is platform dependent!
2025-08-25 09:59:13,287 [Worker-27: Building] INFO  o.e.m.c.i.embedder.EclipseLogger - Copying 0 resource
2025-08-25 09:59:13,288 [Worker-27: Building] WARN  o.e.m.c.i.embedder.EclipseLogger - Using platform encoding (Cp1252 actually) to copy filtered resources, i.e. build is platform dependent!
2025-08-25 09:59:13,289 [Worker-27: Building] INFO  o.e.m.c.i.embedder.EclipseLogger - skip non existing resourceDirectory C:\Users\Faisal\Desktop\Demo\servlet app\TestApp\src\test\resources
2025-08-25 09:59:20,855 [Worker-26: Building] WARN  o.e.m.c.i.embedder.EclipseLogger - Using platform encoding (Cp1252 actually) to copy filtered resources, i.e. build is platform dependent!
2025-08-25 09:59:20,857 [Worker-26: Building] INFO  o.e.m.c.i.embedder.EclipseLogger - Copying 0 resource
2025-08-25 09:59:20,858 [Worker-26: Building] WARN  o.e.m.c.i.embedder.EclipseLogger - Using platform encoding (Cp1252 actually) to copy filtered resources, i.e. build is platform dependent!
2025-08-25 09:59:20,859 [Worker-26: Building] INFO  o.e.m.c.i.embedder.EclipseLogger - skip non existing resourceDirectory C:\Users\Faisal\Desktop\Demo\servlet app\TestApp\src\test\resources
2025-08-25 09:59:53,000 [Worker-22: Building] WARN  o.e.m.c.i.embedder.EclipseLogger - Using platform encoding (Cp1252 actually) to copy filtered resources, i.e. build is platform dependent!
2025-08-25 09:59:53,002 [Worker-22: Building] INFO  o.e.m.c.i.embedder.EclipseLogger - Copying 0 resource
2025-08-25 09:59:53,005 [Worker-22: Building] WARN  o.e.m.c.i.embedder.EclipseLogger - Using platform encoding (Cp1252 actually) to copy filtered resources, i.e. build is platform dependent!
2025-08-25 09:59:53,006 [Worker-22: Building] INFO  o.e.m.c.i.embedder.EclipseLogger - skip non existing resourceDirectory C:\Users\Faisal\Desktop\Demo\servlet app\TestApp\src\test\resources
2025-08-25 10:00:07,576 [Worker-26: Building] WARN  o.e.m.c.i.embedder.EclipseLogger - Using platform encoding (Cp1252 actually) to copy filtered resources, i.e. build is platform dependent!
2025-08-25 10:00:07,577 [Worker-26: Building] INFO  o.e.m.c.i.embedder.EclipseLogger - Copying 0 resource
2025-08-25 10:00:07,578 [Worker-26: Building] WARN  o.e.m.c.i.embedder.EclipseLogger - Using platform encoding (Cp1252 actually) to copy filtered resources, i.e. build is platform dependent!
2025-08-25 10:00:07,579 [Worker-26: Building] INFO  o.e.m.c.i.embedder.EclipseLogger - skip non existing resourceDirectory C:\Users\Faisal\Desktop\Demo\servlet app\TestApp\src\test\resources
2025-08-25 10:00:11,161 [Worker-22: Building] WARN  o.e.m.c.i.embedder.EclipseLogger - Using platform encoding (Cp1252 actually) to copy filtered resources, i.e. build is platform dependent!
2025-08-25 10:00:11,162 [Worker-22: Building] INFO  o.e.m.c.i.embedder.EclipseLogger - Copying 0 resource
2025-08-25 10:00:11,163 [Worker-22: Building] WARN  o.e.m.c.i.embedder.EclipseLogger - Using platform encoding (Cp1252 actually) to copy filtered resources, i.e. build is platform dependent!
2025-08-25 10:00:11,164 [Worker-22: Building] INFO  o.e.m.c.i.embedder.EclipseLogger - skip non existing resourceDirectory C:\Users\Faisal\Desktop\Demo\servlet app\TestApp\src\test\resources
2025-08-25 10:00:31,519 [Worker-25: Building] WARN  o.e.m.c.i.embedder.EclipseLogger - Using platform encoding (Cp1252 actually) to copy filtered resources, i.e. build is platform dependent!
2025-08-25 10:00:31,521 [Worker-25: Building] INFO  o.e.m.c.i.embedder.EclipseLogger - Copying 0 resource
2025-08-25 10:00:31,522 [Worker-25: Building] WARN  o.e.m.c.i.embedder.EclipseLogger - Using platform encoding (Cp1252 actually) to copy filtered resources, i.e. build is platform dependent!
2025-08-25 10:00:31,522 [Worker-25: Building] INFO  o.e.m.c.i.embedder.EclipseLogger - skip non existing resourceDirectory C:\Users\Faisal\Desktop\Demo\servlet app\TestApp\src\test\resources
2025-08-25 10:01:42,694 [Worker-29: Building] WARN  o.e.m.c.i.embedder.EclipseLogger - Using platform encoding (Cp1252 actually) to copy filtered resources, i.e. build is platform dependent!
2025-08-25 10:01:42,695 [Worker-29: Building] INFO  o.e.m.c.i.embedder.EclipseLogger - Copying 0 resource
2025-08-25 10:01:42,697 [Worker-29: Building] WARN  o.e.m.c.i.embedder.EclipseLogger - Using platform encoding (Cp1252 actually) to copy filtered resources, i.e. build is platform dependent!
2025-08-25 10:01:42,697 [Worker-29: Building] INFO  o.e.m.c.i.embedder.EclipseLogger - skip non existing resourceDirectory C:\Users\Faisal\Desktop\Demo\servlet app\TestApp\src\test\resources
2025-08-25 10:02:07,580 [Worker-22: Building] WARN  o.e.m.c.i.embedder.EclipseLogger - Using platform encoding (Cp1252 actually) to copy filtered resources, i.e. build is platform dependent!
2025-08-25 10:02:07,581 [Worker-22: Building] INFO  o.e.m.c.i.embedder.EclipseLogger - Copying 0 resource
2025-08-25 10:02:07,583 [Worker-22: Building] WARN  o.e.m.c.i.embedder.EclipseLogger - Using platform encoding (Cp1252 actually) to copy filtered resources, i.e. build is platform dependent!
2025-08-25 10:02:07,583 [Worker-22: Building] INFO  o.e.m.c.i.embedder.EclipseLogger - skip non existing resourceDirectory C:\Users\Faisal\Desktop\Demo\servlet app\TestApp\src\test\resources
2025-08-25 10:02:20,264 [Worker-28: Building] WARN  o.e.m.c.i.embedder.EclipseLogger - Using platform encoding (Cp1252 actually) to copy filtered resources, i.e. build is platform dependent!
2025-08-25 10:02:20,266 [Worker-28: Building] INFO  o.e.m.c.i.embedder.EclipseLogger - Copying 0 resource
2025-08-25 10:02:20,267 [Worker-28: Building] WARN  o.e.m.c.i.embedder.EclipseLogger - Using platform encoding (Cp1252 actually) to copy filtered resources, i.e. build is platform dependent!
2025-08-25 10:02:20,268 [Worker-28: Building] INFO  o.e.m.c.i.embedder.EclipseLogger - skip non existing resourceDirectory C:\Users\Faisal\Desktop\Demo\servlet app\TestApp\src\test\resources
2025-08-25 10:02:42,986 [Worker-26: Building] WARN  o.e.m.c.i.embedder.EclipseLogger - Using platform encoding (Cp1252 actually) to copy filtered resources, i.e. build is platform dependent!
2025-08-25 10:02:42,987 [Worker-26: Building] INFO  o.e.m.c.i.embedder.EclipseLogger - Copying 0 resource
2025-08-25 10:02:42,988 [Worker-26: Building] WARN  o.e.m.c.i.embedder.EclipseLogger - Using platform encoding (Cp1252 actually) to copy filtered resources, i.e. build is platform dependent!
2025-08-25 10:02:42,989 [Worker-26: Building] INFO  o.e.m.c.i.embedder.EclipseLogger - skip non existing resourceDirectory C:\Users\Faisal\Desktop\Demo\servlet app\TestApp\src\test\resources
2025-08-25 10:03:08,203 [Worker-26: Building] WARN  o.e.m.c.i.embedder.EclipseLogger - Using platform encoding (Cp1252 actually) to copy filtered resources, i.e. build is platform dependent!
2025-08-25 10:03:08,205 [Worker-26: Building] INFO  o.e.m.c.i.embedder.EclipseLogger - Copying 0 resource
2025-08-25 10:03:08,207 [Worker-26: Building] WARN  o.e.m.c.i.embedder.EclipseLogger - Using platform encoding (Cp1252 actually) to copy filtered resources, i.e. build is platform dependent!
2025-08-25 10:03:08,208 [Worker-26: Building] INFO  o.e.m.c.i.embedder.EclipseLogger - skip non existing resourceDirectory C:\Users\Faisal\Desktop\Demo\servlet app\TestApp\src\test\resources
2025-08-25 10:03:23,440 [Worker-22: Building] WARN  o.e.m.c.i.embedder.EclipseLogger - Using platform encoding (Cp1252 actually) to copy filtered resources, i.e. build is platform dependent!
2025-08-25 10:03:23,442 [Worker-22: Building] INFO  o.e.m.c.i.embedder.EclipseLogger - Copying 0 resource
2025-08-25 10:03:23,443 [Worker-22: Building] WARN  o.e.m.c.i.embedder.EclipseLogger - Using platform encoding (Cp1252 actually) to copy filtered resources, i.e. build is platform dependent!
2025-08-25 10:03:23,444 [Worker-22: Building] INFO  o.e.m.c.i.embedder.EclipseLogger - skip non existing resourceDirectory C:\Users\Faisal\Desktop\Demo\servlet app\TestApp\src\test\resources
2025-08-25 10:04:12,468 [Worker-26: Building] WARN  o.e.m.c.i.embedder.EclipseLogger - Using platform encoding (Cp1252 actually) to copy filtered resources, i.e. build is platform dependent!
2025-08-25 10:04:12,469 [Worker-26: Building] INFO  o.e.m.c.i.embedder.EclipseLogger - Copying 0 resource
2025-08-25 10:04:12,471 [Worker-26: Building] WARN  o.e.m.c.i.embedder.EclipseLogger - Using platform encoding (Cp1252 actually) to copy filtered resources, i.e. build is platform dependent!
2025-08-25 10:04:12,472 [Worker-26: Building] INFO  o.e.m.c.i.embedder.EclipseLogger - skip non existing resourceDirectory C:\Users\Faisal\Desktop\Demo\servlet app\TestApp\src\test\resources
2025-08-25 10:04:21,805 [Worker-23: Building] WARN  o.e.m.c.i.embedder.EclipseLogger - Using platform encoding (Cp1252 actually) to copy filtered resources, i.e. build is platform dependent!
2025-08-25 10:04:21,806 [Worker-23: Building] INFO  o.e.m.c.i.embedder.EclipseLogger - Copying 0 resource
2025-08-25 10:04:21,807 [Worker-23: Building] WARN  o.e.m.c.i.embedder.EclipseLogger - Using platform encoding (Cp1252 actually) to copy filtered resources, i.e. build is platform dependent!
2025-08-25 10:04:21,808 [Worker-23: Building] INFO  o.e.m.c.i.embedder.EclipseLogger - skip non existing resourceDirectory C:\Users\Faisal\Desktop\Demo\servlet app\TestApp\src\test\resources
2025-08-25 10:04:36,034 [Worker-26: Building] WARN  o.e.m.c.i.embedder.EclipseLogger - Using platform encoding (Cp1252 actually) to copy filtered resources, i.e. build is platform dependent!
2025-08-25 10:04:36,036 [Worker-26: Building] INFO  o.e.m.c.i.embedder.EclipseLogger - Copying 0 resource
2025-08-25 10:04:36,037 [Worker-26: Building] WARN  o.e.m.c.i.embedder.EclipseLogger - Using platform encoding (Cp1252 actually) to copy filtered resources, i.e. build is platform dependent!
2025-08-25 10:04:36,038 [Worker-26: Building] INFO  o.e.m.c.i.embedder.EclipseLogger - skip non existing resourceDirectory C:\Users\Faisal\Desktop\Demo\servlet app\TestApp\src\test\resources
2025-08-25 10:04:44,038 [Worker-26: Building] WARN  o.e.m.c.i.embedder.EclipseLogger - Using platform encoding (Cp1252 actually) to copy filtered resources, i.e. build is platform dependent!
2025-08-25 10:04:44,040 [Worker-26: Building] INFO  o.e.m.c.i.embedder.EclipseLogger - Copying 0 resource
2025-08-25 10:04:44,041 [Worker-26: Building] WARN  o.e.m.c.i.embedder.EclipseLogger - Using platform encoding (Cp1252 actually) to copy filtered resources, i.e. build is platform dependent!
2025-08-25 10:04:44,042 [Worker-26: Building] INFO  o.e.m.c.i.embedder.EclipseLogger - skip non existing resourceDirectory C:\Users\Faisal\Desktop\Demo\servlet app\TestApp\src\test\resources
2025-08-25 10:05:02,539 [Worker-22: Building] WARN  o.e.m.c.i.embedder.EclipseLogger - Using platform encoding (Cp1252 actually) to copy filtered resources, i.e. build is platform dependent!
2025-08-25 10:05:02,541 [Worker-22: Building] INFO  o.e.m.c.i.embedder.EclipseLogger - Copying 0 resource
2025-08-25 10:05:02,542 [Worker-22: Building] WARN  o.e.m.c.i.embedder.EclipseLogger - Using platform encoding (Cp1252 actually) to copy filtered resources, i.e. build is platform dependent!
2025-08-25 10:05:02,544 [Worker-22: Building] INFO  o.e.m.c.i.embedder.EclipseLogger - skip non existing resourceDirectory C:\Users\Faisal\Desktop\Demo\servlet app\TestApp\src\test\resources
2025-08-25 10:05:19,850 [Worker-22: Building] WARN  o.e.m.c.i.embedder.EclipseLogger - Using platform encoding (Cp1252 actually) to copy filtered resources, i.e. build is platform dependent!
2025-08-25 10:05:19,852 [Worker-22: Building] INFO  o.e.m.c.i.embedder.EclipseLogger - Copying 0 resource
2025-08-25 10:05:19,853 [Worker-22: Building] WARN  o.e.m.c.i.embedder.EclipseLogger - Using platform encoding (Cp1252 actually) to copy filtered resources, i.e. build is platform dependent!
2025-08-25 10:05:19,854 [Worker-22: Building] INFO  o.e.m.c.i.embedder.EclipseLogger - skip non existing resourceDirectory C:\Users\Faisal\Desktop\Demo\servlet app\TestApp\src\test\resources
2025-08-25 10:05:27,328 [Worker-8: Building] WARN  o.e.m.c.i.embedder.EclipseLogger - Using platform encoding (Cp1252 actually) to copy filtered resources, i.e. build is platform dependent!
2025-08-25 10:05:27,329 [Worker-8: Building] INFO  o.e.m.c.i.embedder.EclipseLogger - Copying 0 resource
2025-08-25 10:05:27,330 [Worker-8: Building] WARN  o.e.m.c.i.embedder.EclipseLogger - Using platform encoding (Cp1252 actually) to copy filtered resources, i.e. build is platform dependent!
2025-08-25 10:05:27,331 [Worker-8: Building] INFO  o.e.m.c.i.embedder.EclipseLogger - skip non existing resourceDirectory C:\Users\Faisal\Desktop\Demo\servlet app\TestApp\src\test\resources
2025-08-25 10:06:10,438 [Worker-8: Building] WARN  o.e.m.c.i.embedder.EclipseLogger - Using platform encoding (Cp1252 actually) to copy filtered resources, i.e. build is platform dependent!
2025-08-25 10:06:10,439 [Worker-8: Building] INFO  o.e.m.c.i.embedder.EclipseLogger - Copying 0 resource
2025-08-25 10:06:10,439 [Worker-8: Building] WARN  o.e.m.c.i.embedder.EclipseLogger - Using platform encoding (Cp1252 actually) to copy filtered resources, i.e. build is platform dependent!
2025-08-25 10:06:10,440 [Worker-8: Building] INFO  o.e.m.c.i.embedder.EclipseLogger - skip non existing resourceDirectory C:\Users\Faisal\Desktop\Demo\servlet app\TestApp\src\test\resources
2025-08-25 10:08:29,264 [Worker-26: Building] WARN  o.e.m.c.i.embedder.EclipseLogger - Using platform encoding (Cp1252 actually) to copy filtered resources, i.e. build is platform dependent!
2025-08-25 10:08:29,265 [Worker-26: Building] INFO  o.e.m.c.i.embedder.EclipseLogger - Copying 0 resource
2025-08-25 10:08:29,265 [Worker-26: Building] WARN  o.e.m.c.i.embedder.EclipseLogger - Using platform encoding (Cp1252 actually) to copy filtered resources, i.e. build is platform dependent!
2025-08-25 10:08:29,266 [Worker-26: Building] INFO  o.e.m.c.i.embedder.EclipseLogger - skip non existing resourceDirectory C:\Users\Faisal\Desktop\Demo\servlet app\TestApp\src\test\resources
2025-08-25 10:08:40,188 [Worker-28: Building] WARN  o.e.m.c.i.embedder.EclipseLogger - Using platform encoding (Cp1252 actually) to copy filtered resources, i.e. build is platform dependent!
2025-08-25 10:08:40,190 [Worker-28: Building] INFO  o.e.m.c.i.embedder.EclipseLogger - Copying 0 resource
2025-08-25 10:08:40,191 [Worker-28: Building] WARN  o.e.m.c.i.embedder.EclipseLogger - Using platform encoding (Cp1252 actually) to copy filtered resources, i.e. build is platform dependent!
2025-08-25 10:08:40,192 [Worker-28: Building] INFO  o.e.m.c.i.embedder.EclipseLogger - skip non existing resourceDirectory C:\Users\Faisal\Desktop\Demo\servlet app\TestApp\src\test\resources
2025-08-25 10:08:58,029 [Worker-26: Building] WARN  o.e.m.c.i.embedder.EclipseLogger - Using platform encoding (Cp1252 actually) to copy filtered resources, i.e. build is platform dependent!
2025-08-25 10:08:58,030 [Worker-26: Building] INFO  o.e.m.c.i.embedder.EclipseLogger - Copying 0 resource
2025-08-25 10:08:58,031 [Worker-26: Building] WARN  o.e.m.c.i.embedder.EclipseLogger - Using platform encoding (Cp1252 actually) to copy filtered resources, i.e. build is platform dependent!
2025-08-25 10:08:58,032 [Worker-26: Building] INFO  o.e.m.c.i.embedder.EclipseLogger - skip non existing resourceDirectory C:\Users\Faisal\Desktop\Demo\servlet app\TestApp\src\test\resources
2025-08-25 10:09:01,768 [Worker-31: Building] WARN  o.e.m.c.i.embedder.EclipseLogger - Using platform encoding (Cp1252 actually) to copy filtered resources, i.e. build is platform dependent!
2025-08-25 10:09:01,769 [Worker-31: Building] INFO  o.e.m.c.i.embedder.EclipseLogger - Copying 0 resource
2025-08-25 10:09:01,771 [Worker-31: Building] WARN  o.e.m.c.i.embedder.EclipseLogger - Using platform encoding (Cp1252 actually) to copy filtered resources, i.e. build is platform dependent!
2025-08-25 10:09:01,771 [Worker-31: Building] INFO  o.e.m.c.i.embedder.EclipseLogger - skip non existing resourceDirectory C:\Users\Faisal\Desktop\Demo\servlet app\TestApp\src\test\resources
2025-08-25 10:13:07,185 [Worker-35: Building] WARN  o.e.m.c.i.embedder.EclipseLogger - Using platform encoding (Cp1252 actually) to copy filtered resources, i.e. build is platform dependent!
2025-08-25 10:13:07,187 [Worker-35: Building] INFO  o.e.m.c.i.embedder.EclipseLogger - Copying 0 resource
2025-08-25 10:13:07,188 [Worker-35: Building] WARN  o.e.m.c.i.embedder.EclipseLogger - Using platform encoding (Cp1252 actually) to copy filtered resources, i.e. build is platform dependent!
2025-08-25 10:13:07,189 [Worker-35: Building] INFO  o.e.m.c.i.embedder.EclipseLogger - skip non existing resourceDirectory C:\Users\Faisal\Desktop\Demo\servlet app\TestApp\src\test\resources
2025-08-25 16:35:58,478 [Worker-37: Building] WARN  o.e.m.c.i.embedder.EclipseLogger - Using platform encoding (Cp1252 actually) to copy filtered resources, i.e. build is platform dependent!
2025-08-25 16:35:58,481 [Worker-37: Building] INFO  o.e.m.c.i.embedder.EclipseLogger - Copying 0 resource
2025-08-25 16:35:58,481 [Worker-37: Building] WARN  o.e.m.c.i.embedder.EclipseLogger - Using platform encoding (Cp1252 actually) to copy filtered resources, i.e. build is platform dependent!
2025-08-25 16:35:58,483 [Worker-37: Building] INFO  o.e.m.c.i.embedder.EclipseLogger - skip non existing resourceDirectory C:\Users\Faisal\Desktop\Demo\servlet app\TestApp\src\test\resources
2025-08-25 16:36:41,118 [Worker-42: Building] WARN  o.e.m.c.i.embedder.EclipseLogger - Using platform encoding (Cp1252 actually) to copy filtered resources, i.e. build is platform dependent!
2025-08-25 16:36:41,120 [Worker-42: Building] INFO  o.e.m.c.i.embedder.EclipseLogger - Copying 0 resource
2025-08-25 16:36:41,122 [Worker-42: Building] WARN  o.e.m.c.i.embedder.EclipseLogger - Using platform encoding (Cp1252 actually) to copy filtered resources, i.e. build is platform dependent!
2025-08-25 16:36:41,123 [Worker-42: Building] INFO  o.e.m.c.i.embedder.EclipseLogger - skip non existing resourceDirectory C:\Users\Faisal\Desktop\Demo\servlet app\TestApp\src\test\resources
2025-08-25 16:36:51,864 [Worker-40: Building] WARN  o.e.m.c.i.embedder.EclipseLogger - Using platform encoding (Cp1252 actually) to copy filtered resources, i.e. build is platform dependent!
2025-08-25 16:36:51,867 [Worker-40: Building] INFO  o.e.m.c.i.embedder.EclipseLogger - Copying 0 resource
2025-08-25 16:36:51,870 [Worker-40: Building] WARN  o.e.m.c.i.embedder.EclipseLogger - Using platform encoding (Cp1252 actually) to copy filtered resources, i.e. build is platform dependent!
2025-08-25 16:36:51,872 [Worker-40: Building] INFO  o.e.m.c.i.embedder.EclipseLogger - skip non existing resourceDirectory C:\Users\Faisal\Desktop\Demo\servlet app\TestApp\src\test\resources
2025-08-25 16:37:23,695 [Worker-42: Building] WARN  o.e.m.c.i.embedder.EclipseLogger - Using platform encoding (Cp1252 actually) to copy filtered resources, i.e. build is platform dependent!
2025-08-25 16:37:23,697 [Worker-42: Building] INFO  o.e.m.c.i.embedder.EclipseLogger - Copying 0 resource
2025-08-25 16:37:23,699 [Worker-42: Building] WARN  o.e.m.c.i.embedder.EclipseLogger - Using platform encoding (Cp1252 actually) to copy filtered resources, i.e. build is platform dependent!
2025-08-25 16:37:23,700 [Worker-42: Building] INFO  o.e.m.c.i.embedder.EclipseLogger - skip non existing resourceDirectory C:\Users\Faisal\Desktop\Demo\servlet app\TestApp\src\test\resources
2025-08-25 16:39:36,611 [Worker-42: Building] WARN  o.e.m.c.i.embedder.EclipseLogger - Using platform encoding (Cp1252 actually) to copy filtered resources, i.e. build is platform dependent!
2025-08-25 16:39:36,613 [Worker-42: Building] INFO  o.e.m.c.i.embedder.EclipseLogger - Copying 0 resource
2025-08-25 16:39:36,615 [Worker-42: Building] WARN  o.e.m.c.i.embedder.EclipseLogger - Using platform encoding (Cp1252 actually) to copy filtered resources, i.e. build is platform dependent!
2025-08-25 16:39:36,616 [Worker-42: Building] INFO  o.e.m.c.i.embedder.EclipseLogger - skip non existing resourceDirectory C:\Users\Faisal\Desktop\Demo\servlet app\TestApp\src\test\resources
2025-08-25 16:40:04,813 [Worker-37: Building] WARN  o.e.m.c.i.embedder.EclipseLogger - Using platform encoding (Cp1252 actually) to copy filtered resources, i.e. build is platform dependent!
2025-08-25 16:40:04,815 [Worker-37: Building] INFO  o.e.m.c.i.embedder.EclipseLogger - Copying 0 resource
2025-08-25 16:40:04,817 [Worker-37: Building] WARN  o.e.m.c.i.embedder.EclipseLogger - Using platform encoding (Cp1252 actually) to copy filtered resources, i.e. build is platform dependent!
2025-08-25 16:40:04,818 [Worker-37: Building] INFO  o.e.m.c.i.embedder.EclipseLogger - skip non existing resourceDirectory C:\Users\Faisal\Desktop\Demo\servlet app\TestApp\src\test\resources
2025-08-25 16:40:29,421 [Worker-42: Building] WARN  o.e.m.c.i.embedder.EclipseLogger - Using platform encoding (Cp1252 actually) to copy filtered resources, i.e. build is platform dependent!
2025-08-25 16:40:29,423 [Worker-42: Building] INFO  o.e.m.c.i.embedder.EclipseLogger - Copying 0 resource
2025-08-25 16:40:29,424 [Worker-42: Building] WARN  o.e.m.c.i.embedder.EclipseLogger - Using platform encoding (Cp1252 actually) to copy filtered resources, i.e. build is platform dependent!
2025-08-25 16:40:29,426 [Worker-42: Building] INFO  o.e.m.c.i.embedder.EclipseLogger - skip non existing resourceDirectory C:\Users\Faisal\Desktop\Demo\servlet app\TestApp\src\test\resources
2025-08-25 16:40:39,381 [Worker-42: Building] WARN  o.e.m.c.i.embedder.EclipseLogger - Using platform encoding (Cp1252 actually) to copy filtered resources, i.e. build is platform dependent!
2025-08-25 16:40:39,383 [Worker-42: Building] INFO  o.e.m.c.i.embedder.EclipseLogger - Copying 0 resource
2025-08-25 16:40:39,389 [Worker-42: Building] WARN  o.e.m.c.i.embedder.EclipseLogger - Using platform encoding (Cp1252 actually) to copy filtered resources, i.e. build is platform dependent!
2025-08-25 16:40:39,391 [Worker-42: Building] INFO  o.e.m.c.i.embedder.EclipseLogger - skip non existing resourceDirectory C:\Users\Faisal\Desktop\Demo\servlet app\TestApp\src\test\resources
2025-08-25 16:49:34,813 [Worker-47: Building] WARN  o.e.m.c.i.embedder.EclipseLogger - Using platform encoding (Cp1252 actually) to copy filtered resources, i.e. build is platform dependent!
2025-08-25 16:49:34,816 [Worker-47: Building] INFO  o.e.m.c.i.embedder.EclipseLogger - Copying 0 resource
2025-08-25 16:49:34,818 [Worker-47: Building] WARN  o.e.m.c.i.embedder.EclipseLogger - Using platform encoding (Cp1252 actually) to copy filtered resources, i.e. build is platform dependent!
2025-08-25 16:49:34,819 [Worker-47: Building] INFO  o.e.m.c.i.embedder.EclipseLogger - skip non existing resourceDirectory C:\Users\Faisal\Desktop\Demo\servlet app\TestApp\src\test\resources
2025-08-25 16:50:29,064 [Worker-48: Building] WARN  o.e.m.c.i.embedder.EclipseLogger - Using platform encoding (Cp1252 actually) to copy filtered resources, i.e. build is platform dependent!
2025-08-25 16:50:29,066 [Worker-48: Building] INFO  o.e.m.c.i.embedder.EclipseLogger - Copying 0 resource
2025-08-25 16:50:29,068 [Worker-48: Building] WARN  o.e.m.c.i.embedder.EclipseLogger - Using platform encoding (Cp1252 actually) to copy filtered resources, i.e. build is platform dependent!
2025-08-25 16:50:29,069 [Worker-48: Building] INFO  o.e.m.c.i.embedder.EclipseLogger - skip non existing resourceDirectory C:\Users\Faisal\Desktop\Demo\servlet app\TestApp\src\test\resources
2025-08-25 16:50:49,629 [Worker-47: Building] WARN  o.e.m.c.i.embedder.EclipseLogger - Using platform encoding (Cp1252 actually) to copy filtered resources, i.e. build is platform dependent!
2025-08-25 16:50:49,633 [Worker-47: Building] INFO  o.e.m.c.i.embedder.EclipseLogger - Copying 0 resource
2025-08-25 16:50:49,635 [Worker-47: Building] WARN  o.e.m.c.i.embedder.EclipseLogger - Using platform encoding (Cp1252 actually) to copy filtered resources, i.e. build is platform dependent!
2025-08-25 16:50:49,637 [Worker-47: Building] INFO  o.e.m.c.i.embedder.EclipseLogger - skip non existing resourceDirectory C:\Users\Faisal\Desktop\Demo\servlet app\TestApp\src\test\resources
2025-08-25 16:51:19,280 [Worker-47: Building] WARN  o.e.m.c.i.embedder.EclipseLogger - Using platform encoding (Cp1252 actually) to copy filtered resources, i.e. build is platform dependent!
2025-08-25 16:51:19,284 [Worker-47: Building] INFO  o.e.m.c.i.embedder.EclipseLogger - Copying 0 resource
2025-08-25 16:51:19,285 [Worker-47: Building] WARN  o.e.m.c.i.embedder.EclipseLogger - Using platform encoding (Cp1252 actually) to copy filtered resources, i.e. build is platform dependent!
2025-08-25 16:51:19,286 [Worker-47: Building] INFO  o.e.m.c.i.embedder.EclipseLogger - skip non existing resourceDirectory C:\Users\Faisal\Desktop\Demo\servlet app\TestApp\src\test\resources
2025-08-25 16:51:54,177 [Worker-49: Building] WARN  o.e.m.c.i.embedder.EclipseLogger - Using platform encoding (Cp1252 actually) to copy filtered resources, i.e. build is platform dependent!
2025-08-25 16:51:54,179 [Worker-49: Building] INFO  o.e.m.c.i.embedder.EclipseLogger - Copying 0 resource
2025-08-25 16:51:54,182 [Worker-49: Building] WARN  o.e.m.c.i.embedder.EclipseLogger - Using platform encoding (Cp1252 actually) to copy filtered resources, i.e. build is platform dependent!
2025-08-25 16:51:54,182 [Worker-49: Building] INFO  o.e.m.c.i.embedder.EclipseLogger - skip non existing resourceDirectory C:\Users\Faisal\Desktop\Demo\servlet app\TestApp\src\test\resources
2025-08-25 16:55:21,976 [Worker-46: Building] WARN  o.e.m.c.i.embedder.EclipseLogger - Using platform encoding (Cp1252 actually) to copy filtered resources, i.e. build is platform dependent!
2025-08-25 16:55:21,979 [Worker-46: Building] INFO  o.e.m.c.i.embedder.EclipseLogger - Copying 0 resource
2025-08-25 16:55:21,980 [Worker-46: Building] WARN  o.e.m.c.i.embedder.EclipseLogger - Using platform encoding (Cp1252 actually) to copy filtered resources, i.e. build is platform dependent!
2025-08-25 16:55:21,981 [Worker-46: Building] INFO  o.e.m.c.i.embedder.EclipseLogger - skip non existing resourceDirectory C:\Users\Faisal\Desktop\Demo\servlet app\TestApp\src\test\resources
2025-08-25 16:56:02,341 [Worker-46: Building] WARN  o.e.m.c.i.embedder.EclipseLogger - Using platform encoding (Cp1252 actually) to copy filtered resources, i.e. build is platform dependent!
2025-08-25 16:56:02,343 [Worker-46: Building] INFO  o.e.m.c.i.embedder.EclipseLogger - Copying 0 resource
2025-08-25 16:56:02,344 [Worker-46: Building] WARN  o.e.m.c.i.embedder.EclipseLogger - Using platform encoding (Cp1252 actually) to copy filtered resources, i.e. build is platform dependent!
2025-08-25 16:56:02,346 [Worker-46: Building] INFO  o.e.m.c.i.embedder.EclipseLogger - skip non existing resourceDirectory C:\Users\Faisal\Desktop\Demo\servlet app\TestApp\src\test\resources
2025-08-25 16:58:10,836 [Worker-37: Building] WARN  o.e.m.c.i.embedder.EclipseLogger - Using platform encoding (Cp1252 actually) to copy filtered resources, i.e. build is platform dependent!
2025-08-25 16:58:10,839 [Worker-37: Building] INFO  o.e.m.c.i.embedder.EclipseLogger - Copying 0 resource
2025-08-25 16:58:10,842 [Worker-37: Building] WARN  o.e.m.c.i.embedder.EclipseLogger - Using platform encoding (Cp1252 actually) to copy filtered resources, i.e. build is platform dependent!
2025-08-25 16:58:10,844 [Worker-37: Building] INFO  o.e.m.c.i.embedder.EclipseLogger - skip non existing resourceDirectory C:\Users\Faisal\Desktop\Demo\servlet app\TestApp\src\test\resources
2025-08-25 16:58:16,801 [Worker-37: Building] WARN  o.e.m.c.i.embedder.EclipseLogger - Using platform encoding (Cp1252 actually) to copy filtered resources, i.e. build is platform dependent!
2025-08-25 16:58:16,803 [Worker-37: Building] INFO  o.e.m.c.i.embedder.EclipseLogger - Copying 0 resource
2025-08-25 16:58:16,804 [Worker-37: Building] WARN  o.e.m.c.i.embedder.EclipseLogger - Using platform encoding (Cp1252 actually) to copy filtered resources, i.e. build is platform dependent!
2025-08-25 16:58:16,805 [Worker-37: Building] INFO  o.e.m.c.i.embedder.EclipseLogger - skip non existing resourceDirectory C:\Users\Faisal\Desktop\Demo\servlet app\TestApp\src\test\resources
2025-08-25 16:58:36,118 [Worker-53: Building] WARN  o.e.m.c.i.embedder.EclipseLogger - Using platform encoding (Cp1252 actually) to copy filtered resources, i.e. build is platform dependent!
2025-08-25 16:58:36,120 [Worker-53: Building] INFO  o.e.m.c.i.embedder.EclipseLogger - Copying 0 resource
2025-08-25 16:58:36,121 [Worker-53: Building] WARN  o.e.m.c.i.embedder.EclipseLogger - Using platform encoding (Cp1252 actually) to copy filtered resources, i.e. build is platform dependent!
2025-08-25 16:58:36,123 [Worker-53: Building] INFO  o.e.m.c.i.embedder.EclipseLogger - skip non existing resourceDirectory C:\Users\Faisal\Desktop\Demo\servlet app\TestApp\src\test\resources
2025-08-25 16:58:46,602 [Worker-52: Building] WARN  o.e.m.c.i.embedder.EclipseLogger - Using platform encoding (Cp1252 actually) to copy filtered resources, i.e. build is platform dependent!
2025-08-25 16:58:46,604 [Worker-52: Building] INFO  o.e.m.c.i.embedder.EclipseLogger - Copying 0 resource
2025-08-25 16:58:46,606 [Worker-52: Building] WARN  o.e.m.c.i.embedder.EclipseLogger - Using platform encoding (Cp1252 actually) to copy filtered resources, i.e. build is platform dependent!
2025-08-25 16:58:46,607 [Worker-52: Building] INFO  o.e.m.c.i.embedder.EclipseLogger - skip non existing resourceDirectory C:\Users\Faisal\Desktop\Demo\servlet app\TestApp\src\test\resources
2025-08-25 16:58:57,878 [Worker-52: Building] WARN  o.e.m.c.i.embedder.EclipseLogger - Using platform encoding (Cp1252 actually) to copy filtered resources, i.e. build is platform dependent!
2025-08-25 16:58:57,880 [Worker-52: Building] INFO  o.e.m.c.i.embedder.EclipseLogger - Copying 0 resource
2025-08-25 16:58:57,881 [Worker-52: Building] WARN  o.e.m.c.i.embedder.EclipseLogger - Using platform encoding (Cp1252 actually) to copy filtered resources, i.e. build is platform dependent!
2025-08-25 16:58:57,882 [Worker-52: Building] INFO  o.e.m.c.i.embedder.EclipseLogger - skip non existing resourceDirectory C:\Users\Faisal\Desktop\Demo\servlet app\TestApp\src\test\resources
2025-08-25 16:59:26,326 [Worker-52: Building] WARN  o.e.m.c.i.embedder.EclipseLogger - Using platform encoding (Cp1252 actually) to copy filtered resources, i.e. build is platform dependent!
2025-08-25 16:59:26,329 [Worker-52: Building] INFO  o.e.m.c.i.embedder.EclipseLogger - Copying 0 resource
2025-08-25 16:59:26,331 [Worker-52: Building] WARN  o.e.m.c.i.embedder.EclipseLogger - Using platform encoding (Cp1252 actually) to copy filtered resources, i.e. build is platform dependent!
2025-08-25 16:59:26,333 [Worker-52: Building] INFO  o.e.m.c.i.embedder.EclipseLogger - skip non existing resourceDirectory C:\Users\Faisal\Desktop\Demo\servlet app\TestApp\src\test\resources
2025-08-25 17:00:26,188 [Worker-48: Building] WARN  o.e.m.c.i.embedder.EclipseLogger - Using platform encoding (Cp1252 actually) to copy filtered resources, i.e. build is platform dependent!
2025-08-25 17:00:26,190 [Worker-48: Building] INFO  o.e.m.c.i.embedder.EclipseLogger - Copying 0 resource
2025-08-25 17:00:26,191 [Worker-48: Building] WARN  o.e.m.c.i.embedder.EclipseLogger - Using platform encoding (Cp1252 actually) to copy filtered resources, i.e. build is platform dependent!
2025-08-25 17:00:26,193 [Worker-48: Building] INFO  o.e.m.c.i.embedder.EclipseLogger - skip non existing resourceDirectory C:\Users\Faisal\Desktop\Demo\servlet app\TestApp\src\test\resources
2025-08-25 17:01:00,157 [Worker-48: Building] WARN  o.e.m.c.i.embedder.EclipseLogger - Using platform encoding (Cp1252 actually) to copy filtered resources, i.e. build is platform dependent!
2025-08-25 17:01:00,161 [Worker-48: Building] INFO  o.e.m.c.i.embedder.EclipseLogger - Copying 0 resource
2025-08-25 17:01:00,162 [Worker-48: Building] WARN  o.e.m.c.i.embedder.EclipseLogger - Using platform encoding (Cp1252 actually) to copy filtered resources, i.e. build is platform dependent!
2025-08-25 17:01:00,164 [Worker-48: Building] INFO  o.e.m.c.i.embedder.EclipseLogger - skip non existing resourceDirectory C:\Users\Faisal\Desktop\Demo\servlet app\TestApp\src\test\resources
2025-08-25 17:06:06,516 [Worker-58: Building] WARN  o.e.m.c.i.embedder.EclipseLogger - Using platform encoding (Cp1252 actually) to copy filtered resources, i.e. build is platform dependent!
2025-08-25 17:06:06,519 [Worker-58: Building] INFO  o.e.m.c.i.embedder.EclipseLogger - Copying 0 resource
2025-08-25 17:06:06,520 [Worker-58: Building] WARN  o.e.m.c.i.embedder.EclipseLogger - Using platform encoding (Cp1252 actually) to copy filtered resources, i.e. build is platform dependent!
2025-08-25 17:06:06,521 [Worker-58: Building] INFO  o.e.m.c.i.embedder.EclipseLogger - skip non existing resourceDirectory C:\Users\Faisal\Desktop\Demo\servlet app\TestApp\src\test\resources
2025-08-25 17:06:43,433 [Worker-58: Building] WARN  o.e.m.c.i.embedder.EclipseLogger - Using platform encoding (Cp1252 actually) to copy filtered resources, i.e. build is platform dependent!
2025-08-25 17:06:43,435 [Worker-58: Building] INFO  o.e.m.c.i.embedder.EclipseLogger - Copying 0 resource
2025-08-25 17:06:43,437 [Worker-58: Building] WARN  o.e.m.c.i.embedder.EclipseLogger - Using platform encoding (Cp1252 actually) to copy filtered resources, i.e. build is platform dependent!
2025-08-25 17:06:43,439 [Worker-58: Building] INFO  o.e.m.c.i.embedder.EclipseLogger - skip non existing resourceDirectory C:\Users\Faisal\Desktop\Demo\servlet app\TestApp\src\test\resources
2025-08-25 17:07:16,660 [Worker-57: Building] WARN  o.e.m.c.i.embedder.EclipseLogger - Using platform encoding (Cp1252 actually) to copy filtered resources, i.e. build is platform dependent!
2025-08-25 17:07:16,662 [Worker-57: Building] INFO  o.e.m.c.i.embedder.EclipseLogger - Copying 0 resource
2025-08-25 17:07:16,664 [Worker-57: Building] WARN  o.e.m.c.i.embedder.EclipseLogger - Using platform encoding (Cp1252 actually) to copy filtered resources, i.e. build is platform dependent!
2025-08-25 17:07:16,665 [Worker-57: Building] INFO  o.e.m.c.i.embedder.EclipseLogger - skip non existing resourceDirectory C:\Users\Faisal\Desktop\Demo\servlet app\TestApp\src\test\resources
2025-08-25 17:07:31,549 [Worker-55: Building] WARN  o.e.m.c.i.embedder.EclipseLogger - Using platform encoding (Cp1252 actually) to copy filtered resources, i.e. build is platform dependent!
2025-08-25 17:07:31,551 [Worker-55: Building] INFO  o.e.m.c.i.embedder.EclipseLogger - Copying 0 resource
2025-08-25 17:07:31,553 [Worker-55: Building] WARN  o.e.m.c.i.embedder.EclipseLogger - Using platform encoding (Cp1252 actually) to copy filtered resources, i.e. build is platform dependent!
2025-08-25 17:07:31,554 [Worker-55: Building] INFO  o.e.m.c.i.embedder.EclipseLogger - skip non existing resourceDirectory C:\Users\Faisal\Desktop\Demo\servlet app\TestApp\src\test\resources
2025-08-25 17:09:47,134 [Worker-59: Building] WARN  o.e.m.c.i.embedder.EclipseLogger - Using platform encoding (Cp1252 actually) to copy filtered resources, i.e. build is platform dependent!
2025-08-25 17:09:47,136 [Worker-59: Building] INFO  o.e.m.c.i.embedder.EclipseLogger - Copying 0 resource
2025-08-25 17:09:47,138 [Worker-59: Building] WARN  o.e.m.c.i.embedder.EclipseLogger - Using platform encoding (Cp1252 actually) to copy filtered resources, i.e. build is platform dependent!
2025-08-25 17:09:47,139 [Worker-59: Building] INFO  o.e.m.c.i.embedder.EclipseLogger - skip non existing resourceDirectory C:\Users\Faisal\Desktop\Demo\servlet app\TestApp\src\test\resources
2025-08-25 17:09:55,573 [Worker-59: Building] WARN  o.e.m.c.i.embedder.EclipseLogger - Using platform encoding (Cp1252 actually) to copy filtered resources, i.e. build is platform dependent!
2025-08-25 17:09:55,576 [Worker-59: Building] INFO  o.e.m.c.i.embedder.EclipseLogger - Copying 0 resource
2025-08-25 17:09:55,578 [Worker-59: Building] WARN  o.e.m.c.i.embedder.EclipseLogger - Using platform encoding (Cp1252 actually) to copy filtered resources, i.e. build is platform dependent!
2025-08-25 17:09:55,579 [Worker-59: Building] INFO  o.e.m.c.i.embedder.EclipseLogger - skip non existing resourceDirectory C:\Users\Faisal\Desktop\Demo\servlet app\TestApp\src\test\resources
2025-08-25 17:10:20,577 [Worker-56: Building] WARN  o.e.m.c.i.embedder.EclipseLogger - Using platform encoding (Cp1252 actually) to copy filtered resources, i.e. build is platform dependent!
2025-08-25 17:10:20,579 [Worker-56: Building] INFO  o.e.m.c.i.embedder.EclipseLogger - Copying 0 resource
2025-08-25 17:10:20,581 [Worker-56: Building] WARN  o.e.m.c.i.embedder.EclipseLogger - Using platform encoding (Cp1252 actually) to copy filtered resources, i.e. build is platform dependent!
2025-08-25 17:10:20,583 [Worker-56: Building] INFO  o.e.m.c.i.embedder.EclipseLogger - skip non existing resourceDirectory C:\Users\Faisal\Desktop\Demo\servlet app\TestApp\src\test\resources
2025-08-25 17:10:36,935 [Worker-62: Building] WARN  o.e.m.c.i.embedder.EclipseLogger - Using platform encoding (Cp1252 actually) to copy filtered resources, i.e. build is platform dependent!
2025-08-25 17:10:36,937 [Worker-62: Building] INFO  o.e.m.c.i.embedder.EclipseLogger - Copying 0 resource
2025-08-25 17:10:36,938 [Worker-62: Building] WARN  o.e.m.c.i.embedder.EclipseLogger - Using platform encoding (Cp1252 actually) to copy filtered resources, i.e. build is platform dependent!
2025-08-25 17:10:36,940 [Worker-62: Building] INFO  o.e.m.c.i.embedder.EclipseLogger - skip non existing resourceDirectory C:\Users\Faisal\Desktop\Demo\servlet app\TestApp\src\test\resources
2025-08-25 17:11:26,506 [Worker-59: Building] WARN  o.e.m.c.i.embedder.EclipseLogger - Using platform encoding (Cp1252 actually) to copy filtered resources, i.e. build is platform dependent!
2025-08-25 17:11:26,509 [Worker-59: Building] INFO  o.e.m.c.i.embedder.EclipseLogger - Copying 0 resource
2025-08-25 17:11:26,510 [Worker-59: Building] WARN  o.e.m.c.i.embedder.EclipseLogger - Using platform encoding (Cp1252 actually) to copy filtered resources, i.e. build is platform dependent!
2025-08-25 17:11:26,511 [Worker-59: Building] INFO  o.e.m.c.i.embedder.EclipseLogger - skip non existing resourceDirectory C:\Users\Faisal\Desktop\Demo\servlet app\TestApp\src\test\resources
2025-08-25 17:11:33,161 [Worker-59: Building] WARN  o.e.m.c.i.embedder.EclipseLogger - Using platform encoding (Cp1252 actually) to copy filtered resources, i.e. build is platform dependent!
2025-08-25 17:11:33,164 [Worker-59: Building] INFO  o.e.m.c.i.embedder.EclipseLogger - Copying 0 resource
2025-08-25 17:11:33,166 [Worker-59: Building] WARN  o.e.m.c.i.embedder.EclipseLogger - Using platform encoding (Cp1252 actually) to copy filtered resources, i.e. build is platform dependent!
2025-08-25 17:11:33,168 [Worker-59: Building] INFO  o.e.m.c.i.embedder.EclipseLogger - skip non existing resourceDirectory C:\Users\Faisal\Desktop\Demo\servlet app\TestApp\src\test\resources
2025-08-25 17:12:41,936 [Worker-56: Building] WARN  o.e.m.c.i.embedder.EclipseLogger - Using platform encoding (Cp1252 actually) to copy filtered resources, i.e. build is platform dependent!
2025-08-25 17:12:41,938 [Worker-56: Building] INFO  o.e.m.c.i.embedder.EclipseLogger - Copying 0 resource
2025-08-25 17:12:41,939 [Worker-56: Building] WARN  o.e.m.c.i.embedder.EclipseLogger - Using platform encoding (Cp1252 actually) to copy filtered resources, i.e. build is platform dependent!
2025-08-25 17:12:41,940 [Worker-56: Building] INFO  o.e.m.c.i.embedder.EclipseLogger - skip non existing resourceDirectory C:\Users\Faisal\Desktop\Demo\servlet app\TestApp\src\test\resources
2025-08-25 17:13:33,338 [Worker-59: Building] WARN  o.e.m.c.i.embedder.EclipseLogger - Using platform encoding (Cp1252 actually) to copy filtered resources, i.e. build is platform dependent!
2025-08-25 17:13:33,340 [Worker-59: Building] INFO  o.e.m.c.i.embedder.EclipseLogger - Copying 0 resource
2025-08-25 17:13:33,342 [Worker-59: Building] WARN  o.e.m.c.i.embedder.EclipseLogger - Using platform encoding (Cp1252 actually) to copy filtered resources, i.e. build is platform dependent!
2025-08-25 17:13:33,343 [Worker-59: Building] INFO  o.e.m.c.i.embedder.EclipseLogger - skip non existing resourceDirectory C:\Users\Faisal\Desktop\Demo\servlet app\TestApp\src\test\resources
2025-08-25 17:15:56,370 [Worker-62: Building] WARN  o.e.m.c.i.embedder.EclipseLogger - Using platform encoding (Cp1252 actually) to copy filtered resources, i.e. build is platform dependent!
2025-08-25 17:15:56,373 [Worker-62: Building] INFO  o.e.m.c.i.embedder.EclipseLogger - Copying 0 resource
2025-08-25 17:15:56,375 [Worker-62: Building] WARN  o.e.m.c.i.embedder.EclipseLogger - Using platform encoding (Cp1252 actually) to copy filtered resources, i.e. build is platform dependent!
2025-08-25 17:15:56,377 [Worker-62: Building] INFO  o.e.m.c.i.embedder.EclipseLogger - skip non existing resourceDirectory C:\Users\Faisal\Desktop\Demo\servlet app\TestApp\src\test\resources
2025-08-25 17:18:03,400 [Worker-57: Building] WARN  o.e.m.c.i.embedder.EclipseLogger - Using platform encoding (Cp1252 actually) to copy filtered resources, i.e. build is platform dependent!
2025-08-25 17:18:03,402 [Worker-57: Building] INFO  o.e.m.c.i.embedder.EclipseLogger - Copying 0 resource
2025-08-25 17:18:03,403 [Worker-57: Building] WARN  o.e.m.c.i.embedder.EclipseLogger - Using platform encoding (Cp1252 actually) to copy filtered resources, i.e. build is platform dependent!
2025-08-25 17:18:03,405 [Worker-57: Building] INFO  o.e.m.c.i.embedder.EclipseLogger - skip non existing resourceDirectory C:\Users\Faisal\Desktop\Demo\servlet app\TestApp\src\test\resources
2025-08-25 17:18:08,685 [Worker-64: Building] WARN  o.e.m.c.i.embedder.EclipseLogger - Using platform encoding (Cp1252 actually) to copy filtered resources, i.e. build is platform dependent!
2025-08-25 17:18:08,688 [Worker-64: Building] INFO  o.e.m.c.i.embedder.EclipseLogger - Copying 0 resource
2025-08-25 17:18:08,689 [Worker-64: Building] WARN  o.e.m.c.i.embedder.EclipseLogger - Using platform encoding (Cp1252 actually) to copy filtered resources, i.e. build is platform dependent!
2025-08-25 17:18:08,691 [Worker-64: Building] INFO  o.e.m.c.i.embedder.EclipseLogger - skip non existing resourceDirectory C:\Users\Faisal\Desktop\Demo\servlet app\TestApp\src\test\resources
2025-08-25 17:19:54,959 [Worker-61: Building] WARN  o.e.m.c.i.embedder.EclipseLogger - Using platform encoding (Cp1252 actually) to copy filtered resources, i.e. build is platform dependent!
2025-08-25 17:19:54,963 [Worker-61: Building] INFO  o.e.m.c.i.embedder.EclipseLogger - Copying 0 resource
2025-08-25 17:19:54,965 [Worker-61: Building] WARN  o.e.m.c.i.embedder.EclipseLogger - Using platform encoding (Cp1252 actually) to copy filtered resources, i.e. build is platform dependent!
2025-08-25 17:19:54,967 [Worker-61: Building] INFO  o.e.m.c.i.embedder.EclipseLogger - skip non existing resourceDirectory C:\Users\Faisal\Desktop\Demo\servlet app\TestApp\src\test\resources
2025-08-25 17:20:04,578 [Worker-57: Building] WARN  o.e.m.c.i.embedder.EclipseLogger - Using platform encoding (Cp1252 actually) to copy filtered resources, i.e. build is platform dependent!
2025-08-25 17:20:04,580 [Worker-57: Building] INFO  o.e.m.c.i.embedder.EclipseLogger - Copying 0 resource
2025-08-25 17:20:04,581 [Worker-57: Building] WARN  o.e.m.c.i.embedder.EclipseLogger - Using platform encoding (Cp1252 actually) to copy filtered resources, i.e. build is platform dependent!
2025-08-25 17:20:04,582 [Worker-57: Building] INFO  o.e.m.c.i.embedder.EclipseLogger - skip non existing resourceDirectory C:\Users\Faisal\Desktop\Demo\servlet app\TestApp\src\test\resources
2025-08-25 17:22:45,648 [Worker-66: Building] WARN  o.e.m.c.i.embedder.EclipseLogger - Using platform encoding (Cp1252 actually) to copy filtered resources, i.e. build is platform dependent!
2025-08-25 17:22:45,652 [Worker-66: Building] INFO  o.e.m.c.i.embedder.EclipseLogger - Copying 0 resource
2025-08-25 17:22:45,653 [Worker-66: Building] WARN  o.e.m.c.i.embedder.EclipseLogger - Using platform encoding (Cp1252 actually) to copy filtered resources, i.e. build is platform dependent!
2025-08-25 17:22:45,654 [Worker-66: Building] INFO  o.e.m.c.i.embedder.EclipseLogger - skip non existing resourceDirectory C:\Users\Faisal\Desktop\Demo\servlet app\TestApp\src\test\resources
2025-08-25 17:23:59,470 [Worker-68: Building] WARN  o.e.m.c.i.embedder.EclipseLogger - Using platform encoding (Cp1252 actually) to copy filtered resources, i.e. build is platform dependent!
2025-08-25 17:23:59,472 [Worker-68: Building] INFO  o.e.m.c.i.embedder.EclipseLogger - Copying 0 resource
2025-08-25 17:23:59,474 [Worker-68: Building] WARN  o.e.m.c.i.embedder.EclipseLogger - Using platform encoding (Cp1252 actually) to copy filtered resources, i.e. build is platform dependent!
2025-08-25 17:23:59,475 [Worker-68: Building] INFO  o.e.m.c.i.embedder.EclipseLogger - skip non existing resourceDirectory C:\Users\Faisal\Desktop\Demo\servlet app\TestApp\src\test\resources
2025-08-25 17:24:04,267 [Worker-57: Building] WARN  o.e.m.c.i.embedder.EclipseLogger - Using platform encoding (Cp1252 actually) to copy filtered resources, i.e. build is platform dependent!
2025-08-25 17:24:04,269 [Worker-57: Building] INFO  o.e.m.c.i.embedder.EclipseLogger - Copying 0 resource
2025-08-25 17:24:04,270 [Worker-57: Building] WARN  o.e.m.c.i.embedder.EclipseLogger - Using platform encoding (Cp1252 actually) to copy filtered resources, i.e. build is platform dependent!
2025-08-25 17:24:04,270 [Worker-57: Building] INFO  o.e.m.c.i.embedder.EclipseLogger - skip non existing resourceDirectory C:\Users\Faisal\Desktop\Demo\servlet app\TestApp\src\test\resources
2025-08-25 17:28:00,499 [Worker-68: Building] WARN  o.e.m.c.i.embedder.EclipseLogger - Using platform encoding (Cp1252 actually) to copy filtered resources, i.e. build is platform dependent!
2025-08-25 17:28:00,501 [Worker-68: Building] INFO  o.e.m.c.i.embedder.EclipseLogger - Copying 0 resource
2025-08-25 17:28:00,502 [Worker-68: Building] WARN  o.e.m.c.i.embedder.EclipseLogger - Using platform encoding (Cp1252 actually) to copy filtered resources, i.e. build is platform dependent!
2025-08-25 17:28:00,503 [Worker-68: Building] INFO  o.e.m.c.i.embedder.EclipseLogger - skip non existing resourceDirectory C:\Users\Faisal\Desktop\Demo\servlet app\TestApp\src\test\resources
2025-08-26 11:16:17,303 [Worker-5: Loading available Gradle versions] INFO  o.e.b.c.i.u.g.PublishedGradleVersions - Gradle version information cache is out-of-date. Trying to update.
2025-08-26 12:18:47,598 [Worker-32: Building] WARN  o.e.m.c.i.embedder.EclipseLogger - Using platform encoding (Cp1252 actually) to copy filtered resources, i.e. build is platform dependent!
2025-08-26 12:18:47,630 [Worker-32: Building] INFO  o.e.m.c.i.embedder.EclipseLogger - Copying 0 resource
2025-08-26 12:18:47,633 [Worker-32: Building] WARN  o.e.m.c.i.embedder.EclipseLogger - Using platform encoding (Cp1252 actually) to copy filtered resources, i.e. build is platform dependent!
2025-08-26 12:18:47,634 [Worker-32: Building] INFO  o.e.m.c.i.embedder.EclipseLogger - skip non existing resourceDirectory C:\Users\Faisal\Desktop\Demo\servlet app\TestApp\src\test\resources
2025-08-26 12:18:48,556 [Worker-35: Building] WARN  o.e.m.c.i.embedder.EclipseLogger - Using platform encoding (Cp1252 actually) to copy filtered resources, i.e. build is platform dependent!
2025-08-26 12:18:48,568 [Worker-35: Building] INFO  o.e.m.c.i.embedder.EclipseLogger - Copying 0 resource
2025-08-26 12:18:48,570 [Worker-35: Building] WARN  o.e.m.c.i.embedder.EclipseLogger - Using platform encoding (Cp1252 actually) to copy filtered resources, i.e. build is platform dependent!
2025-08-26 12:18:48,571 [Worker-35: Building] INFO  o.e.m.c.i.embedder.EclipseLogger - skip non existing resourceDirectory C:\Users\Faisal\Desktop\Demo\servlet app\TestApp\src\test\resources
2025-08-26 12:18:49,919 [Worker-35: Building] WARN  o.e.m.c.i.embedder.EclipseLogger - Using platform encoding (Cp1252 actually) to copy filtered resources, i.e. build is platform dependent!
2025-08-26 12:18:49,920 [Worker-35: Building] INFO  o.e.m.c.i.embedder.EclipseLogger - Copying 0 resource
2025-08-26 12:18:49,922 [Worker-35: Building] WARN  o.e.m.c.i.embedder.EclipseLogger - Using platform encoding (Cp1252 actually) to copy filtered resources, i.e. build is platform dependent!
2025-08-26 12:18:49,923 [Worker-35: Building] INFO  o.e.m.c.i.embedder.EclipseLogger - skip non existing resourceDirectory C:\Users\Faisal\Desktop\Demo\servlet app\TestApp\src\test\resources
2025-08-26 12:19:18,109 [Worker-32: Building] WARN  o.e.m.c.i.embedder.EclipseLogger - Using platform encoding (Cp1252 actually) to copy filtered resources, i.e. build is platform dependent!
2025-08-26 12:19:18,111 [Worker-32: Building] INFO  o.e.m.c.i.embedder.EclipseLogger - Copying 0 resource
2025-08-26 12:19:18,113 [Worker-32: Building] WARN  o.e.m.c.i.embedder.EclipseLogger - Using platform encoding (Cp1252 actually) to copy filtered resources, i.e. build is platform dependent!
2025-08-26 12:19:18,115 [Worker-32: Building] INFO  o.e.m.c.i.embedder.EclipseLogger - skip non existing resourceDirectory C:\Users\Faisal\Desktop\Demo\servlet app\TestApp\src\test\resources
2025-08-26 12:22:47,222 [Worker-41: Building] WARN  o.e.m.c.i.embedder.EclipseLogger - Using platform encoding (Cp1252 actually) to copy filtered resources, i.e. build is platform dependent!
2025-08-26 12:22:47,225 [Worker-41: Building] INFO  o.e.m.c.i.embedder.EclipseLogger - Copying 0 resource
2025-08-26 12:22:47,227 [Worker-41: Building] WARN  o.e.m.c.i.embedder.EclipseLogger - Using platform encoding (Cp1252 actually) to copy filtered resources, i.e. build is platform dependent!
2025-08-26 12:22:47,228 [Worker-41: Building] INFO  o.e.m.c.i.embedder.EclipseLogger - skip non existing resourceDirectory C:\Users\Faisal\Desktop\Demo\servlet app\TestApp\src\test\resources
2025-08-26 12:22:55,779 [Worker-37: Building] WARN  o.e.m.c.i.embedder.EclipseLogger - Using platform encoding (Cp1252 actually) to copy filtered resources, i.e. build is platform dependent!
2025-08-26 12:22:55,781 [Worker-37: Building] INFO  o.e.m.c.i.embedder.EclipseLogger - Copying 0 resource
2025-08-26 12:22:55,783 [Worker-37: Building] WARN  o.e.m.c.i.embedder.EclipseLogger - Using platform encoding (Cp1252 actually) to copy filtered resources, i.e. build is platform dependent!
2025-08-26 12:22:55,784 [Worker-37: Building] INFO  o.e.m.c.i.embedder.EclipseLogger - skip non existing resourceDirectory C:\Users\Faisal\Desktop\Demo\servlet app\TestApp\src\test\resources
2025-08-26 12:40:34,375 [Worker-55: Building] WARN  o.e.m.c.i.embedder.EclipseLogger - Using platform encoding (Cp1252 actually) to copy filtered resources, i.e. build is platform dependent!
2025-08-26 12:40:34,377 [Worker-55: Building] INFO  o.e.m.c.i.embedder.EclipseLogger - Copying 0 resource
2025-08-26 12:40:34,379 [Worker-55: Building] WARN  o.e.m.c.i.embedder.EclipseLogger - Using platform encoding (Cp1252 actually) to copy filtered resources, i.e. build is platform dependent!
2025-08-26 12:40:34,380 [Worker-55: Building] INFO  o.e.m.c.i.embedder.EclipseLogger - skip non existing resourceDirectory C:\Users\Faisal\Desktop\Demo\servlet app\TestApp\src\test\resources
2025-08-26 12:40:48,536 [Worker-52: Building] WARN  o.e.m.c.i.embedder.EclipseLogger - Using platform encoding (Cp1252 actually) to copy filtered resources, i.e. build is platform dependent!
2025-08-26 12:40:48,537 [Worker-52: Building] INFO  o.e.m.c.i.embedder.EclipseLogger - Copying 0 resource
2025-08-26 12:40:48,540 [Worker-52: Building] WARN  o.e.m.c.i.embedder.EclipseLogger - Using platform encoding (Cp1252 actually) to copy filtered resources, i.e. build is platform dependent!
2025-08-26 12:40:48,541 [Worker-52: Building] INFO  o.e.m.c.i.embedder.EclipseLogger - skip non existing resourceDirectory C:\Users\Faisal\Desktop\Demo\servlet app\TestApp\src\test\resources
2025-08-26 12:40:57,269 [Worker-43: Building] WARN  o.e.m.c.i.embedder.EclipseLogger - Using platform encoding (Cp1252 actually) to copy filtered resources, i.e. build is platform dependent!
2025-08-26 12:40:57,272 [Worker-43: Building] INFO  o.e.m.c.i.embedder.EclipseLogger - Copying 0 resource
2025-08-26 12:40:57,273 [Worker-43: Building] WARN  o.e.m.c.i.embedder.EclipseLogger - Using platform encoding (Cp1252 actually) to copy filtered resources, i.e. build is platform dependent!
2025-08-26 12:40:57,275 [Worker-43: Building] INFO  o.e.m.c.i.embedder.EclipseLogger - skip non existing resourceDirectory C:\Users\Faisal\Desktop\Demo\servlet app\TestApp\src\test\resources
2025-08-26 12:47:48,758 [Worker-61: Building] INFO  o.e.m.c.i.l.LifecycleMappingFactory - Using org.maven.ide.eclipse.wtp.WarLifecycleMapping lifecycle mapping for MavenProject: com.pli:TestApp:0.0.1-SNAPSHOT @ C:\Users\Faisal\Desktop\Demo\servlet app\TestApp\pom.xml.
2025-08-26 12:47:49,803 [Worker-61: Building] WARN  o.e.m.c.i.embedder.EclipseLogger - Using platform encoding (Cp1252 actually) to copy filtered resources, i.e. build is platform dependent!
2025-08-26 12:47:49,804 [Worker-61: Building] INFO  o.e.m.c.i.embedder.EclipseLogger - Copying 0 resource
2025-08-26 12:47:49,806 [Worker-61: Building] WARN  o.e.m.c.i.embedder.EclipseLogger - Using platform encoding (Cp1252 actually) to copy filtered resources, i.e. build is platform dependent!
2025-08-26 12:47:49,807 [Worker-61: Building] INFO  o.e.m.c.i.embedder.EclipseLogger - skip non existing resourceDirectory C:\Users\Faisal\Desktop\Demo\servlet app\TestApp\src\test\resources
2025-08-26 12:47:50,452 [Worker-55: Updating Maven Dependencies] INFO  o.e.m.c.i.l.LifecycleMappingFactory - Using org.maven.ide.eclipse.wtp.WarLifecycleMapping lifecycle mapping for MavenProject: com.pli:TestApp:0.0.1-SNAPSHOT @ C:\Users\Faisal\Desktop\Demo\servlet app\TestApp\pom.xml.
2025-08-26 12:47:50,940 [Worker-58: Building] WARN  o.e.m.c.i.embedder.EclipseLogger - Using platform encoding (Cp1252 actually) to copy filtered resources, i.e. build is platform dependent!
2025-08-26 12:47:50,942 [Worker-58: Building] INFO  o.e.m.c.i.embedder.EclipseLogger - Copying 0 resource
2025-08-26 12:47:50,946 [Worker-58: Building] WARN  o.e.m.c.i.embedder.EclipseLogger - Using platform encoding (Cp1252 actually) to copy filtered resources, i.e. build is platform dependent!
2025-08-26 12:47:50,947 [Worker-58: Building] INFO  o.e.m.c.i.embedder.EclipseLogger - skip non existing resourceDirectory C:\Users\Faisal\Desktop\Demo\servlet app\TestApp\src\test\resources
2025-08-26 16:44:28,600 [Worker-3: Loading available Gradle versions] INFO  o.e.b.c.i.u.g.PublishedGradleVersions - Gradle version information cache is up-to-date. Trying to read.
2025-08-26 16:44:40,941 [Worker-5: Building] WARN  o.e.m.c.i.embedder.EclipseLogger - Using platform encoding (Cp1252 actually) to copy filtered resources, i.e. build is platform dependent!
2025-08-26 16:44:40,958 [Worker-5: Building] INFO  o.e.m.c.i.embedder.EclipseLogger - Copying 0 resource
2025-08-26 16:44:40,965 [Worker-5: Building] WARN  o.e.m.c.i.embedder.EclipseLogger - Using platform encoding (Cp1252 actually) to copy filtered resources, i.e. build is platform dependent!
2025-08-26 16:44:40,968 [Worker-5: Building] INFO  o.e.m.c.i.embedder.EclipseLogger - skip non existing resourceDirectory C:\Users\Faisal\Desktop\Demo\servlet app\TestApp\src\test\resources
2025-08-26 16:44:46,872 [Worker-4: Building] WARN  o.e.m.c.i.embedder.EclipseLogger - Using platform encoding (Cp1252 actually) to copy filtered resources, i.e. build is platform dependent!
2025-08-26 16:44:46,876 [Worker-4: Building] INFO  o.e.m.c.i.embedder.EclipseLogger - Copying 0 resource
2025-08-26 16:44:46,879 [Worker-4: Building] WARN  o.e.m.c.i.embedder.EclipseLogger - Using platform encoding (Cp1252 actually) to copy filtered resources, i.e. build is platform dependent!
2025-08-26 16:44:46,882 [Worker-4: Building] INFO  o.e.m.c.i.embedder.EclipseLogger - skip non existing resourceDirectory C:\Users\Faisal\Desktop\Demo\servlet app\TestApp\src\test\resources
2025-08-26 17:00:38,131 [Worker-6: Loading available Gradle versions] INFO  o.e.b.c.i.u.g.PublishedGradleVersions - Gradle version information cache is up-to-date. Trying to read.
2025-08-26 17:00:53,223 [Worker-20: Building] WARN  o.e.m.c.i.embedder.EclipseLogger - Using platform encoding (Cp1252 actually) to copy filtered resources, i.e. build is platform dependent!
2025-08-26 17:00:53,229 [Worker-20: Building] INFO  o.e.m.c.i.embedder.EclipseLogger - Copying 0 resource
2025-08-26 17:00:53,233 [Worker-20: Building] WARN  o.e.m.c.i.embedder.EclipseLogger - Using platform encoding (Cp1252 actually) to copy filtered resources, i.e. build is platform dependent!
2025-08-26 17:00:53,235 [Worker-20: Building] INFO  o.e.m.c.i.embedder.EclipseLogger - skip non existing resourceDirectory C:\Users\Faisal\Desktop\Demo\servlet app\TestApp\src\test\resources
2025-08-26 17:00:55,513 [Worker-19: Building] WARN  o.e.m.c.i.embedder.EclipseLogger - Using platform encoding (Cp1252 actually) to copy filtered resources, i.e. build is platform dependent!
2025-08-26 17:00:55,516 [Worker-19: Building] INFO  o.e.m.c.i.embedder.EclipseLogger - Copying 0 resource
2025-08-26 17:00:55,518 [Worker-19: Building] WARN  o.e.m.c.i.embedder.EclipseLogger - Using platform encoding (Cp1252 actually) to copy filtered resources, i.e. build is platform dependent!
2025-08-26 17:00:55,519 [Worker-19: Building] INFO  o.e.m.c.i.embedder.EclipseLogger - skip non existing resourceDirectory C:\Users\Faisal\Desktop\Demo\servlet app\TestApp\src\test\resources
2025-08-26 17:11:28,598 [Worker-24: Building] WARN  o.e.m.c.i.embedder.EclipseLogger - Using platform encoding (Cp1252 actually) to copy filtered resources, i.e. build is platform dependent!
2025-08-26 17:11:28,617 [Worker-24: Building] INFO  o.e.m.c.i.embedder.EclipseLogger - Copying 0 resource
2025-08-26 17:11:28,618 [Worker-24: Building] WARN  o.e.m.c.i.embedder.EclipseLogger - Using platform encoding (Cp1252 actually) to copy filtered resources, i.e. build is platform dependent!
2025-08-26 17:11:28,619 [Worker-24: Building] INFO  o.e.m.c.i.embedder.EclipseLogger - skip non existing resourceDirectory C:\Users\Faisal\Desktop\Demo\servlet app\TestApp\src\test\resources
2025-08-26 17:12:42,853 [Worker-25: Building] WARN  o.e.m.c.i.embedder.EclipseLogger - Using platform encoding (Cp1252 actually) to copy filtered resources, i.e. build is platform dependent!
2025-08-26 17:12:42,855 [Worker-25: Building] INFO  o.e.m.c.i.embedder.EclipseLogger - Copying 0 resource
2025-08-26 17:12:42,857 [Worker-25: Building] WARN  o.e.m.c.i.embedder.EclipseLogger - Using platform encoding (Cp1252 actually) to copy filtered resources, i.e. build is platform dependent!
2025-08-26 17:12:42,858 [Worker-25: Building] INFO  o.e.m.c.i.embedder.EclipseLogger - skip non existing resourceDirectory C:\Users\Faisal\Desktop\Demo\servlet app\TestApp\src\test\resources
2025-08-26 17:16:17,723 [Worker-24: Building] WARN  o.e.m.c.i.embedder.EclipseLogger - Using platform encoding (Cp1252 actually) to copy filtered resources, i.e. build is platform dependent!
2025-08-26 17:16:17,725 [Worker-24: Building] INFO  o.e.m.c.i.embedder.EclipseLogger - Copying 0 resource
2025-08-26 17:16:17,727 [Worker-24: Building] WARN  o.e.m.c.i.embedder.EclipseLogger - Using platform encoding (Cp1252 actually) to copy filtered resources, i.e. build is platform dependent!
2025-08-26 17:16:17,728 [Worker-24: Building] INFO  o.e.m.c.i.embedder.EclipseLogger - skip non existing resourceDirectory C:\Users\Faisal\Desktop\Demo\servlet app\TestApp\src\test\resources
2025-08-26 17:16:19,776 [Worker-29: Building] WARN  o.e.m.c.i.embedder.EclipseLogger - Using platform encoding (Cp1252 actually) to copy filtered resources, i.e. build is platform dependent!
2025-08-26 17:16:19,778 [Worker-29: Building] INFO  o.e.m.c.i.embedder.EclipseLogger - Copying 0 resource
2025-08-26 17:16:19,780 [Worker-29: Building] WARN  o.e.m.c.i.embedder.EclipseLogger - Using platform encoding (Cp1252 actually) to copy filtered resources, i.e. build is platform dependent!
2025-08-26 17:16:19,781 [Worker-29: Building] INFO  o.e.m.c.i.embedder.EclipseLogger - skip non existing resourceDirectory C:\Users\Faisal\Desktop\Demo\servlet app\TestApp\src\test\resources
2025-08-26 17:16:52,990 [Worker-29: Building] WARN  o.e.m.c.i.embedder.EclipseLogger - Using platform encoding (Cp1252 actually) to copy filtered resources, i.e. build is platform dependent!
2025-08-26 17:16:52,992 [Worker-29: Building] INFO  o.e.m.c.i.embedder.EclipseLogger - Copying 0 resource
2025-08-26 17:16:52,993 [Worker-29: Building] WARN  o.e.m.c.i.embedder.EclipseLogger - Using platform encoding (Cp1252 actually) to copy filtered resources, i.e. build is platform dependent!
2025-08-26 17:16:52,994 [Worker-29: Building] INFO  o.e.m.c.i.embedder.EclipseLogger - skip non existing resourceDirectory C:\Users\Faisal\Desktop\Demo\servlet app\TestApp\src\test\resources
2025-08-26 17:17:09,571 [Worker-27: Building] WARN  o.e.m.c.i.embedder.EclipseLogger - Using platform encoding (Cp1252 actually) to copy filtered resources, i.e. build is platform dependent!
2025-08-26 17:17:09,574 [Worker-27: Building] INFO  o.e.m.c.i.embedder.EclipseLogger - Copying 0 resource
2025-08-26 17:17:09,578 [Worker-27: Building] WARN  o.e.m.c.i.embedder.EclipseLogger - Using platform encoding (Cp1252 actually) to copy filtered resources, i.e. build is platform dependent!
2025-08-26 17:17:09,579 [Worker-27: Building] INFO  o.e.m.c.i.embedder.EclipseLogger - skip non existing resourceDirectory C:\Users\Faisal\Desktop\Demo\servlet app\TestApp\src\test\resources
2025-08-26 17:17:43,345 [Worker-28: Building] WARN  o.e.m.c.i.embedder.EclipseLogger - Using platform encoding (Cp1252 actually) to copy filtered resources, i.e. build is platform dependent!
2025-08-26 17:17:43,347 [Worker-28: Building] INFO  o.e.m.c.i.embedder.EclipseLogger - Copying 0 resource
2025-08-26 17:17:43,349 [Worker-28: Building] WARN  o.e.m.c.i.embedder.EclipseLogger - Using platform encoding (Cp1252 actually) to copy filtered resources, i.e. build is platform dependent!
2025-08-26 17:17:43,350 [Worker-28: Building] INFO  o.e.m.c.i.embedder.EclipseLogger - skip non existing resourceDirectory C:\Users\Faisal\Desktop\Demo\servlet app\TestApp\src\test\resources
2025-08-26 17:18:15,839 [Worker-28: Building] WARN  o.e.m.c.i.embedder.EclipseLogger - Using platform encoding (Cp1252 actually) to copy filtered resources, i.e. build is platform dependent!
2025-08-26 17:18:15,841 [Worker-28: Building] INFO  o.e.m.c.i.embedder.EclipseLogger - Copying 0 resource
2025-08-26 17:18:15,842 [Worker-28: Building] WARN  o.e.m.c.i.embedder.EclipseLogger - Using platform encoding (Cp1252 actually) to copy filtered resources, i.e. build is platform dependent!
2025-08-26 17:18:15,843 [Worker-28: Building] INFO  o.e.m.c.i.embedder.EclipseLogger - skip non existing resourceDirectory C:\Users\Faisal\Desktop\Demo\servlet app\TestApp\src\test\resources
2025-08-26 17:18:46,271 [Worker-28: Building] WARN  o.e.m.c.i.embedder.EclipseLogger - Using platform encoding (Cp1252 actually) to copy filtered resources, i.e. build is platform dependent!
2025-08-26 17:18:46,273 [Worker-28: Building] INFO  o.e.m.c.i.embedder.EclipseLogger - Copying 0 resource
2025-08-26 17:18:46,275 [Worker-28: Building] WARN  o.e.m.c.i.embedder.EclipseLogger - Using platform encoding (Cp1252 actually) to copy filtered resources, i.e. build is platform dependent!
2025-08-26 17:18:46,276 [Worker-28: Building] INFO  o.e.m.c.i.embedder.EclipseLogger - skip non existing resourceDirectory C:\Users\Faisal\Desktop\Demo\servlet app\TestApp\src\test\resources
2025-08-26 17:20:59,134 [Worker-28: Building] WARN  o.e.m.c.i.embedder.EclipseLogger - Using platform encoding (Cp1252 actually) to copy filtered resources, i.e. build is platform dependent!
2025-08-26 17:20:59,136 [Worker-28: Building] INFO  o.e.m.c.i.embedder.EclipseLogger - Copying 0 resource
2025-08-26 17:20:59,138 [Worker-28: Building] WARN  o.e.m.c.i.embedder.EclipseLogger - Using platform encoding (Cp1252 actually) to copy filtered resources, i.e. build is platform dependent!
2025-08-26 17:20:59,139 [Worker-28: Building] INFO  o.e.m.c.i.embedder.EclipseLogger - skip non existing resourceDirectory C:\Users\Faisal\Desktop\Demo\servlet app\TestApp\src\test\resources
2025-08-26 17:21:50,120 [Worker-29: Building] WARN  o.e.m.c.i.embedder.EclipseLogger - Using platform encoding (Cp1252 actually) to copy filtered resources, i.e. build is platform dependent!
2025-08-26 17:21:50,121 [Worker-29: Building] INFO  o.e.m.c.i.embedder.EclipseLogger - Copying 0 resource
2025-08-26 17:21:50,122 [Worker-29: Building] WARN  o.e.m.c.i.embedder.EclipseLogger - Using platform encoding (Cp1252 actually) to copy filtered resources, i.e. build is platform dependent!
2025-08-26 17:21:50,124 [Worker-29: Building] INFO  o.e.m.c.i.embedder.EclipseLogger - skip non existing resourceDirectory C:\Users\Faisal\Desktop\Demo\servlet app\TestApp\src\test\resources
2025-08-26 17:22:50,596 [Worker-29: Building] WARN  o.e.m.c.i.embedder.EclipseLogger - Using platform encoding (Cp1252 actually) to copy filtered resources, i.e. build is platform dependent!
2025-08-26 17:22:50,598 [Worker-29: Building] INFO  o.e.m.c.i.embedder.EclipseLogger - Copying 0 resource
2025-08-26 17:22:50,599 [Worker-29: Building] WARN  o.e.m.c.i.embedder.EclipseLogger - Using platform encoding (Cp1252 actually) to copy filtered resources, i.e. build is platform dependent!
2025-08-26 17:22:50,600 [Worker-29: Building] INFO  o.e.m.c.i.embedder.EclipseLogger - skip non existing resourceDirectory C:\Users\Faisal\Desktop\Demo\servlet app\TestApp\src\test\resources
2025-08-26 17:23:11,943 [Worker-34: Building] WARN  o.e.m.c.i.embedder.EclipseLogger - Using platform encoding (Cp1252 actually) to copy filtered resources, i.e. build is platform dependent!
2025-08-26 17:23:11,944 [Worker-34: Building] INFO  o.e.m.c.i.embedder.EclipseLogger - Copying 0 resource
2025-08-26 17:23:11,946 [Worker-34: Building] WARN  o.e.m.c.i.embedder.EclipseLogger - Using platform encoding (Cp1252 actually) to copy filtered resources, i.e. build is platform dependent!
2025-08-26 17:23:11,947 [Worker-34: Building] INFO  o.e.m.c.i.embedder.EclipseLogger - skip non existing resourceDirectory C:\Users\Faisal\Desktop\Demo\servlet app\TestApp\src\test\resources
2025-08-26 17:23:33,494 [Worker-34: Building] WARN  o.e.m.c.i.embedder.EclipseLogger - Using platform encoding (Cp1252 actually) to copy filtered resources, i.e. build is platform dependent!
2025-08-26 17:23:33,495 [Worker-34: Building] INFO  o.e.m.c.i.embedder.EclipseLogger - Copying 0 resource
2025-08-26 17:23:33,498 [Worker-34: Building] WARN  o.e.m.c.i.embedder.EclipseLogger - Using platform encoding (Cp1252 actually) to copy filtered resources, i.e. build is platform dependent!
2025-08-26 17:23:33,499 [Worker-34: Building] INFO  o.e.m.c.i.embedder.EclipseLogger - skip non existing resourceDirectory C:\Users\Faisal\Desktop\Demo\servlet app\TestApp\src\test\resources
2025-08-26 17:23:37,185 [Worker-35: Building] WARN  o.e.m.c.i.embedder.EclipseLogger - Using platform encoding (Cp1252 actually) to copy filtered resources, i.e. build is platform dependent!
2025-08-26 17:23:37,186 [Worker-35: Building] INFO  o.e.m.c.i.embedder.EclipseLogger - Copying 0 resource
2025-08-26 17:23:37,187 [Worker-35: Building] WARN  o.e.m.c.i.embedder.EclipseLogger - Using platform encoding (Cp1252 actually) to copy filtered resources, i.e. build is platform dependent!
2025-08-26 17:23:37,188 [Worker-35: Building] INFO  o.e.m.c.i.embedder.EclipseLogger - skip non existing resourceDirectory C:\Users\Faisal\Desktop\Demo\servlet app\TestApp\src\test\resources
2025-08-26 17:23:45,259 [Worker-28: Building] WARN  o.e.m.c.i.embedder.EclipseLogger - Using platform encoding (Cp1252 actually) to copy filtered resources, i.e. build is platform dependent!
2025-08-26 17:23:45,261 [Worker-28: Building] INFO  o.e.m.c.i.embedder.EclipseLogger - Copying 0 resource
2025-08-26 17:23:45,262 [Worker-28: Building] WARN  o.e.m.c.i.embedder.EclipseLogger - Using platform encoding (Cp1252 actually) to copy filtered resources, i.e. build is platform dependent!
2025-08-26 17:23:45,263 [Worker-28: Building] INFO  o.e.m.c.i.embedder.EclipseLogger - skip non existing resourceDirectory C:\Users\Faisal\Desktop\Demo\servlet app\TestApp\src\test\resources
2025-08-26 17:23:49,515 [Worker-36: Building] WARN  o.e.m.c.i.embedder.EclipseLogger - Using platform encoding (Cp1252 actually) to copy filtered resources, i.e. build is platform dependent!
2025-08-26 17:23:49,516 [Worker-36: Building] INFO  o.e.m.c.i.embedder.EclipseLogger - Copying 0 resource
2025-08-26 17:23:49,517 [Worker-36: Building] WARN  o.e.m.c.i.embedder.EclipseLogger - Using platform encoding (Cp1252 actually) to copy filtered resources, i.e. build is platform dependent!
2025-08-26 17:23:49,518 [Worker-36: Building] INFO  o.e.m.c.i.embedder.EclipseLogger - skip non existing resourceDirectory C:\Users\Faisal\Desktop\Demo\servlet app\TestApp\src\test\resources
2025-08-26 17:26:38,565 [Worker-33: Building] WARN  o.e.m.c.i.embedder.EclipseLogger - Using platform encoding (Cp1252 actually) to copy filtered resources, i.e. build is platform dependent!
2025-08-26 17:26:38,567 [Worker-33: Building] INFO  o.e.m.c.i.embedder.EclipseLogger - Copying 0 resource
2025-08-26 17:26:38,568 [Worker-33: Building] WARN  o.e.m.c.i.embedder.EclipseLogger - Using platform encoding (Cp1252 actually) to copy filtered resources, i.e. build is platform dependent!
2025-08-26 17:26:38,570 [Worker-33: Building] INFO  o.e.m.c.i.embedder.EclipseLogger - skip non existing resourceDirectory C:\Users\Faisal\Desktop\Demo\servlet app\TestApp\src\test\resources
2025-08-26 17:27:13,336 [Worker-38: Building] WARN  o.e.m.c.i.embedder.EclipseLogger - Using platform encoding (Cp1252 actually) to copy filtered resources, i.e. build is platform dependent!
2025-08-26 17:27:13,337 [Worker-38: Building] INFO  o.e.m.c.i.embedder.EclipseLogger - Copying 0 resource
2025-08-26 17:27:13,338 [Worker-38: Building] WARN  o.e.m.c.i.embedder.EclipseLogger - Using platform encoding (Cp1252 actually) to copy filtered resources, i.e. build is platform dependent!
2025-08-26 17:27:13,339 [Worker-38: Building] INFO  o.e.m.c.i.embedder.EclipseLogger - skip non existing resourceDirectory C:\Users\Faisal\Desktop\Demo\servlet app\TestApp\src\test\resources
2025-08-26 17:27:27,780 [Worker-38: Building] WARN  o.e.m.c.i.embedder.EclipseLogger - Using platform encoding (Cp1252 actually) to copy filtered resources, i.e. build is platform dependent!
2025-08-26 17:27:27,782 [Worker-38: Building] INFO  o.e.m.c.i.embedder.EclipseLogger - Copying 0 resource
2025-08-26 17:27:27,783 [Worker-38: Building] WARN  o.e.m.c.i.embedder.EclipseLogger - Using platform encoding (Cp1252 actually) to copy filtered resources, i.e. build is platform dependent!
2025-08-26 17:27:27,784 [Worker-38: Building] INFO  o.e.m.c.i.embedder.EclipseLogger - skip non existing resourceDirectory C:\Users\Faisal\Desktop\Demo\servlet app\TestApp\src\test\resources
2025-08-26 17:27:43,937 [Worker-37: Building] WARN  o.e.m.c.i.embedder.EclipseLogger - Using platform encoding (Cp1252 actually) to copy filtered resources, i.e. build is platform dependent!
2025-08-26 17:27:43,938 [Worker-37: Building] INFO  o.e.m.c.i.embedder.EclipseLogger - Copying 0 resource
2025-08-26 17:27:43,939 [Worker-37: Building] WARN  o.e.m.c.i.embedder.EclipseLogger - Using platform encoding (Cp1252 actually) to copy filtered resources, i.e. build is platform dependent!
2025-08-26 17:27:43,941 [Worker-37: Building] INFO  o.e.m.c.i.embedder.EclipseLogger - skip non existing resourceDirectory C:\Users\Faisal\Desktop\Demo\servlet app\TestApp\src\test\resources
2025-08-26 17:27:45,009 [Worker-38: Building] WARN  o.e.m.c.i.embedder.EclipseLogger - Using platform encoding (Cp1252 actually) to copy filtered resources, i.e. build is platform dependent!
2025-08-26 17:27:45,010 [Worker-38: Building] INFO  o.e.m.c.i.embedder.EclipseLogger - Copying 0 resource
2025-08-26 17:27:45,011 [Worker-38: Building] WARN  o.e.m.c.i.embedder.EclipseLogger - Using platform encoding (Cp1252 actually) to copy filtered resources, i.e. build is platform dependent!
2025-08-26 17:27:45,012 [Worker-38: Building] INFO  o.e.m.c.i.embedder.EclipseLogger - skip non existing resourceDirectory C:\Users\Faisal\Desktop\Demo\servlet app\TestApp\src\test\resources
2025-08-26 17:27:55,201 [Worker-39: Building] WARN  o.e.m.c.i.embedder.EclipseLogger - Using platform encoding (Cp1252 actually) to copy filtered resources, i.e. build is platform dependent!
2025-08-26 17:27:55,203 [Worker-39: Building] INFO  o.e.m.c.i.embedder.EclipseLogger - Copying 0 resource
2025-08-26 17:27:55,204 [Worker-39: Building] WARN  o.e.m.c.i.embedder.EclipseLogger - Using platform encoding (Cp1252 actually) to copy filtered resources, i.e. build is platform dependent!
2025-08-26 17:27:55,205 [Worker-39: Building] INFO  o.e.m.c.i.embedder.EclipseLogger - skip non existing resourceDirectory C:\Users\Faisal\Desktop\Demo\servlet app\TestApp\src\test\resources
2025-08-26 17:29:40,767 [Worker-40: Building] WARN  o.e.m.c.i.embedder.EclipseLogger - Using platform encoding (Cp1252 actually) to copy filtered resources, i.e. build is platform dependent!
2025-08-26 17:29:40,768 [Worker-40: Building] INFO  o.e.m.c.i.embedder.EclipseLogger - Copying 0 resource
2025-08-26 17:29:40,770 [Worker-40: Building] WARN  o.e.m.c.i.embedder.EclipseLogger - Using platform encoding (Cp1252 actually) to copy filtered resources, i.e. build is platform dependent!
2025-08-26 17:29:40,771 [Worker-40: Building] INFO  o.e.m.c.i.embedder.EclipseLogger - skip non existing resourceDirectory C:\Users\Faisal\Desktop\Demo\servlet app\TestApp\src\test\resources
2025-08-26 17:30:42,557 [Worker-38: Building] WARN  o.e.m.c.i.embedder.EclipseLogger - Using platform encoding (Cp1252 actually) to copy filtered resources, i.e. build is platform dependent!
2025-08-26 17:30:42,559 [Worker-38: Building] INFO  o.e.m.c.i.embedder.EclipseLogger - Copying 0 resource
2025-08-26 17:30:42,560 [Worker-38: Building] WARN  o.e.m.c.i.embedder.EclipseLogger - Using platform encoding (Cp1252 actually) to copy filtered resources, i.e. build is platform dependent!
2025-08-26 17:30:42,561 [Worker-38: Building] INFO  o.e.m.c.i.embedder.EclipseLogger - skip non existing resourceDirectory C:\Users\Faisal\Desktop\Demo\servlet app\TestApp\src\test\resources
2025-08-26 17:30:47,746 [Worker-34: Building] WARN  o.e.m.c.i.embedder.EclipseLogger - Using platform encoding (Cp1252 actually) to copy filtered resources, i.e. build is platform dependent!
2025-08-26 17:30:47,747 [Worker-34: Building] INFO  o.e.m.c.i.embedder.EclipseLogger - Copying 0 resource
2025-08-26 17:30:47,749 [Worker-34: Building] WARN  o.e.m.c.i.embedder.EclipseLogger - Using platform encoding (Cp1252 actually) to copy filtered resources, i.e. build is platform dependent!
2025-08-26 17:30:47,750 [Worker-34: Building] INFO  o.e.m.c.i.embedder.EclipseLogger - skip non existing resourceDirectory C:\Users\Faisal\Desktop\Demo\servlet app\TestApp\src\test\resources
2025-08-26 17:30:52,208 [Worker-41: Building] WARN  o.e.m.c.i.embedder.EclipseLogger - Using platform encoding (Cp1252 actually) to copy filtered resources, i.e. build is platform dependent!
2025-08-26 17:30:52,209 [Worker-41: Building] INFO  o.e.m.c.i.embedder.EclipseLogger - Copying 0 resource
2025-08-26 17:30:52,211 [Worker-41: Building] WARN  o.e.m.c.i.embedder.EclipseLogger - Using platform encoding (Cp1252 actually) to copy filtered resources, i.e. build is platform dependent!
2025-08-26 17:30:52,212 [Worker-41: Building] INFO  o.e.m.c.i.embedder.EclipseLogger - skip non existing resourceDirectory C:\Users\Faisal\Desktop\Demo\servlet app\TestApp\src\test\resources
2025-08-26 17:31:04,050 [Worker-41: Building] WARN  o.e.m.c.i.embedder.EclipseLogger - Using platform encoding (Cp1252 actually) to copy filtered resources, i.e. build is platform dependent!
2025-08-26 17:31:04,051 [Worker-41: Building] INFO  o.e.m.c.i.embedder.EclipseLogger - Copying 0 resource
2025-08-26 17:31:04,052 [Worker-41: Building] WARN  o.e.m.c.i.embedder.EclipseLogger - Using platform encoding (Cp1252 actually) to copy filtered resources, i.e. build is platform dependent!
2025-08-26 17:31:04,053 [Worker-41: Building] INFO  o.e.m.c.i.embedder.EclipseLogger - skip non existing resourceDirectory C:\Users\Faisal\Desktop\Demo\servlet app\TestApp\src\test\resources
2025-08-26 17:31:09,858 [Worker-38: Building] WARN  o.e.m.c.i.embedder.EclipseLogger - Using platform encoding (Cp1252 actually) to copy filtered resources, i.e. build is platform dependent!
2025-08-26 17:31:09,860 [Worker-38: Building] INFO  o.e.m.c.i.embedder.EclipseLogger - Copying 0 resource
2025-08-26 17:31:09,861 [Worker-38: Building] WARN  o.e.m.c.i.embedder.EclipseLogger - Using platform encoding (Cp1252 actually) to copy filtered resources, i.e. build is platform dependent!
2025-08-26 17:31:09,862 [Worker-38: Building] INFO  o.e.m.c.i.embedder.EclipseLogger - skip non existing resourceDirectory C:\Users\Faisal\Desktop\Demo\servlet app\TestApp\src\test\resources
2025-08-26 17:31:27,971 [Worker-38: Building] WARN  o.e.m.c.i.embedder.EclipseLogger - Using platform encoding (Cp1252 actually) to copy filtered resources, i.e. build is platform dependent!
2025-08-26 17:31:27,972 [Worker-38: Building] INFO  o.e.m.c.i.embedder.EclipseLogger - Copying 0 resource
2025-08-26 17:31:27,974 [Worker-38: Building] WARN  o.e.m.c.i.embedder.EclipseLogger - Using platform encoding (Cp1252 actually) to copy filtered resources, i.e. build is platform dependent!
2025-08-26 17:31:27,975 [Worker-38: Building] INFO  o.e.m.c.i.embedder.EclipseLogger - skip non existing resourceDirectory C:\Users\Faisal\Desktop\Demo\servlet app\TestApp\src\test\resources
2025-08-26 17:31:35,153 [Worker-41: Building] WARN  o.e.m.c.i.embedder.EclipseLogger - Using platform encoding (Cp1252 actually) to copy filtered resources, i.e. build is platform dependent!
2025-08-26 17:31:35,154 [Worker-41: Building] INFO  o.e.m.c.i.embedder.EclipseLogger - Copying 0 resource
2025-08-26 17:31:35,155 [Worker-41: Building] WARN  o.e.m.c.i.embedder.EclipseLogger - Using platform encoding (Cp1252 actually) to copy filtered resources, i.e. build is platform dependent!
2025-08-26 17:31:35,156 [Worker-41: Building] INFO  o.e.m.c.i.embedder.EclipseLogger - skip non existing resourceDirectory C:\Users\Faisal\Desktop\Demo\servlet app\TestApp\src\test\resources
2025-08-26 17:31:41,923 [Worker-40: Building] WARN  o.e.m.c.i.embedder.EclipseLogger - Using platform encoding (Cp1252 actually) to copy filtered resources, i.e. build is platform dependent!
2025-08-26 17:31:41,925 [Worker-40: Building] INFO  o.e.m.c.i.embedder.EclipseLogger - Copying 0 resource
2025-08-26 17:31:41,926 [Worker-40: Building] WARN  o.e.m.c.i.embedder.EclipseLogger - Using platform encoding (Cp1252 actually) to copy filtered resources, i.e. build is platform dependent!
2025-08-26 17:31:41,927 [Worker-40: Building] INFO  o.e.m.c.i.embedder.EclipseLogger - skip non existing resourceDirectory C:\Users\Faisal\Desktop\Demo\servlet app\TestApp\src\test\resources
2025-08-26 17:31:53,368 [Worker-41: Building] WARN  o.e.m.c.i.embedder.EclipseLogger - Using platform encoding (Cp1252 actually) to copy filtered resources, i.e. build is platform dependent!
2025-08-26 17:31:53,369 [Worker-41: Building] INFO  o.e.m.c.i.embedder.EclipseLogger - Copying 0 resource
2025-08-26 17:31:53,370 [Worker-41: Building] WARN  o.e.m.c.i.embedder.EclipseLogger - Using platform encoding (Cp1252 actually) to copy filtered resources, i.e. build is platform dependent!
2025-08-26 17:31:53,371 [Worker-41: Building] INFO  o.e.m.c.i.embedder.EclipseLogger - skip non existing resourceDirectory C:\Users\Faisal\Desktop\Demo\servlet app\TestApp\src\test\resources
2025-08-26 17:32:58,802 [Worker-34: Building] WARN  o.e.m.c.i.embedder.EclipseLogger - Using platform encoding (Cp1252 actually) to copy filtered resources, i.e. build is platform dependent!
2025-08-26 17:32:58,804 [Worker-34: Building] INFO  o.e.m.c.i.embedder.EclipseLogger - Copying 0 resource
2025-08-26 17:32:58,805 [Worker-34: Building] WARN  o.e.m.c.i.embedder.EclipseLogger - Using platform encoding (Cp1252 actually) to copy filtered resources, i.e. build is platform dependent!
2025-08-26 17:32:58,806 [Worker-34: Building] INFO  o.e.m.c.i.embedder.EclipseLogger - skip non existing resourceDirectory C:\Users\Faisal\Desktop\Demo\servlet app\TestApp\src\test\resources
2025-08-26 17:33:04,389 [Worker-43: Building] WARN  o.e.m.c.i.embedder.EclipseLogger - Using platform encoding (Cp1252 actually) to copy filtered resources, i.e. build is platform dependent!
2025-08-26 17:33:04,390 [Worker-43: Building] INFO  o.e.m.c.i.embedder.EclipseLogger - Copying 0 resource
2025-08-26 17:33:04,391 [Worker-43: Building] WARN  o.e.m.c.i.embedder.EclipseLogger - Using platform encoding (Cp1252 actually) to copy filtered resources, i.e. build is platform dependent!
2025-08-26 17:33:04,392 [Worker-43: Building] INFO  o.e.m.c.i.embedder.EclipseLogger - skip non existing resourceDirectory C:\Users\Faisal\Desktop\Demo\servlet app\TestApp\src\test\resources
2025-08-26 20:10:20,826 [Worker-42: Creating maven-archetype-webapp] INFO  o.e.m.c.i.p.ProjectConfigurationManager - Collecting project info '/pom.xml' C:\Users\Faisal\Desktop\Demo\servlet app\impapp\pom.xml
2025-08-26 20:10:21,833 [Worker-42: Creating maven-archetype-webapp] INFO  o.e.m.c.i.l.LifecycleMappingFactory - Using org.maven.ide.eclipse.wtp.WarLifecycleMapping lifecycle mapping for MavenProject: com.imp:impapp:0.0.1-SNAPSHOT @ C:\Users\Faisal\Desktop\Demo\servlet app\impapp\pom.xml.
2025-08-26 20:10:22,417 [Worker-42: Creating maven-archetype-webapp] INFO  o.e.m.j.i.AbstractJavaProjectConfigurator - Adding source folder /impapp/src/main/java
2025-08-26 20:10:22,418 [Worker-42: Creating maven-archetype-webapp] INFO  o.e.m.j.i.AbstractJavaProjectConfigurator - Adding resource folder /impapp/src/main/resources
2025-08-26 20:10:22,418 [Worker-42: Creating maven-archetype-webapp] INFO  o.e.m.j.i.AbstractJavaProjectConfigurator - Adding source folder /impapp/src/test/java
2025-08-26 20:10:24,072 [Worker-42: Creating maven-archetype-webapp] INFO  o.e.m.c.i.p.ProjectConfigurationManager - Imported and configured 1 project(s) in 3 sec
2025-08-26 20:10:24,362 [Worker-48: Building] WARN  o.e.m.c.i.embedder.EclipseLogger - Using platform encoding (Cp1252 actually) to copy filtered resources, i.e. build is platform dependent!
2025-08-26 20:10:24,364 [Worker-48: Building] INFO  o.e.m.c.i.embedder.EclipseLogger - Copying 0 resource
2025-08-26 20:10:24,367 [Worker-48: Building] WARN  o.e.m.c.i.embedder.EclipseLogger - Using platform encoding (Cp1252 actually) to copy filtered resources, i.e. build is platform dependent!
2025-08-26 20:10:24,368 [Worker-48: Building] INFO  o.e.m.c.i.embedder.EclipseLogger - skip non existing resourceDirectory C:\Users\Faisal\Desktop\Demo\servlet app\impapp\src\test\resources
2025-08-26 20:11:56,279 [Worker-49: Building Project impapp] WARN  o.e.m.c.i.embedder.EclipseLogger - Using platform encoding (Cp1252 actually) to copy filtered resources, i.e. build is platform dependent!
2025-08-26 20:11:56,282 [Worker-49: Building Project impapp] INFO  o.e.m.c.i.embedder.EclipseLogger - Copying 0 resource
2025-08-26 20:11:56,283 [Worker-49: Building Project impapp] WARN  o.e.m.c.i.embedder.EclipseLogger - Using platform encoding (Cp1252 actually) to copy filtered resources, i.e. build is platform dependent!
2025-08-26 20:11:56,284 [Worker-49: Building Project impapp] INFO  o.e.m.c.i.embedder.EclipseLogger - skip non existing resourceDirectory C:\Users\Faisal\Desktop\Demo\servlet app\impapp\src\test\resources
2025-08-26 20:11:57,370 [Worker-50: Building] WARN  o.e.m.c.i.embedder.EclipseLogger - Using platform encoding (Cp1252 actually) to copy filtered resources, i.e. build is platform dependent!
2025-08-26 20:11:57,372 [Worker-50: Building] INFO  o.e.m.c.i.embedder.EclipseLogger - Copying 0 resource
2025-08-26 20:11:57,374 [Worker-50: Building] WARN  o.e.m.c.i.embedder.EclipseLogger - Using platform encoding (Cp1252 actually) to copy filtered resources, i.e. build is platform dependent!
2025-08-26 20:11:57,375 [Worker-50: Building] INFO  o.e.m.c.i.embedder.EclipseLogger - skip non existing resourceDirectory C:\Users\Faisal\Desktop\Demo\servlet app\impapp\src\test\resources
2025-08-26 20:12:27,382 [Worker-50: Building] WARN  o.e.m.c.i.embedder.EclipseLogger - Using platform encoding (Cp1252 actually) to copy filtered resources, i.e. build is platform dependent!
2025-08-26 20:12:27,383 [Worker-50: Building] INFO  o.e.m.c.i.embedder.EclipseLogger - Copying 0 resource
2025-08-26 20:12:27,384 [Worker-50: Building] WARN  o.e.m.c.i.embedder.EclipseLogger - Using platform encoding (Cp1252 actually) to copy filtered resources, i.e. build is platform dependent!
2025-08-26 20:12:27,385 [Worker-50: Building] INFO  o.e.m.c.i.embedder.EclipseLogger - skip non existing resourceDirectory C:\Users\Faisal\Desktop\Demo\servlet app\impapp\src\test\resources
2025-08-26 20:12:40,622 [Worker-51: Updating Maven Dependencies] INFO  o.e.m.c.i.l.LifecycleMappingFactory - Using org.maven.ide.eclipse.wtp.WarLifecycleMapping lifecycle mapping for MavenProject: com.pli:TestApp:0.0.1-SNAPSHOT @ C:\Users\Faisal\Desktop\Demo\servlet app\TestApp\pom.xml.
2025-08-26 20:12:40,913 [Worker-54: Building] WARN  o.e.m.c.i.embedder.EclipseLogger - Using platform encoding (Cp1252 actually) to copy filtered resources, i.e. build is platform dependent!
2025-08-26 20:12:40,914 [Worker-54: Building] INFO  o.e.m.c.i.embedder.EclipseLogger - Copying 0 resource
2025-08-26 20:12:40,915 [Worker-54: Building] WARN  o.e.m.c.i.embedder.EclipseLogger - Using platform encoding (Cp1252 actually) to copy filtered resources, i.e. build is platform dependent!
2025-08-26 20:12:40,916 [Worker-54: Building] INFO  o.e.m.c.i.embedder.EclipseLogger - skip non existing resourceDirectory C:\Users\Faisal\Desktop\Demo\servlet app\TestApp\src\test\resources
2025-08-26 20:13:03,242 [Worker-53: Building] INFO  o.e.m.c.i.l.LifecycleMappingFactory - Using org.maven.ide.eclipse.wtp.WarLifecycleMapping lifecycle mapping for MavenProject: com.imp:impapp:0.0.1-SNAPSHOT @ C:\Users\Faisal\Desktop\Demo\servlet app\impapp\pom.xml.
2025-08-26 20:13:03,317 [Worker-53: Building] WARN  o.e.m.c.i.embedder.EclipseLogger - Using platform encoding (Cp1252 actually) to copy filtered resources, i.e. build is platform dependent!
2025-08-26 20:13:03,318 [Worker-53: Building] INFO  o.e.m.c.i.embedder.EclipseLogger - Copying 0 resource
2025-08-26 20:13:03,318 [Worker-53: Building] WARN  o.e.m.c.i.embedder.EclipseLogger - Using platform encoding (Cp1252 actually) to copy filtered resources, i.e. build is platform dependent!
2025-08-26 20:13:03,319 [Worker-53: Building] INFO  o.e.m.c.i.embedder.EclipseLogger - skip non existing resourceDirectory C:\Users\Faisal\Desktop\Demo\servlet app\impapp\src\test\resources
2025-08-26 20:13:03,320 [Worker-53: Building] INFO  o.e.m.w.i.f.ResourceFilteringBuildParticipant - Changed resources require a complete clean of filtered resources of impapp
2025-08-26 20:13:03,396 [Worker-53: Building] INFO  o.e.m.w.i.f.ResourceFilteringBuildParticipant - Executing resource filtering for impapp
2025-08-26 20:13:03,407 [Worker-53: Building] WARN  o.e.m.c.i.embedder.EclipseLogger - Using platform encoding (Cp1252 actually) to copy filtered resources, i.e. build is platform dependent!
2025-08-26 20:13:04,451 [Worker-47: Building] WARN  o.e.m.c.i.embedder.EclipseLogger - Using platform encoding (Cp1252 actually) to copy filtered resources, i.e. build is platform dependent!
2025-08-26 20:13:04,452 [Worker-47: Building] INFO  o.e.m.c.i.embedder.EclipseLogger - Copying 0 resource
2025-08-26 20:13:04,453 [Worker-47: Building] WARN  o.e.m.c.i.embedder.EclipseLogger - Using platform encoding (Cp1252 actually) to copy filtered resources, i.e. build is platform dependent!
2025-08-26 20:13:04,454 [Worker-47: Building] INFO  o.e.m.c.i.embedder.EclipseLogger - skip non existing resourceDirectory C:\Users\Faisal\Desktop\Demo\servlet app\impapp\src\test\resources
2025-08-26 20:14:56,281 [Worker-51: Updating Maven Dependencies] INFO  o.e.m.c.i.l.LifecycleMappingFactory - Using org.maven.ide.eclipse.wtp.WarLifecycleMapping lifecycle mapping for MavenProject: com.pli:TestApp:0.0.1-SNAPSHOT @ C:\Users\Faisal\Desktop\Demo\servlet app\TestApp\pom.xml.
2025-08-26 20:14:56,506 [Worker-47: Building] WARN  o.e.m.c.i.embedder.EclipseLogger - Using platform encoding (Cp1252 actually) to copy filtered resources, i.e. build is platform dependent!
2025-08-26 20:14:56,507 [Worker-47: Building] INFO  o.e.m.c.i.embedder.EclipseLogger - Copying 0 resource
2025-08-26 20:14:56,508 [Worker-47: Building] WARN  o.e.m.c.i.embedder.EclipseLogger - Using platform encoding (Cp1252 actually) to copy filtered resources, i.e. build is platform dependent!
2025-08-26 20:14:56,509 [Worker-47: Building] INFO  o.e.m.c.i.embedder.EclipseLogger - skip non existing resourceDirectory C:\Users\Faisal\Desktop\Demo\servlet app\TestApp\src\test\resources
2025-08-26 20:15:39,762 [Worker-52: Building] WARN  o.e.m.c.i.embedder.EclipseLogger - Using platform encoding (Cp1252 actually) to copy filtered resources, i.e. build is platform dependent!
2025-08-26 20:15:39,763 [Worker-52: Building] INFO  o.e.m.c.i.embedder.EclipseLogger - Copying 0 resource
2025-08-26 20:15:39,764 [Worker-52: Building] WARN  o.e.m.c.i.embedder.EclipseLogger - Using platform encoding (Cp1252 actually) to copy filtered resources, i.e. build is platform dependent!
2025-08-26 20:15:39,765 [Worker-52: Building] INFO  o.e.m.c.i.embedder.EclipseLogger - skip non existing resourceDirectory C:\Users\Faisal\Desktop\Demo\servlet app\impapp\src\test\resources
2025-08-26 20:15:45,289 [Worker-51: Building] WARN  o.e.m.c.i.embedder.EclipseLogger - Using platform encoding (Cp1252 actually) to copy filtered resources, i.e. build is platform dependent!
2025-08-26 20:15:45,290 [Worker-51: Building] INFO  o.e.m.c.i.embedder.EclipseLogger - Copying 0 resource
2025-08-26 20:15:45,291 [Worker-51: Building] WARN  o.e.m.c.i.embedder.EclipseLogger - Using platform encoding (Cp1252 actually) to copy filtered resources, i.e. build is platform dependent!
2025-08-26 20:15:45,293 [Worker-51: Building] INFO  o.e.m.c.i.embedder.EclipseLogger - skip non existing resourceDirectory C:\Users\Faisal\Desktop\Demo\servlet app\impapp\src\test\resources
2025-08-26 20:16:34,470 [Worker-52: Building] WARN  o.e.m.c.i.embedder.EclipseLogger - Using platform encoding (Cp1252 actually) to copy filtered resources, i.e. build is platform dependent!
2025-08-26 20:16:34,471 [Worker-52: Building] INFO  o.e.m.c.i.embedder.EclipseLogger - Copying 0 resource
2025-08-26 20:16:34,471 [Worker-52: Building] WARN  o.e.m.c.i.embedder.EclipseLogger - Using platform encoding (Cp1252 actually) to copy filtered resources, i.e. build is platform dependent!
2025-08-26 20:16:34,472 [Worker-52: Building] INFO  o.e.m.c.i.embedder.EclipseLogger - skip non existing resourceDirectory C:\Users\Faisal\Desktop\Demo\servlet app\impapp\src\test\resources
2025-08-26 20:17:06,019 [Worker-47: Building] WARN  o.e.m.c.i.embedder.EclipseLogger - Using platform encoding (Cp1252 actually) to copy filtered resources, i.e. build is platform dependent!
2025-08-26 20:17:06,020 [Worker-47: Building] INFO  o.e.m.c.i.embedder.EclipseLogger - Copying 0 resource
2025-08-26 20:17:06,021 [Worker-47: Building] WARN  o.e.m.c.i.embedder.EclipseLogger - Using platform encoding (Cp1252 actually) to copy filtered resources, i.e. build is platform dependent!
2025-08-26 20:17:06,022 [Worker-47: Building] INFO  o.e.m.c.i.embedder.EclipseLogger - skip non existing resourceDirectory C:\Users\Faisal\Desktop\Demo\servlet app\impapp\src\test\resources
2025-08-26 20:29:55,605 [Worker-49: Building] WARN  o.e.m.c.i.embedder.EclipseLogger - Using platform encoding (Cp1252 actually) to copy filtered resources, i.e. build is platform dependent!
2025-08-26 20:29:55,606 [Worker-49: Building] INFO  o.e.m.c.i.embedder.EclipseLogger - Copying 0 resource
2025-08-26 20:29:55,608 [Worker-49: Building] WARN  o.e.m.c.i.embedder.EclipseLogger - Using platform encoding (Cp1252 actually) to copy filtered resources, i.e. build is platform dependent!
2025-08-26 20:29:55,609 [Worker-49: Building] INFO  o.e.m.c.i.embedder.EclipseLogger - skip non existing resourceDirectory C:\Users\Faisal\Desktop\Demo\servlet app\impapp\src\test\resources
2025-08-26 20:30:46,730 [Worker-57: Building] WARN  o.e.m.c.i.embedder.EclipseLogger - Using platform encoding (Cp1252 actually) to copy filtered resources, i.e. build is platform dependent!
2025-08-26 20:30:46,731 [Worker-57: Building] INFO  o.e.m.c.i.embedder.EclipseLogger - Copying 0 resource
2025-08-26 20:30:46,732 [Worker-57: Building] WARN  o.e.m.c.i.embedder.EclipseLogger - Using platform encoding (Cp1252 actually) to copy filtered resources, i.e. build is platform dependent!
2025-08-26 20:30:46,733 [Worker-57: Building] INFO  o.e.m.c.i.embedder.EclipseLogger - skip non existing resourceDirectory C:\Users\Faisal\Desktop\Demo\servlet app\impapp\src\test\resources
2025-08-26 20:31:28,684 [Worker-55: Building] WARN  o.e.m.c.i.embedder.EclipseLogger - Using platform encoding (Cp1252 actually) to copy filtered resources, i.e. build is platform dependent!
2025-08-26 20:31:28,685 [Worker-55: Building] INFO  o.e.m.c.i.embedder.EclipseLogger - Copying 0 resource
2025-08-26 20:31:28,687 [Worker-55: Building] WARN  o.e.m.c.i.embedder.EclipseLogger - Using platform encoding (Cp1252 actually) to copy filtered resources, i.e. build is platform dependent!
2025-08-26 20:31:28,688 [Worker-55: Building] INFO  o.e.m.c.i.embedder.EclipseLogger - skip non existing resourceDirectory C:\Users\Faisal\Desktop\Demo\servlet app\impapp\src\test\resources
2025-08-26 20:32:11,623 [Worker-63: Building] WARN  o.e.m.c.i.embedder.EclipseLogger - Using platform encoding (Cp1252 actually) to copy filtered resources, i.e. build is platform dependent!
2025-08-26 20:32:11,625 [Worker-63: Building] INFO  o.e.m.c.i.embedder.EclipseLogger - Copying 0 resource
2025-08-26 20:32:11,626 [Worker-63: Building] WARN  o.e.m.c.i.embedder.EclipseLogger - Using platform encoding (Cp1252 actually) to copy filtered resources, i.e. build is platform dependent!
2025-08-26 20:32:11,627 [Worker-63: Building] INFO  o.e.m.c.i.embedder.EclipseLogger - skip non existing resourceDirectory C:\Users\Faisal\Desktop\Demo\servlet app\impapp\src\test\resources
2025-08-26 20:32:19,817 [Worker-60: Building] WARN  o.e.m.c.i.embedder.EclipseLogger - Using platform encoding (Cp1252 actually) to copy filtered resources, i.e. build is platform dependent!
2025-08-26 20:32:19,819 [Worker-60: Building] INFO  o.e.m.c.i.embedder.EclipseLogger - Copying 0 resource
2025-08-26 20:32:19,820 [Worker-60: Building] WARN  o.e.m.c.i.embedder.EclipseLogger - Using platform encoding (Cp1252 actually) to copy filtered resources, i.e. build is platform dependent!
2025-08-26 20:32:19,821 [Worker-60: Building] INFO  o.e.m.c.i.embedder.EclipseLogger - skip non existing resourceDirectory C:\Users\Faisal\Desktop\Demo\servlet app\impapp\src\test\resources
2025-08-26 20:33:18,534 [Worker-63: Building] WARN  o.e.m.c.i.embedder.EclipseLogger - Using platform encoding (Cp1252 actually) to copy filtered resources, i.e. build is platform dependent!
2025-08-26 20:33:18,535 [Worker-63: Building] INFO  o.e.m.c.i.embedder.EclipseLogger - Copying 0 resource
2025-08-26 20:33:18,536 [Worker-63: Building] WARN  o.e.m.c.i.embedder.EclipseLogger - Using platform encoding (Cp1252 actually) to copy filtered resources, i.e. build is platform dependent!
2025-08-26 20:33:18,537 [Worker-63: Building] INFO  o.e.m.c.i.embedder.EclipseLogger - skip non existing resourceDirectory C:\Users\Faisal\Desktop\Demo\servlet app\impapp\src\test\resources
2025-08-26 20:33:48,355 [Worker-49: Building] WARN  o.e.m.c.i.embedder.EclipseLogger - Using platform encoding (Cp1252 actually) to copy filtered resources, i.e. build is platform dependent!
2025-08-26 20:33:48,356 [Worker-49: Building] INFO  o.e.m.c.i.embedder.EclipseLogger - Copying 0 resource
2025-08-26 20:33:48,358 [Worker-49: Building] WARN  o.e.m.c.i.embedder.EclipseLogger - Using platform encoding (Cp1252 actually) to copy filtered resources, i.e. build is platform dependent!
2025-08-26 20:33:48,359 [Worker-49: Building] INFO  o.e.m.c.i.embedder.EclipseLogger - skip non existing resourceDirectory C:\Users\Faisal\Desktop\Demo\servlet app\impapp\src\test\resources
2025-08-26 20:33:53,317 [Worker-62: Building] WARN  o.e.m.c.i.embedder.EclipseLogger - Using platform encoding (Cp1252 actually) to copy filtered resources, i.e. build is platform dependent!
2025-08-26 20:33:53,318 [Worker-62: Building] INFO  o.e.m.c.i.embedder.EclipseLogger - Copying 0 resource
2025-08-26 20:33:53,319 [Worker-62: Building] WARN  o.e.m.c.i.embedder.EclipseLogger - Using platform encoding (Cp1252 actually) to copy filtered resources, i.e. build is platform dependent!
2025-08-26 20:33:53,320 [Worker-62: Building] INFO  o.e.m.c.i.embedder.EclipseLogger - skip non existing resourceDirectory C:\Users\Faisal\Desktop\Demo\servlet app\impapp\src\test\resources
2025-08-26 20:33:59,368 [Worker-59: Building] WARN  o.e.m.c.i.embedder.EclipseLogger - Using platform encoding (Cp1252 actually) to copy filtered resources, i.e. build is platform dependent!
2025-08-26 20:33:59,369 [Worker-59: Building] INFO  o.e.m.c.i.embedder.EclipseLogger - Copying 0 resource
2025-08-26 20:33:59,371 [Worker-59: Building] WARN  o.e.m.c.i.embedder.EclipseLogger - Using platform encoding (Cp1252 actually) to copy filtered resources, i.e. build is platform dependent!
2025-08-26 20:33:59,372 [Worker-59: Building] INFO  o.e.m.c.i.embedder.EclipseLogger - skip non existing resourceDirectory C:\Users\Faisal\Desktop\Demo\servlet app\impapp\src\test\resources
2025-08-26 20:34:04,246 [Worker-60: Building] WARN  o.e.m.c.i.embedder.EclipseLogger - Using platform encoding (Cp1252 actually) to copy filtered resources, i.e. build is platform dependent!
2025-08-26 20:34:04,247 [Worker-60: Building] INFO  o.e.m.c.i.embedder.EclipseLogger - Copying 0 resource
2025-08-26 20:34:04,249 [Worker-60: Building] WARN  o.e.m.c.i.embedder.EclipseLogger - Using platform encoding (Cp1252 actually) to copy filtered resources, i.e. build is platform dependent!
2025-08-26 20:34:04,250 [Worker-60: Building] INFO  o.e.m.c.i.embedder.EclipseLogger - skip non existing resourceDirectory C:\Users\Faisal\Desktop\Demo\servlet app\impapp\src\test\resources
2025-08-26 20:34:16,838 [Worker-59: Building] WARN  o.e.m.c.i.embedder.EclipseLogger - Using platform encoding (Cp1252 actually) to copy filtered resources, i.e. build is platform dependent!
2025-08-26 20:34:16,839 [Worker-59: Building] INFO  o.e.m.c.i.embedder.EclipseLogger - Copying 0 resource
2025-08-26 20:34:16,840 [Worker-59: Building] WARN  o.e.m.c.i.embedder.EclipseLogger - Using platform encoding (Cp1252 actually) to copy filtered resources, i.e. build is platform dependent!
2025-08-26 20:34:16,841 [Worker-59: Building] INFO  o.e.m.c.i.embedder.EclipseLogger - skip non existing resourceDirectory C:\Users\Faisal\Desktop\Demo\servlet app\impapp\src\test\resources
2025-08-26 20:34:28,893 [Worker-55: Building] WARN  o.e.m.c.i.embedder.EclipseLogger - Using platform encoding (Cp1252 actually) to copy filtered resources, i.e. build is platform dependent!
2025-08-26 20:34:28,894 [Worker-55: Building] INFO  o.e.m.c.i.embedder.EclipseLogger - Copying 0 resource
2025-08-26 20:34:28,895 [Worker-55: Building] WARN  o.e.m.c.i.embedder.EclipseLogger - Using platform encoding (Cp1252 actually) to copy filtered resources, i.e. build is platform dependent!
2025-08-26 20:34:28,896 [Worker-55: Building] INFO  o.e.m.c.i.embedder.EclipseLogger - skip non existing resourceDirectory C:\Users\Faisal\Desktop\Demo\servlet app\impapp\src\test\resources
2025-08-26 20:34:34,685 [Worker-55: Building] WARN  o.e.m.c.i.embedder.EclipseLogger - Using platform encoding (Cp1252 actually) to copy filtered resources, i.e. build is platform dependent!
2025-08-26 20:34:34,687 [Worker-55: Building] INFO  o.e.m.c.i.embedder.EclipseLogger - Copying 0 resource
2025-08-26 20:34:34,688 [Worker-55: Building] WARN  o.e.m.c.i.embedder.EclipseLogger - Using platform encoding (Cp1252 actually) to copy filtered resources, i.e. build is platform dependent!
2025-08-26 20:34:34,689 [Worker-55: Building] INFO  o.e.m.c.i.embedder.EclipseLogger - skip non existing resourceDirectory C:\Users\Faisal\Desktop\Demo\servlet app\impapp\src\test\resources
2025-08-26 20:35:19,297 [Worker-59: Building] WARN  o.e.m.c.i.embedder.EclipseLogger - Using platform encoding (Cp1252 actually) to copy filtered resources, i.e. build is platform dependent!
2025-08-26 20:35:19,298 [Worker-59: Building] INFO  o.e.m.c.i.embedder.EclipseLogger - Copying 0 resource
2025-08-26 20:35:19,299 [Worker-59: Building] WARN  o.e.m.c.i.embedder.EclipseLogger - Using platform encoding (Cp1252 actually) to copy filtered resources, i.e. build is platform dependent!
2025-08-26 20:35:19,300 [Worker-59: Building] INFO  o.e.m.c.i.embedder.EclipseLogger - skip non existing resourceDirectory C:\Users\Faisal\Desktop\Demo\servlet app\impapp\src\test\resources
2025-08-26 20:35:48,585 [Worker-62: Updating Maven Dependencies] INFO  o.e.m.c.i.l.LifecycleMappingFactory - Using org.maven.ide.eclipse.wtp.WarLifecycleMapping lifecycle mapping for MavenProject: com.pli:TestApp:0.0.1-SNAPSHOT @ C:\Users\Faisal\Desktop\Demo\servlet app\TestApp\pom.xml.
2025-08-26 20:35:48,869 [Worker-57: Building] WARN  o.e.m.c.i.embedder.EclipseLogger - Using platform encoding (Cp1252 actually) to copy filtered resources, i.e. build is platform dependent!
2025-08-26 20:35:48,871 [Worker-57: Building] INFO  o.e.m.c.i.embedder.EclipseLogger - Copying 0 resource
2025-08-26 20:35:48,872 [Worker-57: Building] WARN  o.e.m.c.i.embedder.EclipseLogger - Using platform encoding (Cp1252 actually) to copy filtered resources, i.e. build is platform dependent!
2025-08-26 20:35:48,873 [Worker-57: Building] INFO  o.e.m.c.i.embedder.EclipseLogger - skip non existing resourceDirectory C:\Users\Faisal\Desktop\Demo\servlet app\TestApp\src\test\resources
2025-08-26 20:36:36,850 [Worker-55: Building] WARN  o.e.m.c.i.embedder.EclipseLogger - Using platform encoding (Cp1252 actually) to copy filtered resources, i.e. build is platform dependent!
2025-08-26 20:36:36,852 [Worker-55: Building] INFO  o.e.m.c.i.embedder.EclipseLogger - Copying 0 resource
2025-08-26 20:36:36,853 [Worker-55: Building] WARN  o.e.m.c.i.embedder.EclipseLogger - Using platform encoding (Cp1252 actually) to copy filtered resources, i.e. build is platform dependent!
2025-08-26 20:36:36,854 [Worker-55: Building] INFO  o.e.m.c.i.embedder.EclipseLogger - skip non existing resourceDirectory C:\Users\Faisal\Desktop\Demo\servlet app\impapp\src\test\resources
2025-08-26 20:36:52,270 [Worker-61: Building] WARN  o.e.m.c.i.embedder.EclipseLogger - Using platform encoding (Cp1252 actually) to copy filtered resources, i.e. build is platform dependent!
2025-08-26 20:36:52,271 [Worker-61: Building] INFO  o.e.m.c.i.embedder.EclipseLogger - Copying 0 resource
2025-08-26 20:36:52,271 [Worker-61: Building] WARN  o.e.m.c.i.embedder.EclipseLogger - Using platform encoding (Cp1252 actually) to copy filtered resources, i.e. build is platform dependent!
2025-08-26 20:36:52,272 [Worker-61: Building] INFO  o.e.m.c.i.embedder.EclipseLogger - skip non existing resourceDirectory C:\Users\Faisal\Desktop\Demo\servlet app\impapp\src\test\resources
2025-08-26 20:38:39,946 [Worker-57: Building] WARN  o.e.m.c.i.embedder.EclipseLogger - Using platform encoding (Cp1252 actually) to copy filtered resources, i.e. build is platform dependent!
2025-08-26 20:38:39,948 [Worker-57: Building] INFO  o.e.m.c.i.embedder.EclipseLogger - Copying 0 resource
2025-08-26 20:38:39,949 [Worker-57: Building] WARN  o.e.m.c.i.embedder.EclipseLogger - Using platform encoding (Cp1252 actually) to copy filtered resources, i.e. build is platform dependent!
2025-08-26 20:38:39,950 [Worker-57: Building] INFO  o.e.m.c.i.embedder.EclipseLogger - skip non existing resourceDirectory C:\Users\Faisal\Desktop\Demo\servlet app\impapp\src\test\resources
2025-08-26 20:39:07,810 [Worker-63: Building] WARN  o.e.m.c.i.embedder.EclipseLogger - Using platform encoding (Cp1252 actually) to copy filtered resources, i.e. build is platform dependent!
2025-08-26 20:39:07,812 [Worker-63: Building] INFO  o.e.m.c.i.embedder.EclipseLogger - Copying 0 resource
2025-08-26 20:39:07,813 [Worker-63: Building] WARN  o.e.m.c.i.embedder.EclipseLogger - Using platform encoding (Cp1252 actually) to copy filtered resources, i.e. build is platform dependent!
2025-08-26 20:39:07,814 [Worker-63: Building] INFO  o.e.m.c.i.embedder.EclipseLogger - skip non existing resourceDirectory C:\Users\Faisal\Desktop\Demo\servlet app\impapp\src\test\resources
2025-08-26 20:39:41,982 [Worker-57: Building] WARN  o.e.m.c.i.embedder.EclipseLogger - Using platform encoding (Cp1252 actually) to copy filtered resources, i.e. build is platform dependent!
2025-08-26 20:39:41,984 [Worker-57: Building] INFO  o.e.m.c.i.embedder.EclipseLogger - Copying 0 resource
2025-08-26 20:39:41,985 [Worker-57: Building] WARN  o.e.m.c.i.embedder.EclipseLogger - Using platform encoding (Cp1252 actually) to copy filtered resources, i.e. build is platform dependent!
2025-08-26 20:39:41,986 [Worker-57: Building] INFO  o.e.m.c.i.embedder.EclipseLogger - skip non existing resourceDirectory C:\Users\Faisal\Desktop\Demo\servlet app\impapp\src\test\resources
2025-08-27 05:43:36,053 [Worker-57: Building] WARN  o.e.m.c.i.embedder.EclipseLogger - Using platform encoding (Cp1252 actually) to copy filtered resources, i.e. build is platform dependent!
2025-08-27 05:43:36,058 [Worker-57: Building] INFO  o.e.m.c.i.embedder.EclipseLogger - Copying 0 resource
2025-08-27 05:43:36,060 [Worker-57: Building] WARN  o.e.m.c.i.embedder.EclipseLogger - Using platform encoding (Cp1252 actually) to copy filtered resources, i.e. build is platform dependent!
2025-08-27 05:43:36,062 [Worker-57: Building] INFO  o.e.m.c.i.embedder.EclipseLogger - skip non existing resourceDirectory C:\Users\Faisal\Desktop\Demo\servlet app\impapp\src\test\resources
2025-08-27 05:44:17,998 [Worker-68: Building] WARN  o.e.m.c.i.embedder.EclipseLogger - Using platform encoding (Cp1252 actually) to copy filtered resources, i.e. build is platform dependent!
2025-08-27 05:44:18,000 [Worker-68: Building] INFO  o.e.m.c.i.embedder.EclipseLogger - Copying 0 resource
2025-08-27 05:44:18,002 [Worker-68: Building] WARN  o.e.m.c.i.embedder.EclipseLogger - Using platform encoding (Cp1252 actually) to copy filtered resources, i.e. build is platform dependent!
2025-08-27 05:44:18,003 [Worker-68: Building] INFO  o.e.m.c.i.embedder.EclipseLogger - skip non existing resourceDirectory C:\Users\Faisal\Desktop\Demo\servlet app\impapp\src\test\resources
2025-08-27 05:44:28,663 [Worker-66: Building] WARN  o.e.m.c.i.embedder.EclipseLogger - Using platform encoding (Cp1252 actually) to copy filtered resources, i.e. build is platform dependent!
2025-08-27 05:44:28,665 [Worker-66: Building] INFO  o.e.m.c.i.embedder.EclipseLogger - Copying 0 resource
2025-08-27 05:44:28,667 [Worker-66: Building] WARN  o.e.m.c.i.embedder.EclipseLogger - Using platform encoding (Cp1252 actually) to copy filtered resources, i.e. build is platform dependent!
2025-08-27 05:44:28,668 [Worker-66: Building] INFO  o.e.m.c.i.embedder.EclipseLogger - skip non existing resourceDirectory C:\Users\Faisal\Desktop\Demo\servlet app\impapp\src\test\resources
2025-08-27 05:44:40,119 [Worker-68: Building] WARN  o.e.m.c.i.embedder.EclipseLogger - Using platform encoding (Cp1252 actually) to copy filtered resources, i.e. build is platform dependent!
2025-08-27 05:44:40,163 [Worker-68: Building] INFO  o.e.m.c.i.embedder.EclipseLogger - Copying 0 resource
2025-08-27 05:44:40,165 [Worker-68: Building] WARN  o.e.m.c.i.embedder.EclipseLogger - Using platform encoding (Cp1252 actually) to copy filtered resources, i.e. build is platform dependent!
2025-08-27 05:44:40,166 [Worker-68: Building] INFO  o.e.m.c.i.embedder.EclipseLogger - skip non existing resourceDirectory C:\Users\Faisal\Desktop\Demo\servlet app\impapp\src\test\resources
2025-08-27 05:44:45,472 [Worker-71: Building] WARN  o.e.m.c.i.embedder.EclipseLogger - Using platform encoding (Cp1252 actually) to copy filtered resources, i.e. build is platform dependent!
2025-08-27 05:44:45,474 [Worker-71: Building] INFO  o.e.m.c.i.embedder.EclipseLogger - Copying 0 resource
2025-08-27 05:44:45,476 [Worker-71: Building] WARN  o.e.m.c.i.embedder.EclipseLogger - Using platform encoding (Cp1252 actually) to copy filtered resources, i.e. build is platform dependent!
2025-08-27 05:44:45,477 [Worker-71: Building] INFO  o.e.m.c.i.embedder.EclipseLogger - skip non existing resourceDirectory C:\Users\Faisal\Desktop\Demo\servlet app\impapp\src\test\resources
2025-08-27 05:46:31,263 [Worker-65: Building] WARN  o.e.m.c.i.embedder.EclipseLogger - Using platform encoding (Cp1252 actually) to copy filtered resources, i.e. build is platform dependent!
2025-08-27 05:46:31,265 [Worker-65: Building] INFO  o.e.m.c.i.embedder.EclipseLogger - Copying 0 resource
2025-08-27 05:46:31,267 [Worker-65: Building] WARN  o.e.m.c.i.embedder.EclipseLogger - Using platform encoding (Cp1252 actually) to copy filtered resources, i.e. build is platform dependent!
2025-08-27 05:46:31,268 [Worker-65: Building] INFO  o.e.m.c.i.embedder.EclipseLogger - skip non existing resourceDirectory C:\Users\Faisal\Desktop\Demo\servlet app\impapp\src\test\resources
2025-08-27 05:48:50,818 [Worker-69: Building] WARN  o.e.m.c.i.embedder.EclipseLogger - Using platform encoding (Cp1252 actually) to copy filtered resources, i.e. build is platform dependent!
2025-08-27 05:48:50,819 [Worker-69: Building] INFO  o.e.m.c.i.embedder.EclipseLogger - Copying 0 resource
2025-08-27 05:48:50,821 [Worker-69: Building] WARN  o.e.m.c.i.embedder.EclipseLogger - Using platform encoding (Cp1252 actually) to copy filtered resources, i.e. build is platform dependent!
2025-08-27 05:48:50,823 [Worker-69: Building] INFO  o.e.m.c.i.embedder.EclipseLogger - skip non existing resourceDirectory C:\Users\Faisal\Desktop\Demo\servlet app\impapp\src\test\resources
2025-08-27 05:49:06,690 [Worker-73: Building] WARN  o.e.m.c.i.embedder.EclipseLogger - Using platform encoding (Cp1252 actually) to copy filtered resources, i.e. build is platform dependent!
2025-08-27 05:49:06,693 [Worker-73: Building] INFO  o.e.m.c.i.embedder.EclipseLogger - Copying 0 resource
2025-08-27 05:49:06,696 [Worker-73: Building] WARN  o.e.m.c.i.embedder.EclipseLogger - Using platform encoding (Cp1252 actually) to copy filtered resources, i.e. build is platform dependent!
2025-08-27 05:49:06,698 [Worker-73: Building] INFO  o.e.m.c.i.embedder.EclipseLogger - skip non existing resourceDirectory C:\Users\Faisal\Desktop\Demo\servlet app\impapp\src\test\resources
2025-08-27 05:51:06,930 [Worker-72: Building] WARN  o.e.m.c.i.embedder.EclipseLogger - Using platform encoding (Cp1252 actually) to copy filtered resources, i.e. build is platform dependent!
2025-08-27 05:51:06,932 [Worker-72: Building] INFO  o.e.m.c.i.embedder.EclipseLogger - Copying 0 resource
2025-08-27 05:51:06,933 [Worker-72: Building] WARN  o.e.m.c.i.embedder.EclipseLogger - Using platform encoding (Cp1252 actually) to copy filtered resources, i.e. build is platform dependent!
2025-08-27 05:51:06,934 [Worker-72: Building] INFO  o.e.m.c.i.embedder.EclipseLogger - skip non existing resourceDirectory C:\Users\Faisal\Desktop\Demo\servlet app\impapp\src\test\resources
2025-08-27 05:51:12,620 [Worker-73: Building] WARN  o.e.m.c.i.embedder.EclipseLogger - Using platform encoding (Cp1252 actually) to copy filtered resources, i.e. build is platform dependent!
2025-08-27 05:51:12,624 [Worker-73: Building] INFO  o.e.m.c.i.embedder.EclipseLogger - Copying 0 resource
2025-08-27 05:51:12,626 [Worker-73: Building] WARN  o.e.m.c.i.embedder.EclipseLogger - Using platform encoding (Cp1252 actually) to copy filtered resources, i.e. build is platform dependent!
2025-08-27 05:51:12,628 [Worker-73: Building] INFO  o.e.m.c.i.embedder.EclipseLogger - skip non existing resourceDirectory C:\Users\Faisal\Desktop\Demo\servlet app\impapp\src\test\resources
2025-08-27 05:51:51,825 [Worker-72: Building] WARN  o.e.m.c.i.embedder.EclipseLogger - Using platform encoding (Cp1252 actually) to copy filtered resources, i.e. build is platform dependent!
2025-08-27 05:51:51,826 [Worker-72: Building] INFO  o.e.m.c.i.embedder.EclipseLogger - Copying 0 resource
2025-08-27 05:51:51,828 [Worker-72: Building] WARN  o.e.m.c.i.embedder.EclipseLogger - Using platform encoding (Cp1252 actually) to copy filtered resources, i.e. build is platform dependent!
2025-08-27 05:51:51,830 [Worker-72: Building] INFO  o.e.m.c.i.embedder.EclipseLogger - skip non existing resourceDirectory C:\Users\Faisal\Desktop\Demo\servlet app\impapp\src\test\resources
2025-08-27 05:51:53,877 [Worker-74: Building] WARN  o.e.m.c.i.embedder.EclipseLogger - Using platform encoding (Cp1252 actually) to copy filtered resources, i.e. build is platform dependent!
2025-08-27 05:51:53,881 [Worker-74: Building] INFO  o.e.m.c.i.embedder.EclipseLogger - Copying 0 resource
2025-08-27 05:51:53,883 [Worker-74: Building] WARN  o.e.m.c.i.embedder.EclipseLogger - Using platform encoding (Cp1252 actually) to copy filtered resources, i.e. build is platform dependent!
2025-08-27 05:51:53,885 [Worker-74: Building] INFO  o.e.m.c.i.embedder.EclipseLogger - skip non existing resourceDirectory C:\Users\Faisal\Desktop\Demo\servlet app\impapp\src\test\resources
2025-08-27 05:53:53,317 [Worker-77: Building] WARN  o.e.m.c.i.embedder.EclipseLogger - Using platform encoding (Cp1252 actually) to copy filtered resources, i.e. build is platform dependent!
2025-08-27 05:53:53,319 [Worker-77: Building] INFO  o.e.m.c.i.embedder.EclipseLogger - Copying 0 resource
2025-08-27 05:53:53,321 [Worker-77: Building] WARN  o.e.m.c.i.embedder.EclipseLogger - Using platform encoding (Cp1252 actually) to copy filtered resources, i.e. build is platform dependent!
2025-08-27 05:53:53,322 [Worker-77: Building] INFO  o.e.m.c.i.embedder.EclipseLogger - skip non existing resourceDirectory C:\Users\Faisal\Desktop\Demo\servlet app\impapp\src\test\resources
2025-08-27 05:55:02,976 [Worker-83: Building] WARN  o.e.m.c.i.embedder.EclipseLogger - Using platform encoding (Cp1252 actually) to copy filtered resources, i.e. build is platform dependent!
2025-08-27 05:55:02,979 [Worker-83: Building] INFO  o.e.m.c.i.embedder.EclipseLogger - Copying 0 resource
2025-08-27 05:55:02,980 [Worker-83: Building] WARN  o.e.m.c.i.embedder.EclipseLogger - Using platform encoding (Cp1252 actually) to copy filtered resources, i.e. build is platform dependent!
2025-08-27 05:55:02,981 [Worker-83: Building] INFO  o.e.m.c.i.embedder.EclipseLogger - skip non existing resourceDirectory C:\Users\Faisal\Desktop\Demo\servlet app\impapp\src\test\resources
2025-08-27 05:55:30,221 [Worker-74: Building] WARN  o.e.m.c.i.embedder.EclipseLogger - Using platform encoding (Cp1252 actually) to copy filtered resources, i.e. build is platform dependent!
2025-08-27 05:55:30,223 [Worker-74: Building] INFO  o.e.m.c.i.embedder.EclipseLogger - Copying 0 resource
2025-08-27 05:55:30,225 [Worker-74: Building] WARN  o.e.m.c.i.embedder.EclipseLogger - Using platform encoding (Cp1252 actually) to copy filtered resources, i.e. build is platform dependent!
2025-08-27 05:55:30,227 [Worker-74: Building] INFO  o.e.m.c.i.embedder.EclipseLogger - skip non existing resourceDirectory C:\Users\Faisal\Desktop\Demo\servlet app\impapp\src\test\resources
2025-08-27 05:55:37,977 [Worker-74: Building] WARN  o.e.m.c.i.embedder.EclipseLogger - Using platform encoding (Cp1252 actually) to copy filtered resources, i.e. build is platform dependent!
2025-08-27 05:55:37,979 [Worker-74: Building] INFO  o.e.m.c.i.embedder.EclipseLogger - Copying 0 resource
2025-08-27 05:55:37,982 [Worker-74: Building] WARN  o.e.m.c.i.embedder.EclipseLogger - Using platform encoding (Cp1252 actually) to copy filtered resources, i.e. build is platform dependent!
2025-08-27 05:55:37,983 [Worker-74: Building] INFO  o.e.m.c.i.embedder.EclipseLogger - skip non existing resourceDirectory C:\Users\Faisal\Desktop\Demo\servlet app\impapp\src\test\resources
2025-08-27 05:58:50,681 [Worker-83: Building] WARN  o.e.m.c.i.embedder.EclipseLogger - Using platform encoding (Cp1252 actually) to copy filtered resources, i.e. build is platform dependent!
2025-08-27 05:58:50,686 [Worker-83: Building] INFO  o.e.m.c.i.embedder.EclipseLogger - Copying 0 resource
2025-08-27 05:58:50,689 [Worker-83: Building] WARN  o.e.m.c.i.embedder.EclipseLogger - Using platform encoding (Cp1252 actually) to copy filtered resources, i.e. build is platform dependent!
2025-08-27 05:58:50,691 [Worker-83: Building] INFO  o.e.m.c.i.embedder.EclipseLogger - skip non existing resourceDirectory C:\Users\Faisal\Desktop\Demo\servlet app\impapp\src\test\resources
2025-08-27 05:59:21,161 [Worker-79: Building] WARN  o.e.m.c.i.embedder.EclipseLogger - Using platform encoding (Cp1252 actually) to copy filtered resources, i.e. build is platform dependent!
2025-08-27 05:59:21,163 [Worker-79: Building] INFO  o.e.m.c.i.embedder.EclipseLogger - Copying 0 resource
2025-08-27 05:59:21,166 [Worker-79: Building] WARN  o.e.m.c.i.embedder.EclipseLogger - Using platform encoding (Cp1252 actually) to copy filtered resources, i.e. build is platform dependent!
2025-08-27 05:59:21,166 [Worker-79: Building] INFO  o.e.m.c.i.embedder.EclipseLogger - skip non existing resourceDirectory C:\Users\Faisal\Desktop\Demo\servlet app\impapp\src\test\resources
2025-08-27 06:00:56,443 [Worker-78: Building] WARN  o.e.m.c.i.embedder.EclipseLogger - Using platform encoding (Cp1252 actually) to copy filtered resources, i.e. build is platform dependent!
2025-08-27 06:00:56,447 [Worker-78: Building] INFO  o.e.m.c.i.embedder.EclipseLogger - Copying 0 resource
2025-08-27 06:00:56,449 [Worker-78: Building] WARN  o.e.m.c.i.embedder.EclipseLogger - Using platform encoding (Cp1252 actually) to copy filtered resources, i.e. build is platform dependent!
2025-08-27 06:00:56,450 [Worker-78: Building] INFO  o.e.m.c.i.embedder.EclipseLogger - skip non existing resourceDirectory C:\Users\Faisal\Desktop\Demo\servlet app\impapp\src\test\resources
2025-08-27 06:01:15,102 [Worker-78: Building] WARN  o.e.m.c.i.embedder.EclipseLogger - Using platform encoding (Cp1252 actually) to copy filtered resources, i.e. build is platform dependent!
2025-08-27 06:01:15,104 [Worker-78: Building] INFO  o.e.m.c.i.embedder.EclipseLogger - Copying 0 resource
2025-08-27 06:01:15,106 [Worker-78: Building] WARN  o.e.m.c.i.embedder.EclipseLogger - Using platform encoding (Cp1252 actually) to copy filtered resources, i.e. build is platform dependent!
2025-08-27 06:01:15,108 [Worker-78: Building] INFO  o.e.m.c.i.embedder.EclipseLogger - skip non existing resourceDirectory C:\Users\Faisal\Desktop\Demo\servlet app\impapp\src\test\resources
2025-08-27 06:01:33,880 [Worker-78: Building] WARN  o.e.m.c.i.embedder.EclipseLogger - Using platform encoding (Cp1252 actually) to copy filtered resources, i.e. build is platform dependent!
2025-08-27 06:01:33,883 [Worker-78: Building] INFO  o.e.m.c.i.embedder.EclipseLogger - Copying 0 resource
2025-08-27 06:01:33,884 [Worker-78: Building] WARN  o.e.m.c.i.embedder.EclipseLogger - Using platform encoding (Cp1252 actually) to copy filtered resources, i.e. build is platform dependent!
2025-08-27 06:01:33,886 [Worker-78: Building] INFO  o.e.m.c.i.embedder.EclipseLogger - skip non existing resourceDirectory C:\Users\Faisal\Desktop\Demo\servlet app\impapp\src\test\resources
2025-08-27 06:02:09,297 [Worker-78: Building] WARN  o.e.m.c.i.embedder.EclipseLogger - Using platform encoding (Cp1252 actually) to copy filtered resources, i.e. build is platform dependent!
2025-08-27 06:02:09,300 [Worker-78: Building] INFO  o.e.m.c.i.embedder.EclipseLogger - Copying 0 resource
2025-08-27 06:02:09,302 [Worker-78: Building] WARN  o.e.m.c.i.embedder.EclipseLogger - Using platform encoding (Cp1252 actually) to copy filtered resources, i.e. build is platform dependent!
2025-08-27 06:02:09,304 [Worker-78: Building] INFO  o.e.m.c.i.embedder.EclipseLogger - skip non existing resourceDirectory C:\Users\Faisal\Desktop\Demo\servlet app\impapp\src\test\resources
2025-08-27 06:02:24,173 [Worker-77: Building] WARN  o.e.m.c.i.embedder.EclipseLogger - Using platform encoding (Cp1252 actually) to copy filtered resources, i.e. build is platform dependent!
2025-08-27 06:02:24,175 [Worker-77: Building] INFO  o.e.m.c.i.embedder.EclipseLogger - Copying 0 resource
2025-08-27 06:02:24,178 [Worker-77: Building] WARN  o.e.m.c.i.embedder.EclipseLogger - Using platform encoding (Cp1252 actually) to copy filtered resources, i.e. build is platform dependent!
2025-08-27 06:02:24,180 [Worker-77: Building] INFO  o.e.m.c.i.embedder.EclipseLogger - skip non existing resourceDirectory C:\Users\Faisal\Desktop\Demo\servlet app\impapp\src\test\resources
2025-08-27 06:02:26,888 [Worker-79: Building] WARN  o.e.m.c.i.embedder.EclipseLogger - Using platform encoding (Cp1252 actually) to copy filtered resources, i.e. build is platform dependent!
2025-08-27 06:02:26,891 [Worker-79: Building] INFO  o.e.m.c.i.embedder.EclipseLogger - Copying 0 resource
2025-08-27 06:02:26,893 [Worker-79: Building] WARN  o.e.m.c.i.embedder.EclipseLogger - Using platform encoding (Cp1252 actually) to copy filtered resources, i.e. build is platform dependent!
2025-08-27 06:02:26,894 [Worker-79: Building] INFO  o.e.m.c.i.embedder.EclipseLogger - skip non existing resourceDirectory C:\Users\Faisal\Desktop\Demo\servlet app\impapp\src\test\resources
2025-08-27 06:04:28,029 [Worker-78: Building] WARN  o.e.m.c.i.embedder.EclipseLogger - Using platform encoding (Cp1252 actually) to copy filtered resources, i.e. build is platform dependent!
2025-08-27 06:04:28,032 [Worker-78: Building] INFO  o.e.m.c.i.embedder.EclipseLogger - Copying 0 resource
2025-08-27 06:04:28,034 [Worker-78: Building] WARN  o.e.m.c.i.embedder.EclipseLogger - Using platform encoding (Cp1252 actually) to copy filtered resources, i.e. build is platform dependent!
2025-08-27 06:04:28,035 [Worker-78: Building] INFO  o.e.m.c.i.embedder.EclipseLogger - skip non existing resourceDirectory C:\Users\Faisal\Desktop\Demo\servlet app\impapp\src\test\resources
2025-08-27 06:05:10,263 [Worker-78: Building] WARN  o.e.m.c.i.embedder.EclipseLogger - Using platform encoding (Cp1252 actually) to copy filtered resources, i.e. build is platform dependent!
2025-08-27 06:05:10,265 [Worker-78: Building] INFO  o.e.m.c.i.embedder.EclipseLogger - Copying 0 resource
2025-08-27 06:05:10,267 [Worker-78: Building] WARN  o.e.m.c.i.embedder.EclipseLogger - Using platform encoding (Cp1252 actually) to copy filtered resources, i.e. build is platform dependent!
2025-08-27 06:05:10,269 [Worker-78: Building] INFO  o.e.m.c.i.embedder.EclipseLogger - skip non existing resourceDirectory C:\Users\Faisal\Desktop\Demo\servlet app\impapp\src\test\resources
2025-08-27 06:05:18,193 [Worker-77: Building] WARN  o.e.m.c.i.embedder.EclipseLogger - Using platform encoding (Cp1252 actually) to copy filtered resources, i.e. build is platform dependent!
2025-08-27 06:05:18,195 [Worker-77: Building] INFO  o.e.m.c.i.embedder.EclipseLogger - Copying 0 resource
2025-08-27 06:05:18,197 [Worker-77: Building] WARN  o.e.m.c.i.embedder.EclipseLogger - Using platform encoding (Cp1252 actually) to copy filtered resources, i.e. build is platform dependent!
2025-08-27 06:05:18,198 [Worker-77: Building] INFO  o.e.m.c.i.embedder.EclipseLogger - skip non existing resourceDirectory C:\Users\Faisal\Desktop\Demo\servlet app\impapp\src\test\resources
2025-08-27 06:06:21,914 [Worker-79: Building] WARN  o.e.m.c.i.embedder.EclipseLogger - Using platform encoding (Cp1252 actually) to copy filtered resources, i.e. build is platform dependent!
2025-08-27 06:06:21,916 [Worker-79: Building] INFO  o.e.m.c.i.embedder.EclipseLogger - Copying 0 resource
2025-08-27 06:06:21,918 [Worker-79: Building] WARN  o.e.m.c.i.embedder.EclipseLogger - Using platform encoding (Cp1252 actually) to copy filtered resources, i.e. build is platform dependent!
2025-08-27 06:06:21,919 [Worker-79: Building] INFO  o.e.m.c.i.embedder.EclipseLogger - skip non existing resourceDirectory C:\Users\Faisal\Desktop\Demo\servlet app\impapp\src\test\resources
2025-08-27 06:06:32,361 [Worker-79: Building] WARN  o.e.m.c.i.embedder.EclipseLogger - Using platform encoding (Cp1252 actually) to copy filtered resources, i.e. build is platform dependent!
2025-08-27 06:06:32,362 [Worker-79: Building] INFO  o.e.m.c.i.embedder.EclipseLogger - Copying 0 resource
2025-08-27 06:06:32,363 [Worker-79: Building] WARN  o.e.m.c.i.embedder.EclipseLogger - Using platform encoding (Cp1252 actually) to copy filtered resources, i.e. build is platform dependent!
2025-08-27 06:06:32,364 [Worker-79: Building] INFO  o.e.m.c.i.embedder.EclipseLogger - skip non existing resourceDirectory C:\Users\Faisal\Desktop\Demo\servlet app\impapp\src\test\resources
2025-08-27 06:06:34,591 [Worker-83: Building] WARN  o.e.m.c.i.embedder.EclipseLogger - Using platform encoding (Cp1252 actually) to copy filtered resources, i.e. build is platform dependent!
2025-08-27 06:06:34,595 [Worker-83: Building] INFO  o.e.m.c.i.embedder.EclipseLogger - Copying 0 resource
2025-08-27 06:06:34,597 [Worker-83: Building] WARN  o.e.m.c.i.embedder.EclipseLogger - Using platform encoding (Cp1252 actually) to copy filtered resources, i.e. build is platform dependent!
2025-08-27 06:06:34,598 [Worker-83: Building] INFO  o.e.m.c.i.embedder.EclipseLogger - skip non existing resourceDirectory C:\Users\Faisal\Desktop\Demo\servlet app\impapp\src\test\resources
2025-08-27 06:06:39,413 [Worker-79: Building] WARN  o.e.m.c.i.embedder.EclipseLogger - Using platform encoding (Cp1252 actually) to copy filtered resources, i.e. build is platform dependent!
2025-08-27 06:06:39,415 [Worker-79: Building] INFO  o.e.m.c.i.embedder.EclipseLogger - Copying 0 resource
2025-08-27 06:06:39,416 [Worker-79: Building] WARN  o.e.m.c.i.embedder.EclipseLogger - Using platform encoding (Cp1252 actually) to copy filtered resources, i.e. build is platform dependent!
2025-08-27 06:06:39,418 [Worker-79: Building] INFO  o.e.m.c.i.embedder.EclipseLogger - skip non existing resourceDirectory C:\Users\Faisal\Desktop\Demo\servlet app\impapp\src\test\resources
2025-08-27 06:07:04,649 [Worker-83: Building] WARN  o.e.m.c.i.embedder.EclipseLogger - Using platform encoding (Cp1252 actually) to copy filtered resources, i.e. build is platform dependent!
2025-08-27 06:07:04,651 [Worker-83: Building] INFO  o.e.m.c.i.embedder.EclipseLogger - Copying 0 resource
2025-08-27 06:07:04,652 [Worker-83: Building] WARN  o.e.m.c.i.embedder.EclipseLogger - Using platform encoding (Cp1252 actually) to copy filtered resources, i.e. build is platform dependent!
2025-08-27 06:07:04,654 [Worker-83: Building] INFO  o.e.m.c.i.embedder.EclipseLogger - skip non existing resourceDirectory C:\Users\Faisal\Desktop\Demo\servlet app\impapp\src\test\resources
2025-08-27 06:07:40,526 [Worker-79: Building] WARN  o.e.m.c.i.embedder.EclipseLogger - Using platform encoding (Cp1252 actually) to copy filtered resources, i.e. build is platform dependent!
2025-08-27 06:07:40,528 [Worker-79: Building] INFO  o.e.m.c.i.embedder.EclipseLogger - Copying 0 resource
2025-08-27 06:07:40,529 [Worker-79: Building] WARN  o.e.m.c.i.embedder.EclipseLogger - Using platform encoding (Cp1252 actually) to copy filtered resources, i.e. build is platform dependent!
2025-08-27 06:07:40,531 [Worker-79: Building] INFO  o.e.m.c.i.embedder.EclipseLogger - skip non existing resourceDirectory C:\Users\Faisal\Desktop\Demo\servlet app\impapp\src\test\resources
2025-08-27 06:08:49,695 [Worker-79: Building] WARN  o.e.m.c.i.embedder.EclipseLogger - Using platform encoding (Cp1252 actually) to copy filtered resources, i.e. build is platform dependent!
2025-08-27 06:08:49,697 [Worker-79: Building] INFO  o.e.m.c.i.embedder.EclipseLogger - Copying 0 resource
2025-08-27 06:08:49,699 [Worker-79: Building] WARN  o.e.m.c.i.embedder.EclipseLogger - Using platform encoding (Cp1252 actually) to copy filtered resources, i.e. build is platform dependent!
2025-08-27 06:08:49,700 [Worker-79: Building] INFO  o.e.m.c.i.embedder.EclipseLogger - skip non existing resourceDirectory C:\Users\Faisal\Desktop\Demo\servlet app\impapp\src\test\resources
2025-08-27 06:09:07,491 [Worker-83: Building] WARN  o.e.m.c.i.embedder.EclipseLogger - Using platform encoding (Cp1252 actually) to copy filtered resources, i.e. build is platform dependent!
2025-08-27 06:09:07,493 [Worker-83: Building] INFO  o.e.m.c.i.embedder.EclipseLogger - Copying 0 resource
2025-08-27 06:09:07,495 [Worker-83: Building] WARN  o.e.m.c.i.embedder.EclipseLogger - Using platform encoding (Cp1252 actually) to copy filtered resources, i.e. build is platform dependent!
2025-08-27 06:09:07,497 [Worker-83: Building] INFO  o.e.m.c.i.embedder.EclipseLogger - skip non existing resourceDirectory C:\Users\Faisal\Desktop\Demo\servlet app\impapp\src\test\resources
2025-08-27 06:09:19,736 [Worker-76: Building] WARN  o.e.m.c.i.embedder.EclipseLogger - Using platform encoding (Cp1252 actually) to copy filtered resources, i.e. build is platform dependent!
2025-08-27 06:09:19,738 [Worker-76: Building] INFO  o.e.m.c.i.embedder.EclipseLogger - Copying 0 resource
2025-08-27 06:09:19,739 [Worker-76: Building] WARN  o.e.m.c.i.embedder.EclipseLogger - Using platform encoding (Cp1252 actually) to copy filtered resources, i.e. build is platform dependent!
2025-08-27 06:09:19,740 [Worker-76: Building] INFO  o.e.m.c.i.embedder.EclipseLogger - skip non existing resourceDirectory C:\Users\Faisal\Desktop\Demo\servlet app\impapp\src\test\resources
2025-08-27 06:10:05,410 [Worker-79: Building] WARN  o.e.m.c.i.embedder.EclipseLogger - Using platform encoding (Cp1252 actually) to copy filtered resources, i.e. build is platform dependent!
2025-08-27 06:10:05,413 [Worker-79: Building] INFO  o.e.m.c.i.embedder.EclipseLogger - Copying 0 resource
2025-08-27 06:10:05,415 [Worker-79: Building] WARN  o.e.m.c.i.embedder.EclipseLogger - Using platform encoding (Cp1252 actually) to copy filtered resources, i.e. build is platform dependent!
2025-08-27 06:10:05,416 [Worker-79: Building] INFO  o.e.m.c.i.embedder.EclipseLogger - skip non existing resourceDirectory C:\Users\Faisal\Desktop\Demo\servlet app\impapp\src\test\resources
2025-08-27 06:14:41,603 [Worker-86: Building] WARN  o.e.m.c.i.embedder.EclipseLogger - Using platform encoding (Cp1252 actually) to copy filtered resources, i.e. build is platform dependent!
2025-08-27 06:14:41,605 [Worker-86: Building] INFO  o.e.m.c.i.embedder.EclipseLogger - Copying 0 resource
2025-08-27 06:14:41,606 [Worker-86: Building] WARN  o.e.m.c.i.embedder.EclipseLogger - Using platform encoding (Cp1252 actually) to copy filtered resources, i.e. build is platform dependent!
2025-08-27 06:14:41,607 [Worker-86: Building] INFO  o.e.m.c.i.embedder.EclipseLogger - skip non existing resourceDirectory C:\Users\Faisal\Desktop\Demo\servlet app\impapp\src\test\resources
2025-08-27 06:14:46,942 [Worker-89: Building] WARN  o.e.m.c.i.embedder.EclipseLogger - Using platform encoding (Cp1252 actually) to copy filtered resources, i.e. build is platform dependent!
2025-08-27 06:14:46,945 [Worker-89: Building] INFO  o.e.m.c.i.embedder.EclipseLogger - Copying 0 resource
2025-08-27 06:14:46,948 [Worker-89: Building] WARN  o.e.m.c.i.embedder.EclipseLogger - Using platform encoding (Cp1252 actually) to copy filtered resources, i.e. build is platform dependent!
2025-08-27 06:14:46,950 [Worker-89: Building] INFO  o.e.m.c.i.embedder.EclipseLogger - skip non existing resourceDirectory C:\Users\Faisal\Desktop\Demo\servlet app\impapp\src\test\resources
2025-08-27 06:15:23,762 [Worker-76: Building] WARN  o.e.m.c.i.embedder.EclipseLogger - Using platform encoding (Cp1252 actually) to copy filtered resources, i.e. build is platform dependent!
2025-08-27 06:15:23,763 [Worker-76: Building] INFO  o.e.m.c.i.embedder.EclipseLogger - Copying 0 resource
2025-08-27 06:15:23,764 [Worker-76: Building] WARN  o.e.m.c.i.embedder.EclipseLogger - Using platform encoding (Cp1252 actually) to copy filtered resources, i.e. build is platform dependent!
2025-08-27 06:15:23,766 [Worker-76: Building] INFO  o.e.m.c.i.embedder.EclipseLogger - skip non existing resourceDirectory C:\Users\Faisal\Desktop\Demo\servlet app\impapp\src\test\resources
2025-08-27 06:19:38,298 [Worker-91: Building] WARN  o.e.m.c.i.embedder.EclipseLogger - Using platform encoding (Cp1252 actually) to copy filtered resources, i.e. build is platform dependent!
2025-08-27 06:19:38,301 [Worker-91: Building] INFO  o.e.m.c.i.embedder.EclipseLogger - Copying 0 resource
2025-08-27 06:19:38,302 [Worker-91: Building] WARN  o.e.m.c.i.embedder.EclipseLogger - Using platform encoding (Cp1252 actually) to copy filtered resources, i.e. build is platform dependent!
2025-08-27 06:19:38,303 [Worker-91: Building] INFO  o.e.m.c.i.embedder.EclipseLogger - skip non existing resourceDirectory C:\Users\Faisal\Desktop\Demo\servlet app\impapp\src\test\resources
2025-08-27 06:20:45,624 [Worker-86: Building] WARN  o.e.m.c.i.embedder.EclipseLogger - Using platform encoding (Cp1252 actually) to copy filtered resources, i.e. build is platform dependent!
2025-08-27 06:20:45,626 [Worker-86: Building] INFO  o.e.m.c.i.embedder.EclipseLogger - Copying 0 resource
2025-08-27 06:20:45,627 [Worker-86: Building] WARN  o.e.m.c.i.embedder.EclipseLogger - Using platform encoding (Cp1252 actually) to copy filtered resources, i.e. build is platform dependent!
2025-08-27 06:20:45,628 [Worker-86: Building] INFO  o.e.m.c.i.embedder.EclipseLogger - skip non existing resourceDirectory C:\Users\Faisal\Desktop\Demo\servlet app\impapp\src\test\resources
2025-08-27 06:20:46,755 [Worker-90: Building] WARN  o.e.m.c.i.embedder.EclipseLogger - Using platform encoding (Cp1252 actually) to copy filtered resources, i.e. build is platform dependent!
2025-08-27 06:20:46,757 [Worker-90: Building] INFO  o.e.m.c.i.embedder.EclipseLogger - Copying 0 resource
2025-08-27 06:20:46,759 [Worker-90: Building] WARN  o.e.m.c.i.embedder.EclipseLogger - Using platform encoding (Cp1252 actually) to copy filtered resources, i.e. build is platform dependent!
2025-08-27 06:20:46,761 [Worker-90: Building] INFO  o.e.m.c.i.embedder.EclipseLogger - skip non existing resourceDirectory C:\Users\Faisal\Desktop\Demo\servlet app\impapp\src\test\resources
2025-08-27 06:21:10,509 [Worker-86: Building] WARN  o.e.m.c.i.embedder.EclipseLogger - Using platform encoding (Cp1252 actually) to copy filtered resources, i.e. build is platform dependent!
2025-08-27 06:21:10,511 [Worker-86: Building] INFO  o.e.m.c.i.embedder.EclipseLogger - Copying 0 resource
2025-08-27 06:21:10,512 [Worker-86: Building] WARN  o.e.m.c.i.embedder.EclipseLogger - Using platform encoding (Cp1252 actually) to copy filtered resources, i.e. build is platform dependent!
2025-08-27 06:21:10,513 [Worker-86: Building] INFO  o.e.m.c.i.embedder.EclipseLogger - skip non existing resourceDirectory C:\Users\Faisal\Desktop\Demo\servlet app\impapp\src\test\resources
2025-08-27 06:23:20,108 [Worker-95: Building] WARN  o.e.m.c.i.embedder.EclipseLogger - Using platform encoding (Cp1252 actually) to copy filtered resources, i.e. build is platform dependent!
2025-08-27 06:23:20,111 [Worker-95: Building] INFO  o.e.m.c.i.embedder.EclipseLogger - Copying 0 resource
2025-08-27 06:23:20,112 [Worker-95: Building] WARN  o.e.m.c.i.embedder.EclipseLogger - Using platform encoding (Cp1252 actually) to copy filtered resources, i.e. build is platform dependent!
2025-08-27 06:23:20,114 [Worker-95: Building] INFO  o.e.m.c.i.embedder.EclipseLogger - skip non existing resourceDirectory C:\Users\Faisal\Desktop\Demo\servlet app\impapp\src\test\resources
2025-08-27 06:23:33,081 [Worker-95: Building] WARN  o.e.m.c.i.embedder.EclipseLogger - Using platform encoding (Cp1252 actually) to copy filtered resources, i.e. build is platform dependent!
2025-08-27 06:23:33,082 [Worker-95: Building] INFO  o.e.m.c.i.embedder.EclipseLogger - Copying 0 resource
2025-08-27 06:23:33,084 [Worker-95: Building] WARN  o.e.m.c.i.embedder.EclipseLogger - Using platform encoding (Cp1252 actually) to copy filtered resources, i.e. build is platform dependent!
2025-08-27 06:23:33,085 [Worker-95: Building] INFO  o.e.m.c.i.embedder.EclipseLogger - skip non existing resourceDirectory C:\Users\Faisal\Desktop\Demo\servlet app\impapp\src\test\resources
2025-08-27 06:25:48,699 [Worker-97: Building] WARN  o.e.m.c.i.embedder.EclipseLogger - Using platform encoding (Cp1252 actually) to copy filtered resources, i.e. build is platform dependent!
2025-08-27 06:25:48,703 [Worker-97: Building] INFO  o.e.m.c.i.embedder.EclipseLogger - Copying 0 resource
2025-08-27 06:25:48,704 [Worker-97: Building] WARN  o.e.m.c.i.embedder.EclipseLogger - Using platform encoding (Cp1252 actually) to copy filtered resources, i.e. build is platform dependent!
2025-08-27 06:25:48,706 [Worker-97: Building] INFO  o.e.m.c.i.embedder.EclipseLogger - skip non existing resourceDirectory C:\Users\Faisal\Desktop\Demo\servlet app\impapp\src\test\resources
2025-08-27 06:26:50,507 [Worker-97: Building] WARN  o.e.m.c.i.embedder.EclipseLogger - Using platform encoding (Cp1252 actually) to copy filtered resources, i.e. build is platform dependent!
2025-08-27 06:26:50,509 [Worker-97: Building] INFO  o.e.m.c.i.embedder.EclipseLogger - Copying 0 resource
2025-08-27 06:26:50,510 [Worker-97: Building] WARN  o.e.m.c.i.embedder.EclipseLogger - Using platform encoding (Cp1252 actually) to copy filtered resources, i.e. build is platform dependent!
2025-08-27 06:26:50,511 [Worker-97: Building] INFO  o.e.m.c.i.embedder.EclipseLogger - skip non existing resourceDirectory C:\Users\Faisal\Desktop\Demo\servlet app\impapp\src\test\resources
2025-08-27 06:27:39,234 [Worker-100: Building] WARN  o.e.m.c.i.embedder.EclipseLogger - Using platform encoding (Cp1252 actually) to copy filtered resources, i.e. build is platform dependent!
2025-08-27 06:27:39,236 [Worker-100: Building] INFO  o.e.m.c.i.embedder.EclipseLogger - Copying 0 resource
2025-08-27 06:27:39,237 [Worker-100: Building] WARN  o.e.m.c.i.embedder.EclipseLogger - Using platform encoding (Cp1252 actually) to copy filtered resources, i.e. build is platform dependent!
2025-08-27 06:27:39,238 [Worker-100: Building] INFO  o.e.m.c.i.embedder.EclipseLogger - skip non existing resourceDirectory C:\Users\Faisal\Desktop\Demo\servlet app\impapp\src\test\resources
2025-08-27 06:27:41,781 [Worker-97: Building] WARN  o.e.m.c.i.embedder.EclipseLogger - Using platform encoding (Cp1252 actually) to copy filtered resources, i.e. build is platform dependent!
2025-08-27 06:27:41,784 [Worker-97: Building] INFO  o.e.m.c.i.embedder.EclipseLogger - Copying 0 resource
2025-08-27 06:27:41,787 [Worker-97: Building] WARN  o.e.m.c.i.embedder.EclipseLogger - Using platform encoding (Cp1252 actually) to copy filtered resources, i.e. build is platform dependent!
2025-08-27 06:27:41,788 [Worker-97: Building] INFO  o.e.m.c.i.embedder.EclipseLogger - skip non existing resourceDirectory C:\Users\Faisal\Desktop\Demo\servlet app\impapp\src\test\resources
2025-08-27 06:27:48,668 [Worker-94: Building] WARN  o.e.m.c.i.embedder.EclipseLogger - Using platform encoding (Cp1252 actually) to copy filtered resources, i.e. build is platform dependent!
2025-08-27 06:27:48,670 [Worker-94: Building] INFO  o.e.m.c.i.embedder.EclipseLogger - Copying 0 resource
2025-08-27 06:27:48,672 [Worker-94: Building] WARN  o.e.m.c.i.embedder.EclipseLogger - Using platform encoding (Cp1252 actually) to copy filtered resources, i.e. build is platform dependent!
2025-08-27 06:27:48,673 [Worker-94: Building] INFO  o.e.m.c.i.embedder.EclipseLogger - skip non existing resourceDirectory C:\Users\Faisal\Desktop\Demo\servlet app\impapp\src\test\resources
2025-08-27 06:28:05,965 [Worker-94: Building] WARN  o.e.m.c.i.embedder.EclipseLogger - Using platform encoding (Cp1252 actually) to copy filtered resources, i.e. build is platform dependent!
2025-08-27 06:28:05,967 [Worker-94: Building] INFO  o.e.m.c.i.embedder.EclipseLogger - Copying 0 resource
2025-08-27 06:28:05,969 [Worker-94: Building] WARN  o.e.m.c.i.embedder.EclipseLogger - Using platform encoding (Cp1252 actually) to copy filtered resources, i.e. build is platform dependent!
2025-08-27 06:28:05,970 [Worker-94: Building] INFO  o.e.m.c.i.embedder.EclipseLogger - skip non existing resourceDirectory C:\Users\Faisal\Desktop\Demo\servlet app\impapp\src\test\resources
2025-08-27 06:28:18,505 [Worker-94: Building] WARN  o.e.m.c.i.embedder.EclipseLogger - Using platform encoding (Cp1252 actually) to copy filtered resources, i.e. build is platform dependent!
2025-08-27 06:28:18,509 [Worker-94: Building] INFO  o.e.m.c.i.embedder.EclipseLogger - Copying 0 resource
2025-08-27 06:28:18,511 [Worker-94: Building] WARN  o.e.m.c.i.embedder.EclipseLogger - Using platform encoding (Cp1252 actually) to copy filtered resources, i.e. build is platform dependent!
2025-08-27 06:28:18,512 [Worker-94: Building] INFO  o.e.m.c.i.embedder.EclipseLogger - skip non existing resourceDirectory C:\Users\Faisal\Desktop\Demo\servlet app\impapp\src\test\resources
2025-08-27 06:28:29,750 [Worker-97: Building] WARN  o.e.m.c.i.embedder.EclipseLogger - Using platform encoding (Cp1252 actually) to copy filtered resources, i.e. build is platform dependent!
2025-08-27 06:28:29,752 [Worker-97: Building] INFO  o.e.m.c.i.embedder.EclipseLogger - Copying 0 resource
2025-08-27 06:28:29,753 [Worker-97: Building] WARN  o.e.m.c.i.embedder.EclipseLogger - Using platform encoding (Cp1252 actually) to copy filtered resources, i.e. build is platform dependent!
2025-08-27 06:28:29,754 [Worker-97: Building] INFO  o.e.m.c.i.embedder.EclipseLogger - skip non existing resourceDirectory C:\Users\Faisal\Desktop\Demo\servlet app\impapp\src\test\resources
2025-08-27 06:30:28,023 [Worker-97: Building] WARN  o.e.m.c.i.embedder.EclipseLogger - Using platform encoding (Cp1252 actually) to copy filtered resources, i.e. build is platform dependent!
2025-08-27 06:30:28,025 [Worker-97: Building] INFO  o.e.m.c.i.embedder.EclipseLogger - Copying 0 resource
2025-08-27 06:30:28,026 [Worker-97: Building] WARN  o.e.m.c.i.embedder.EclipseLogger - Using platform encoding (Cp1252 actually) to copy filtered resources, i.e. build is platform dependent!
2025-08-27 06:30:28,028 [Worker-97: Building] INFO  o.e.m.c.i.embedder.EclipseLogger - skip non existing resourceDirectory C:\Users\Faisal\Desktop\Demo\servlet app\impapp\src\test\resources
2025-08-27 06:30:36,960 [Worker-100: Building] WARN  o.e.m.c.i.embedder.EclipseLogger - Using platform encoding (Cp1252 actually) to copy filtered resources, i.e. build is platform dependent!
2025-08-27 06:30:36,963 [Worker-100: Building] INFO  o.e.m.c.i.embedder.EclipseLogger - Copying 0 resource
2025-08-27 06:30:36,966 [Worker-100: Building] WARN  o.e.m.c.i.embedder.EclipseLogger - Using platform encoding (Cp1252 actually) to copy filtered resources, i.e. build is platform dependent!
2025-08-27 06:30:36,967 [Worker-100: Building] INFO  o.e.m.c.i.embedder.EclipseLogger - skip non existing resourceDirectory C:\Users\Faisal\Desktop\Demo\servlet app\impapp\src\test\resources
2025-08-27 06:32:13,979 [Worker-101: Building] WARN  o.e.m.c.i.embedder.EclipseLogger - Using platform encoding (Cp1252 actually) to copy filtered resources, i.e. build is platform dependent!
2025-08-27 06:32:13,981 [Worker-101: Building] INFO  o.e.m.c.i.embedder.EclipseLogger - Copying 0 resource
2025-08-27 06:32:13,982 [Worker-101: Building] WARN  o.e.m.c.i.embedder.EclipseLogger - Using platform encoding (Cp1252 actually) to copy filtered resources, i.e. build is platform dependent!
2025-08-27 06:32:13,983 [Worker-101: Building] INFO  o.e.m.c.i.embedder.EclipseLogger - skip non existing resourceDirectory C:\Users\Faisal\Desktop\Demo\servlet app\impapp\src\test\resources
2025-08-27 06:32:54,029 [Worker-100: Building] WARN  o.e.m.c.i.embedder.EclipseLogger - Using platform encoding (Cp1252 actually) to copy filtered resources, i.e. build is platform dependent!
2025-08-27 06:32:54,032 [Worker-100: Building] INFO  o.e.m.c.i.embedder.EclipseLogger - Copying 0 resource
2025-08-27 06:32:54,034 [Worker-100: Building] WARN  o.e.m.c.i.embedder.EclipseLogger - Using platform encoding (Cp1252 actually) to copy filtered resources, i.e. build is platform dependent!
2025-08-27 06:32:54,035 [Worker-100: Building] INFO  o.e.m.c.i.embedder.EclipseLogger - skip non existing resourceDirectory C:\Users\Faisal\Desktop\Demo\servlet app\impapp\src\test\resources
2025-08-27 06:33:26,785 [Worker-94: Building] WARN  o.e.m.c.i.embedder.EclipseLogger - Using platform encoding (Cp1252 actually) to copy filtered resources, i.e. build is platform dependent!
2025-08-27 06:33:26,787 [Worker-94: Building] INFO  o.e.m.c.i.embedder.EclipseLogger - Copying 0 resource
2025-08-27 06:33:26,788 [Worker-94: Building] WARN  o.e.m.c.i.embedder.EclipseLogger - Using platform encoding (Cp1252 actually) to copy filtered resources, i.e. build is platform dependent!
2025-08-27 06:33:26,789 [Worker-94: Building] INFO  o.e.m.c.i.embedder.EclipseLogger - skip non existing resourceDirectory C:\Users\Faisal\Desktop\Demo\servlet app\impapp\src\test\resources
2025-08-27 06:41:09,188 [Worker-106: Building] WARN  o.e.m.c.i.embedder.EclipseLogger - Using platform encoding (Cp1252 actually) to copy filtered resources, i.e. build is platform dependent!
2025-08-27 06:41:09,191 [Worker-106: Building] INFO  o.e.m.c.i.embedder.EclipseLogger - Copying 0 resource
2025-08-27 06:41:09,192 [Worker-106: Building] WARN  o.e.m.c.i.embedder.EclipseLogger - Using platform encoding (Cp1252 actually) to copy filtered resources, i.e. build is platform dependent!
2025-08-27 06:41:09,193 [Worker-106: Building] INFO  o.e.m.c.i.embedder.EclipseLogger - skip non existing resourceDirectory C:\Users\Faisal\Desktop\Demo\servlet app\impapp\src\test\resources
2025-08-27 06:43:03,376 [Worker-102: Building] WARN  o.e.m.c.i.embedder.EclipseLogger - Using platform encoding (Cp1252 actually) to copy filtered resources, i.e. build is platform dependent!
2025-08-27 06:43:03,379 [Worker-102: Building] INFO  o.e.m.c.i.embedder.EclipseLogger - Copying 0 resource
2025-08-27 06:43:03,381 [Worker-102: Building] WARN  o.e.m.c.i.embedder.EclipseLogger - Using platform encoding (Cp1252 actually) to copy filtered resources, i.e. build is platform dependent!
2025-08-27 06:43:03,383 [Worker-102: Building] INFO  o.e.m.c.i.embedder.EclipseLogger - skip non existing resourceDirectory C:\Users\Faisal\Desktop\Demo\servlet app\impapp\src\test\resources
2025-08-27 06:43:19,929 [Worker-105: Building] WARN  o.e.m.c.i.embedder.EclipseLogger - Using platform encoding (Cp1252 actually) to copy filtered resources, i.e. build is platform dependent!
2025-08-27 06:43:19,931 [Worker-105: Building] INFO  o.e.m.c.i.embedder.EclipseLogger - Copying 0 resource
2025-08-27 06:43:19,933 [Worker-105: Building] WARN  o.e.m.c.i.embedder.EclipseLogger - Using platform encoding (Cp1252 actually) to copy filtered resources, i.e. build is platform dependent!
2025-08-27 06:43:19,935 [Worker-105: Building] INFO  o.e.m.c.i.embedder.EclipseLogger - skip non existing resourceDirectory C:\Users\Faisal\Desktop\Demo\servlet app\impapp\src\test\resources
2025-08-27 06:44:45,271 [Worker-109: Building] WARN  o.e.m.c.i.embedder.EclipseLogger - Using platform encoding (Cp1252 actually) to copy filtered resources, i.e. build is platform dependent!
2025-08-27 06:44:45,273 [Worker-109: Building] INFO  o.e.m.c.i.embedder.EclipseLogger - Copying 0 resource
2025-08-27 06:44:45,274 [Worker-109: Building] WARN  o.e.m.c.i.embedder.EclipseLogger - Using platform encoding (Cp1252 actually) to copy filtered resources, i.e. build is platform dependent!
2025-08-27 06:44:45,275 [Worker-109: Building] INFO  o.e.m.c.i.embedder.EclipseLogger - skip non existing resourceDirectory C:\Users\Faisal\Desktop\Demo\servlet app\impapp\src\test\resources
2025-08-27 06:47:52,496 [Worker-107: Building] WARN  o.e.m.c.i.embedder.EclipseLogger - Using platform encoding (Cp1252 actually) to copy filtered resources, i.e. build is platform dependent!
2025-08-27 06:47:52,499 [Worker-107: Building] INFO  o.e.m.c.i.embedder.EclipseLogger - Copying 0 resource
2025-08-27 06:47:52,500 [Worker-107: Building] WARN  o.e.m.c.i.embedder.EclipseLogger - Using platform encoding (Cp1252 actually) to copy filtered resources, i.e. build is platform dependent!
2025-08-27 06:47:52,502 [Worker-107: Building] INFO  o.e.m.c.i.embedder.EclipseLogger - skip non existing resourceDirectory C:\Users\Faisal\Desktop\Demo\servlet app\impapp\src\test\resources
2025-08-27 06:49:20,670 [Worker-110: Building] WARN  o.e.m.c.i.embedder.EclipseLogger - Using platform encoding (Cp1252 actually) to copy filtered resources, i.e. build is platform dependent!
2025-08-27 06:49:20,671 [Worker-110: Building] INFO  o.e.m.c.i.embedder.EclipseLogger - Copying 0 resource
2025-08-27 06:49:20,672 [Worker-110: Building] WARN  o.e.m.c.i.embedder.EclipseLogger - Using platform encoding (Cp1252 actually) to copy filtered resources, i.e. build is platform dependent!
2025-08-27 06:49:20,673 [Worker-110: Building] INFO  o.e.m.c.i.embedder.EclipseLogger - skip non existing resourceDirectory C:\Users\Faisal\Desktop\Demo\servlet app\impapp\src\test\resources
2025-08-27 06:49:29,700 [Worker-107: Building] WARN  o.e.m.c.i.embedder.EclipseLogger - Using platform encoding (Cp1252 actually) to copy filtered resources, i.e. build is platform dependent!
2025-08-27 06:49:29,701 [Worker-107: Building] INFO  o.e.m.c.i.embedder.EclipseLogger - Copying 0 resource
2025-08-27 06:49:29,704 [Worker-107: Building] WARN  o.e.m.c.i.embedder.EclipseLogger - Using platform encoding (Cp1252 actually) to copy filtered resources, i.e. build is platform dependent!
2025-08-27 06:49:29,704 [Worker-107: Building] INFO  o.e.m.c.i.embedder.EclipseLogger - skip non existing resourceDirectory C:\Users\Faisal\Desktop\Demo\servlet app\impapp\src\test\resources
2025-08-27 06:53:35,448 [Worker-107: Building] WARN  o.e.m.c.i.embedder.EclipseLogger - Using platform encoding (Cp1252 actually) to copy filtered resources, i.e. build is platform dependent!
2025-08-27 06:53:35,450 [Worker-107: Building] INFO  o.e.m.c.i.embedder.EclipseLogger - Copying 0 resource
2025-08-27 06:53:35,452 [Worker-107: Building] WARN  o.e.m.c.i.embedder.EclipseLogger - Using platform encoding (Cp1252 actually) to copy filtered resources, i.e. build is platform dependent!
2025-08-27 06:53:35,454 [Worker-107: Building] INFO  o.e.m.c.i.embedder.EclipseLogger - skip non existing resourceDirectory C:\Users\Faisal\Desktop\Demo\servlet app\impapp\src\test\resources
2025-08-27 06:53:43,441 [Worker-115: Building] WARN  o.e.m.c.i.embedder.EclipseLogger - Using platform encoding (Cp1252 actually) to copy filtered resources, i.e. build is platform dependent!
2025-08-27 06:53:43,443 [Worker-115: Building] INFO  o.e.m.c.i.embedder.EclipseLogger - Copying 0 resource
2025-08-27 06:53:43,445 [Worker-115: Building] WARN  o.e.m.c.i.embedder.EclipseLogger - Using platform encoding (Cp1252 actually) to copy filtered resources, i.e. build is platform dependent!
2025-08-27 06:53:43,447 [Worker-115: Building] INFO  o.e.m.c.i.embedder.EclipseLogger - skip non existing resourceDirectory C:\Users\Faisal\Desktop\Demo\servlet app\impapp\src\test\resources
2025-08-27 06:54:05,163 [Worker-107: Building] WARN  o.e.m.c.i.embedder.EclipseLogger - Using platform encoding (Cp1252 actually) to copy filtered resources, i.e. build is platform dependent!
2025-08-27 06:54:05,166 [Worker-107: Building] INFO  o.e.m.c.i.embedder.EclipseLogger - Copying 0 resource
2025-08-27 06:54:05,168 [Worker-107: Building] WARN  o.e.m.c.i.embedder.EclipseLogger - Using platform encoding (Cp1252 actually) to copy filtered resources, i.e. build is platform dependent!
2025-08-27 06:54:05,169 [Worker-107: Building] INFO  o.e.m.c.i.embedder.EclipseLogger - skip non existing resourceDirectory C:\Users\Faisal\Desktop\Demo\servlet app\impapp\src\test\resources
2025-08-27 06:56:30,051 [Worker-118: Building] WARN  o.e.m.c.i.embedder.EclipseLogger - Using platform encoding (Cp1252 actually) to copy filtered resources, i.e. build is platform dependent!
2025-08-27 06:56:30,053 [Worker-118: Building] INFO  o.e.m.c.i.embedder.EclipseLogger - Copying 0 resource
2025-08-27 06:56:30,055 [Worker-118: Building] WARN  o.e.m.c.i.embedder.EclipseLogger - Using platform encoding (Cp1252 actually) to copy filtered resources, i.e. build is platform dependent!
2025-08-27 06:56:30,056 [Worker-118: Building] INFO  o.e.m.c.i.embedder.EclipseLogger - skip non existing resourceDirectory C:\Users\Faisal\Desktop\Demo\servlet app\impapp\src\test\resources
2025-08-27 06:57:31,495 [Worker-118: Building] WARN  o.e.m.c.i.embedder.EclipseLogger - Using platform encoding (Cp1252 actually) to copy filtered resources, i.e. build is platform dependent!
2025-08-27 06:57:31,498 [Worker-118: Building] INFO  o.e.m.c.i.embedder.EclipseLogger - Copying 0 resource
2025-08-27 06:57:31,501 [Worker-118: Building] WARN  o.e.m.c.i.embedder.EclipseLogger - Using platform encoding (Cp1252 actually) to copy filtered resources, i.e. build is platform dependent!
2025-08-27 06:57:31,503 [Worker-118: Building] INFO  o.e.m.c.i.embedder.EclipseLogger - skip non existing resourceDirectory C:\Users\Faisal\Desktop\Demo\servlet app\impapp\src\test\resources
2025-08-27 06:57:36,229 [Worker-115: Building] WARN  o.e.m.c.i.embedder.EclipseLogger - Using platform encoding (Cp1252 actually) to copy filtered resources, i.e. build is platform dependent!
2025-08-27 06:57:36,231 [Worker-115: Building] INFO  o.e.m.c.i.embedder.EclipseLogger - Copying 0 resource
2025-08-27 06:57:36,232 [Worker-115: Building] WARN  o.e.m.c.i.embedder.EclipseLogger - Using platform encoding (Cp1252 actually) to copy filtered resources, i.e. build is platform dependent!
2025-08-27 06:57:36,233 [Worker-115: Building] INFO  o.e.m.c.i.embedder.EclipseLogger - skip non existing resourceDirectory C:\Users\Faisal\Desktop\Demo\servlet app\impapp\src\test\resources
2025-08-27 10:48:47,192 [Worker-129: Building] WARN  o.e.m.c.i.embedder.EclipseLogger - Using platform encoding (Cp1252 actually) to copy filtered resources, i.e. build is platform dependent!
2025-08-27 10:48:47,197 [Worker-129: Building] INFO  o.e.m.c.i.embedder.EclipseLogger - Copying 0 resource
2025-08-27 10:48:47,199 [Worker-129: Building] WARN  o.e.m.c.i.embedder.EclipseLogger - Using platform encoding (Cp1252 actually) to copy filtered resources, i.e. build is platform dependent!
2025-08-27 10:48:47,201 [Worker-129: Building] INFO  o.e.m.c.i.embedder.EclipseLogger - skip non existing resourceDirectory C:\Users\Faisal\Desktop\Demo\servlet app\TestApp\src\test\resources
2025-08-27 10:51:39,887 [Worker-133: Building] WARN  o.e.m.c.i.embedder.EclipseLogger - Using platform encoding (Cp1252 actually) to copy filtered resources, i.e. build is platform dependent!
2025-08-27 10:51:39,890 [Worker-133: Building] INFO  o.e.m.c.i.embedder.EclipseLogger - Copying 0 resource
2025-08-27 10:51:39,892 [Worker-133: Building] WARN  o.e.m.c.i.embedder.EclipseLogger - Using platform encoding (Cp1252 actually) to copy filtered resources, i.e. build is platform dependent!
2025-08-27 10:51:39,894 [Worker-133: Building] INFO  o.e.m.c.i.embedder.EclipseLogger - skip non existing resourceDirectory C:\Users\Faisal\Desktop\Demo\servlet app\TestApp\src\test\resources
2025-08-27 10:51:50,767 [Worker-135: Building] WARN  o.e.m.c.i.embedder.EclipseLogger - Using platform encoding (Cp1252 actually) to copy filtered resources, i.e. build is platform dependent!
2025-08-27 10:51:50,768 [Worker-135: Building] INFO  o.e.m.c.i.embedder.EclipseLogger - Copying 0 resource
2025-08-27 10:51:50,770 [Worker-135: Building] WARN  o.e.m.c.i.embedder.EclipseLogger - Using platform encoding (Cp1252 actually) to copy filtered resources, i.e. build is platform dependent!
2025-08-27 10:51:50,771 [Worker-135: Building] INFO  o.e.m.c.i.embedder.EclipseLogger - skip non existing resourceDirectory C:\Users\Faisal\Desktop\Demo\servlet app\TestApp\src\test\resources
2025-08-27 10:53:11,594 [Worker-137: Building] WARN  o.e.m.c.i.embedder.EclipseLogger - Using platform encoding (Cp1252 actually) to copy filtered resources, i.e. build is platform dependent!
2025-08-27 10:53:11,597 [Worker-137: Building] INFO  o.e.m.c.i.embedder.EclipseLogger - Copying 0 resource
2025-08-27 10:53:11,598 [Worker-137: Building] WARN  o.e.m.c.i.embedder.EclipseLogger - Using platform encoding (Cp1252 actually) to copy filtered resources, i.e. build is platform dependent!
2025-08-27 10:53:11,600 [Worker-137: Building] INFO  o.e.m.c.i.embedder.EclipseLogger - skip non existing resourceDirectory C:\Users\Faisal\Desktop\Demo\servlet app\TestApp\src\test\resources
2025-08-27 10:53:31,715 [Worker-135: Building] WARN  o.e.m.c.i.embedder.EclipseLogger - Using platform encoding (Cp1252 actually) to copy filtered resources, i.e. build is platform dependent!
2025-08-27 10:53:31,717 [Worker-135: Building] INFO  o.e.m.c.i.embedder.EclipseLogger - Copying 0 resource
2025-08-27 10:53:31,718 [Worker-135: Building] WARN  o.e.m.c.i.embedder.EclipseLogger - Using platform encoding (Cp1252 actually) to copy filtered resources, i.e. build is platform dependent!
2025-08-27 10:53:31,719 [Worker-135: Building] INFO  o.e.m.c.i.embedder.EclipseLogger - skip non existing resourceDirectory C:\Users\Faisal\Desktop\Demo\servlet app\TestApp\src\test\resources
2025-08-27 10:56:19,030 [Worker-136: Building] WARN  o.e.m.c.i.embedder.EclipseLogger - Using platform encoding (Cp1252 actually) to copy filtered resources, i.e. build is platform dependent!
2025-08-27 10:56:19,032 [Worker-136: Building] INFO  o.e.m.c.i.embedder.EclipseLogger - Copying 0 resource
2025-08-27 10:56:19,035 [Worker-136: Building] WARN  o.e.m.c.i.embedder.EclipseLogger - Using platform encoding (Cp1252 actually) to copy filtered resources, i.e. build is platform dependent!
2025-08-27 10:56:19,036 [Worker-136: Building] INFO  o.e.m.c.i.embedder.EclipseLogger - skip non existing resourceDirectory C:\Users\Faisal\Desktop\Demo\servlet app\TestApp\src\test\resources
2025-08-27 10:56:33,011 [Worker-139: Building] WARN  o.e.m.c.i.embedder.EclipseLogger - Using platform encoding (Cp1252 actually) to copy filtered resources, i.e. build is platform dependent!
2025-08-27 10:56:33,013 [Worker-139: Building] INFO  o.e.m.c.i.embedder.EclipseLogger - Copying 0 resource
2025-08-27 10:56:33,014 [Worker-139: Building] WARN  o.e.m.c.i.embedder.EclipseLogger - Using platform encoding (Cp1252 actually) to copy filtered resources, i.e. build is platform dependent!
2025-08-27 10:56:33,015 [Worker-139: Building] INFO  o.e.m.c.i.embedder.EclipseLogger - skip non existing resourceDirectory C:\Users\Faisal\Desktop\Demo\servlet app\TestApp\src\test\resources
2025-08-27 10:59:36,501 [Worker-137: Building] WARN  o.e.m.c.i.embedder.EclipseLogger - Using platform encoding (Cp1252 actually) to copy filtered resources, i.e. build is platform dependent!
2025-08-27 10:59:36,503 [Worker-137: Building] INFO  o.e.m.c.i.embedder.EclipseLogger - Copying 0 resource
2025-08-27 10:59:36,506 [Worker-137: Building] WARN  o.e.m.c.i.embedder.EclipseLogger - Using platform encoding (Cp1252 actually) to copy filtered resources, i.e. build is platform dependent!
2025-08-27 10:59:36,507 [Worker-137: Building] INFO  o.e.m.c.i.embedder.EclipseLogger - skip non existing resourceDirectory C:\Users\Faisal\Desktop\Demo\servlet app\TestApp\src\test\resources
2025-08-27 10:59:41,158 [Worker-133: Building] WARN  o.e.m.c.i.embedder.EclipseLogger - Using platform encoding (Cp1252 actually) to copy filtered resources, i.e. build is platform dependent!
2025-08-27 10:59:41,160 [Worker-133: Building] INFO  o.e.m.c.i.embedder.EclipseLogger - Copying 0 resource
2025-08-27 10:59:41,161 [Worker-133: Building] WARN  o.e.m.c.i.embedder.EclipseLogger - Using platform encoding (Cp1252 actually) to copy filtered resources, i.e. build is platform dependent!
2025-08-27 10:59:41,162 [Worker-133: Building] INFO  o.e.m.c.i.embedder.EclipseLogger - skip non existing resourceDirectory C:\Users\Faisal\Desktop\Demo\servlet app\TestApp\src\test\resources
2025-08-27 10:59:52,444 [Worker-141: Building] WARN  o.e.m.c.i.embedder.EclipseLogger - Using platform encoding (Cp1252 actually) to copy filtered resources, i.e. build is platform dependent!
2025-08-27 10:59:52,446 [Worker-141: Building] INFO  o.e.m.c.i.embedder.EclipseLogger - Copying 0 resource
2025-08-27 10:59:52,448 [Worker-141: Building] WARN  o.e.m.c.i.embedder.EclipseLogger - Using platform encoding (Cp1252 actually) to copy filtered resources, i.e. build is platform dependent!
2025-08-27 10:59:52,449 [Worker-141: Building] INFO  o.e.m.c.i.embedder.EclipseLogger - skip non existing resourceDirectory C:\Users\Faisal\Desktop\Demo\servlet app\TestApp\src\test\resources
2025-08-27 10:59:58,971 [Worker-141: Building] WARN  o.e.m.c.i.embedder.EclipseLogger - Using platform encoding (Cp1252 actually) to copy filtered resources, i.e. build is platform dependent!
2025-08-27 10:59:58,973 [Worker-141: Building] INFO  o.e.m.c.i.embedder.EclipseLogger - Copying 0 resource
2025-08-27 10:59:58,975 [Worker-141: Building] WARN  o.e.m.c.i.embedder.EclipseLogger - Using platform encoding (Cp1252 actually) to copy filtered resources, i.e. build is platform dependent!
2025-08-27 10:59:58,976 [Worker-141: Building] INFO  o.e.m.c.i.embedder.EclipseLogger - skip non existing resourceDirectory C:\Users\Faisal\Desktop\Demo\servlet app\TestApp\src\test\resources
2025-08-27 11:00:51,563 [Worker-142: Building] WARN  o.e.m.c.i.embedder.EclipseLogger - Using platform encoding (Cp1252 actually) to copy filtered resources, i.e. build is platform dependent!
2025-08-27 11:00:51,566 [Worker-142: Building] INFO  o.e.m.c.i.embedder.EclipseLogger - Copying 0 resource
2025-08-27 11:00:51,567 [Worker-142: Building] WARN  o.e.m.c.i.embedder.EclipseLogger - Using platform encoding (Cp1252 actually) to copy filtered resources, i.e. build is platform dependent!
2025-08-27 11:00:51,569 [Worker-142: Building] INFO  o.e.m.c.i.embedder.EclipseLogger - skip non existing resourceDirectory C:\Users\Faisal\Desktop\Demo\servlet app\TestApp\src\test\resources
2025-08-27 11:01:55,916 [Worker-141: Building] WARN  o.e.m.c.i.embedder.EclipseLogger - Using platform encoding (Cp1252 actually) to copy filtered resources, i.e. build is platform dependent!
2025-08-27 11:01:55,919 [Worker-141: Building] INFO  o.e.m.c.i.embedder.EclipseLogger - Copying 0 resource
2025-08-27 11:01:55,921 [Worker-141: Building] WARN  o.e.m.c.i.embedder.EclipseLogger - Using platform encoding (Cp1252 actually) to copy filtered resources, i.e. build is platform dependent!
2025-08-27 11:01:55,922 [Worker-141: Building] INFO  o.e.m.c.i.embedder.EclipseLogger - skip non existing resourceDirectory C:\Users\Faisal\Desktop\Demo\servlet app\TestApp\src\test\resources
2025-08-27 11:03:28,457 [Worker-140: Building] WARN  o.e.m.c.i.embedder.EclipseLogger - Using platform encoding (Cp1252 actually) to copy filtered resources, i.e. build is platform dependent!
2025-08-27 11:03:28,459 [Worker-140: Building] INFO  o.e.m.c.i.embedder.EclipseLogger - Copying 0 resource
2025-08-27 11:03:28,461 [Worker-140: Building] WARN  o.e.m.c.i.embedder.EclipseLogger - Using platform encoding (Cp1252 actually) to copy filtered resources, i.e. build is platform dependent!
2025-08-27 11:03:28,463 [Worker-140: Building] INFO  o.e.m.c.i.embedder.EclipseLogger - skip non existing resourceDirectory C:\Users\Faisal\Desktop\Demo\servlet app\TestApp\src\test\resources
2025-08-27 11:06:21,086 [Worker-146: Building] WARN  o.e.m.c.i.embedder.EclipseLogger - Using platform encoding (Cp1252 actually) to copy filtered resources, i.e. build is platform dependent!
2025-08-27 11:06:21,089 [Worker-146: Building] INFO  o.e.m.c.i.embedder.EclipseLogger - Copying 0 resource
2025-08-27 11:06:21,090 [Worker-146: Building] WARN  o.e.m.c.i.embedder.EclipseLogger - Using platform encoding (Cp1252 actually) to copy filtered resources, i.e. build is platform dependent!
2025-08-27 11:06:21,091 [Worker-146: Building] INFO  o.e.m.c.i.embedder.EclipseLogger - skip non existing resourceDirectory C:\Users\Faisal\Desktop\Demo\servlet app\TestApp\src\test\resources
2025-08-27 11:07:00,268 [Worker-143: Building] WARN  o.e.m.c.i.embedder.EclipseLogger - Using platform encoding (Cp1252 actually) to copy filtered resources, i.e. build is platform dependent!
2025-08-27 11:07:00,270 [Worker-143: Building] INFO  o.e.m.c.i.embedder.EclipseLogger - Copying 0 resource
2025-08-27 11:07:00,273 [Worker-143: Building] WARN  o.e.m.c.i.embedder.EclipseLogger - Using platform encoding (Cp1252 actually) to copy filtered resources, i.e. build is platform dependent!
2025-08-27 11:07:00,274 [Worker-143: Building] INFO  o.e.m.c.i.embedder.EclipseLogger - skip non existing resourceDirectory C:\Users\Faisal\Desktop\Demo\servlet app\TestApp\src\test\resources
2025-08-27 11:07:22,047 [Worker-146: Building] WARN  o.e.m.c.i.embedder.EclipseLogger - Using platform encoding (Cp1252 actually) to copy filtered resources, i.e. build is platform dependent!
2025-08-27 11:07:22,049 [Worker-146: Building] INFO  o.e.m.c.i.embedder.EclipseLogger - Copying 0 resource
2025-08-27 11:07:22,050 [Worker-146: Building] WARN  o.e.m.c.i.embedder.EclipseLogger - Using platform encoding (Cp1252 actually) to copy filtered resources, i.e. build is platform dependent!
2025-08-27 11:07:22,051 [Worker-146: Building] INFO  o.e.m.c.i.embedder.EclipseLogger - skip non existing resourceDirectory C:\Users\Faisal\Desktop\Demo\servlet app\TestApp\src\test\resources
2025-08-27 11:07:39,759 [Worker-145: Building] WARN  o.e.m.c.i.embedder.EclipseLogger - Using platform encoding (Cp1252 actually) to copy filtered resources, i.e. build is platform dependent!
2025-08-27 11:07:39,761 [Worker-145: Building] INFO  o.e.m.c.i.embedder.EclipseLogger - Copying 0 resource
2025-08-27 11:07:39,762 [Worker-145: Building] WARN  o.e.m.c.i.embedder.EclipseLogger - Using platform encoding (Cp1252 actually) to copy filtered resources, i.e. build is platform dependent!
2025-08-27 11:07:39,763 [Worker-145: Building] INFO  o.e.m.c.i.embedder.EclipseLogger - skip non existing resourceDirectory C:\Users\Faisal\Desktop\Demo\servlet app\TestApp\src\test\resources
2025-08-27 11:08:31,324 [Worker-143: Building] WARN  o.e.m.c.i.embedder.EclipseLogger - Using platform encoding (Cp1252 actually) to copy filtered resources, i.e. build is platform dependent!
2025-08-27 11:08:31,327 [Worker-143: Building] INFO  o.e.m.c.i.embedder.EclipseLogger - Copying 0 resource
2025-08-27 11:08:31,328 [Worker-143: Building] WARN  o.e.m.c.i.embedder.EclipseLogger - Using platform encoding (Cp1252 actually) to copy filtered resources, i.e. build is platform dependent!
2025-08-27 11:08:31,330 [Worker-143: Building] INFO  o.e.m.c.i.embedder.EclipseLogger - skip non existing resourceDirectory C:\Users\Faisal\Desktop\Demo\servlet app\TestApp\src\test\resources
2025-08-27 11:08:34,262 [Worker-145: Building] WARN  o.e.m.c.i.embedder.EclipseLogger - Using platform encoding (Cp1252 actually) to copy filtered resources, i.e. build is platform dependent!
2025-08-27 11:08:34,264 [Worker-145: Building] INFO  o.e.m.c.i.embedder.EclipseLogger - Copying 0 resource
2025-08-27 11:08:34,265 [Worker-145: Building] WARN  o.e.m.c.i.embedder.EclipseLogger - Using platform encoding (Cp1252 actually) to copy filtered resources, i.e. build is platform dependent!
2025-08-27 11:08:34,266 [Worker-145: Building] INFO  o.e.m.c.i.embedder.EclipseLogger - skip non existing resourceDirectory C:\Users\Faisal\Desktop\Demo\servlet app\TestApp\src\test\resources
2025-08-27 11:08:39,666 [Worker-143: Building] WARN  o.e.m.c.i.embedder.EclipseLogger - Using platform encoding (Cp1252 actually) to copy filtered resources, i.e. build is platform dependent!
2025-08-27 11:08:39,668 [Worker-143: Building] INFO  o.e.m.c.i.embedder.EclipseLogger - Copying 0 resource
2025-08-27 11:08:39,670 [Worker-143: Building] WARN  o.e.m.c.i.embedder.EclipseLogger - Using platform encoding (Cp1252 actually) to copy filtered resources, i.e. build is platform dependent!
2025-08-27 11:08:39,671 [Worker-143: Building] INFO  o.e.m.c.i.embedder.EclipseLogger - skip non existing resourceDirectory C:\Users\Faisal\Desktop\Demo\servlet app\TestApp\src\test\resources
2025-08-27 11:09:36,291 [Worker-140: Building] WARN  o.e.m.c.i.embedder.EclipseLogger - Using platform encoding (Cp1252 actually) to copy filtered resources, i.e. build is platform dependent!
2025-08-27 11:09:36,293 [Worker-140: Building] INFO  o.e.m.c.i.embedder.EclipseLogger - Copying 0 resource
2025-08-27 11:09:36,294 [Worker-140: Building] WARN  o.e.m.c.i.embedder.EclipseLogger - Using platform encoding (Cp1252 actually) to copy filtered resources, i.e. build is platform dependent!
2025-08-27 11:09:36,296 [Worker-140: Building] INFO  o.e.m.c.i.embedder.EclipseLogger - skip non existing resourceDirectory C:\Users\Faisal\Desktop\Demo\servlet app\TestApp\src\test\resources
2025-08-27 11:09:54,298 [Worker-140: Building] WARN  o.e.m.c.i.embedder.EclipseLogger - Using platform encoding (Cp1252 actually) to copy filtered resources, i.e. build is platform dependent!
2025-08-27 11:09:54,301 [Worker-140: Building] INFO  o.e.m.c.i.embedder.EclipseLogger - Copying 0 resource
2025-08-27 11:09:54,302 [Worker-140: Building] WARN  o.e.m.c.i.embedder.EclipseLogger - Using platform encoding (Cp1252 actually) to copy filtered resources, i.e. build is platform dependent!
2025-08-27 11:09:54,304 [Worker-140: Building] INFO  o.e.m.c.i.embedder.EclipseLogger - skip non existing resourceDirectory C:\Users\Faisal\Desktop\Demo\servlet app\TestApp\src\test\resources
2025-08-27 11:10:51,886 [Worker-145: Building] WARN  o.e.m.c.i.embedder.EclipseLogger - Using platform encoding (Cp1252 actually) to copy filtered resources, i.e. build is platform dependent!
2025-08-27 11:10:51,888 [Worker-145: Building] INFO  o.e.m.c.i.embedder.EclipseLogger - Copying 0 resource
2025-08-27 11:10:51,889 [Worker-145: Building] WARN  o.e.m.c.i.embedder.EclipseLogger - Using platform encoding (Cp1252 actually) to copy filtered resources, i.e. build is platform dependent!
2025-08-27 11:10:51,890 [Worker-145: Building] INFO  o.e.m.c.i.embedder.EclipseLogger - skip non existing resourceDirectory C:\Users\Faisal\Desktop\Demo\servlet app\TestApp\src\test\resources
2025-08-27 11:11:11,716 [Worker-145: Building] WARN  o.e.m.c.i.embedder.EclipseLogger - Using platform encoding (Cp1252 actually) to copy filtered resources, i.e. build is platform dependent!
2025-08-27 11:11:11,718 [Worker-145: Building] INFO  o.e.m.c.i.embedder.EclipseLogger - Copying 0 resource
2025-08-27 11:11:11,719 [Worker-145: Building] WARN  o.e.m.c.i.embedder.EclipseLogger - Using platform encoding (Cp1252 actually) to copy filtered resources, i.e. build is platform dependent!
2025-08-27 11:11:11,721 [Worker-145: Building] INFO  o.e.m.c.i.embedder.EclipseLogger - skip non existing resourceDirectory C:\Users\Faisal\Desktop\Demo\servlet app\TestApp\src\test\resources
2025-08-27 11:11:22,547 [Worker-145: Building] WARN  o.e.m.c.i.embedder.EclipseLogger - Using platform encoding (Cp1252 actually) to copy filtered resources, i.e. build is platform dependent!
2025-08-27 11:11:22,550 [Worker-145: Building] INFO  o.e.m.c.i.embedder.EclipseLogger - Copying 0 resource
2025-08-27 11:11:22,551 [Worker-145: Building] WARN  o.e.m.c.i.embedder.EclipseLogger - Using platform encoding (Cp1252 actually) to copy filtered resources, i.e. build is platform dependent!
2025-08-27 11:11:22,552 [Worker-145: Building] INFO  o.e.m.c.i.embedder.EclipseLogger - skip non existing resourceDirectory C:\Users\Faisal\Desktop\Demo\servlet app\TestApp\src\test\resources
2025-08-27 11:11:26,177 [Worker-145: Building] WARN  o.e.m.c.i.embedder.EclipseLogger - Using platform encoding (Cp1252 actually) to copy filtered resources, i.e. build is platform dependent!
2025-08-27 11:11:26,179 [Worker-145: Building] INFO  o.e.m.c.i.embedder.EclipseLogger - Copying 0 resource
2025-08-27 11:11:26,180 [Worker-145: Building] WARN  o.e.m.c.i.embedder.EclipseLogger - Using platform encoding (Cp1252 actually) to copy filtered resources, i.e. build is platform dependent!
2025-08-27 11:11:26,181 [Worker-145: Building] INFO  o.e.m.c.i.embedder.EclipseLogger - skip non existing resourceDirectory C:\Users\Faisal\Desktop\Demo\servlet app\TestApp\src\test\resources
2025-08-27 11:12:25,170 [Worker-143: Building] WARN  o.e.m.c.i.embedder.EclipseLogger - Using platform encoding (Cp1252 actually) to copy filtered resources, i.e. build is platform dependent!
2025-08-27 11:12:25,173 [Worker-143: Building] INFO  o.e.m.c.i.embedder.EclipseLogger - Copying 0 resource
2025-08-27 11:12:25,174 [Worker-143: Building] WARN  o.e.m.c.i.embedder.EclipseLogger - Using platform encoding (Cp1252 actually) to copy filtered resources, i.e. build is platform dependent!
2025-08-27 11:12:25,175 [Worker-143: Building] INFO  o.e.m.c.i.embedder.EclipseLogger - skip non existing resourceDirectory C:\Users\Faisal\Desktop\Demo\servlet app\TestApp\src\test\resources
2025-08-27 11:12:27,803 [Worker-143: Building] WARN  o.e.m.c.i.embedder.EclipseLogger - Using platform encoding (Cp1252 actually) to copy filtered resources, i.e. build is platform dependent!
2025-08-27 11:12:27,805 [Worker-143: Building] INFO  o.e.m.c.i.embedder.EclipseLogger - Copying 0 resource
2025-08-27 11:12:27,806 [Worker-143: Building] WARN  o.e.m.c.i.embedder.EclipseLogger - Using platform encoding (Cp1252 actually) to copy filtered resources, i.e. build is platform dependent!
2025-08-27 11:12:27,807 [Worker-143: Building] INFO  o.e.m.c.i.embedder.EclipseLogger - skip non existing resourceDirectory C:\Users\Faisal\Desktop\Demo\servlet app\TestApp\src\test\resources
2025-08-27 11:13:02,773 [Worker-145: Building] WARN  o.e.m.c.i.embedder.EclipseLogger - Using platform encoding (Cp1252 actually) to copy filtered resources, i.e. build is platform dependent!
2025-08-27 11:13:02,775 [Worker-145: Building] INFO  o.e.m.c.i.embedder.EclipseLogger - Copying 0 resource
2025-08-27 11:13:02,776 [Worker-145: Building] WARN  o.e.m.c.i.embedder.EclipseLogger - Using platform encoding (Cp1252 actually) to copy filtered resources, i.e. build is platform dependent!
2025-08-27 11:13:02,778 [Worker-145: Building] INFO  o.e.m.c.i.embedder.EclipseLogger - skip non existing resourceDirectory C:\Users\Faisal\Desktop\Demo\servlet app\TestApp\src\test\resources
2025-08-27 11:13:04,840 [Worker-145: Building] WARN  o.e.m.c.i.embedder.EclipseLogger - Using platform encoding (Cp1252 actually) to copy filtered resources, i.e. build is platform dependent!
2025-08-27 11:13:04,842 [Worker-145: Building] INFO  o.e.m.c.i.embedder.EclipseLogger - Copying 0 resource
2025-08-27 11:13:04,844 [Worker-145: Building] WARN  o.e.m.c.i.embedder.EclipseLogger - Using platform encoding (Cp1252 actually) to copy filtered resources, i.e. build is platform dependent!
2025-08-27 11:13:04,845 [Worker-145: Building] INFO  o.e.m.c.i.embedder.EclipseLogger - skip non existing resourceDirectory C:\Users\Faisal\Desktop\Demo\servlet app\TestApp\src\test\resources
2025-08-27 11:14:27,968 [Worker-143: Building] WARN  o.e.m.c.i.embedder.EclipseLogger - Using platform encoding (Cp1252 actually) to copy filtered resources, i.e. build is platform dependent!
2025-08-27 11:14:27,971 [Worker-143: Building] INFO  o.e.m.c.i.embedder.EclipseLogger - Copying 0 resource
2025-08-27 11:14:27,972 [Worker-143: Building] WARN  o.e.m.c.i.embedder.EclipseLogger - Using platform encoding (Cp1252 actually) to copy filtered resources, i.e. build is platform dependent!
2025-08-27 11:14:27,974 [Worker-143: Building] INFO  o.e.m.c.i.embedder.EclipseLogger - skip non existing resourceDirectory C:\Users\Faisal\Desktop\Demo\servlet app\TestApp\src\test\resources
2025-08-27 11:17:16,779 [Worker-146: Building] WARN  o.e.m.c.i.embedder.EclipseLogger - Using platform encoding (Cp1252 actually) to copy filtered resources, i.e. build is platform dependent!
2025-08-27 11:17:16,781 [Worker-146: Building] INFO  o.e.m.c.i.embedder.EclipseLogger - Copying 0 resource
2025-08-27 11:17:16,782 [Worker-146: Building] WARN  o.e.m.c.i.embedder.EclipseLogger - Using platform encoding (Cp1252 actually) to copy filtered resources, i.e. build is platform dependent!
2025-08-27 11:17:16,784 [Worker-146: Building] INFO  o.e.m.c.i.embedder.EclipseLogger - skip non existing resourceDirectory C:\Users\Faisal\Desktop\Demo\servlet app\TestApp\src\test\resources
2025-08-27 11:17:27,785 [Worker-152: Building] WARN  o.e.m.c.i.embedder.EclipseLogger - Using platform encoding (Cp1252 actually) to copy filtered resources, i.e. build is platform dependent!
2025-08-27 11:17:27,787 [Worker-152: Building] INFO  o.e.m.c.i.embedder.EclipseLogger - Copying 0 resource
2025-08-27 11:17:27,789 [Worker-152: Building] WARN  o.e.m.c.i.embedder.EclipseLogger - Using platform encoding (Cp1252 actually) to copy filtered resources, i.e. build is platform dependent!
2025-08-27 11:17:27,790 [Worker-152: Building] INFO  o.e.m.c.i.embedder.EclipseLogger - skip non existing resourceDirectory C:\Users\Faisal\Desktop\Demo\servlet app\TestApp\src\test\resources
2025-08-27 11:18:06,016 [Worker-151: Building] WARN  o.e.m.c.i.embedder.EclipseLogger - Using platform encoding (Cp1252 actually) to copy filtered resources, i.e. build is platform dependent!
2025-08-27 11:18:06,018 [Worker-151: Building] INFO  o.e.m.c.i.embedder.EclipseLogger - Copying 0 resource
2025-08-27 11:18:06,020 [Worker-151: Building] WARN  o.e.m.c.i.embedder.EclipseLogger - Using platform encoding (Cp1252 actually) to copy filtered resources, i.e. build is platform dependent!
2025-08-27 11:18:06,021 [Worker-151: Building] INFO  o.e.m.c.i.embedder.EclipseLogger - skip non existing resourceDirectory C:\Users\Faisal\Desktop\Demo\servlet app\TestApp\src\test\resources
2025-08-27 11:18:58,709 [Worker-152: Building] WARN  o.e.m.c.i.embedder.EclipseLogger - Using platform encoding (Cp1252 actually) to copy filtered resources, i.e. build is platform dependent!
2025-08-27 11:18:58,711 [Worker-152: Building] INFO  o.e.m.c.i.embedder.EclipseLogger - Copying 0 resource
2025-08-27 11:18:58,713 [Worker-152: Building] WARN  o.e.m.c.i.embedder.EclipseLogger - Using platform encoding (Cp1252 actually) to copy filtered resources, i.e. build is platform dependent!
2025-08-27 11:18:58,714 [Worker-152: Building] INFO  o.e.m.c.i.embedder.EclipseLogger - skip non existing resourceDirectory C:\Users\Faisal\Desktop\Demo\servlet app\TestApp\src\test\resources
2025-08-27 11:19:54,045 [Worker-153: Building] WARN  o.e.m.c.i.embedder.EclipseLogger - Using platform encoding (Cp1252 actually) to copy filtered resources, i.e. build is platform dependent!
2025-08-27 11:19:54,047 [Worker-153: Building] INFO  o.e.m.c.i.embedder.EclipseLogger - Copying 0 resource
2025-08-27 11:19:54,049 [Worker-153: Building] WARN  o.e.m.c.i.embedder.EclipseLogger - Using platform encoding (Cp1252 actually) to copy filtered resources, i.e. build is platform dependent!
2025-08-27 11:19:54,051 [Worker-153: Building] INFO  o.e.m.c.i.embedder.EclipseLogger - skip non existing resourceDirectory C:\Users\Faisal\Desktop\Demo\servlet app\TestApp\src\test\resources
2025-08-27 11:21:23,736 [Worker-154: Building] WARN  o.e.m.c.i.embedder.EclipseLogger - Using platform encoding (Cp1252 actually) to copy filtered resources, i.e. build is platform dependent!
2025-08-27 11:21:23,739 [Worker-154: Building] INFO  o.e.m.c.i.embedder.EclipseLogger - Copying 0 resource
2025-08-27 11:21:23,740 [Worker-154: Building] WARN  o.e.m.c.i.embedder.EclipseLogger - Using platform encoding (Cp1252 actually) to copy filtered resources, i.e. build is platform dependent!
2025-08-27 11:21:23,742 [Worker-154: Building] INFO  o.e.m.c.i.embedder.EclipseLogger - skip non existing resourceDirectory C:\Users\Faisal\Desktop\Demo\servlet app\TestApp\src\test\resources
2025-08-27 11:21:39,755 [Worker-152: Building] WARN  o.e.m.c.i.embedder.EclipseLogger - Using platform encoding (Cp1252 actually) to copy filtered resources, i.e. build is platform dependent!
2025-08-27 11:21:39,757 [Worker-152: Building] INFO  o.e.m.c.i.embedder.EclipseLogger - Copying 0 resource
2025-08-27 11:21:39,758 [Worker-152: Building] WARN  o.e.m.c.i.embedder.EclipseLogger - Using platform encoding (Cp1252 actually) to copy filtered resources, i.e. build is platform dependent!
2025-08-27 11:21:39,759 [Worker-152: Building] INFO  o.e.m.c.i.embedder.EclipseLogger - skip non existing resourceDirectory C:\Users\Faisal\Desktop\Demo\servlet app\TestApp\src\test\resources
2025-08-27 11:22:24,874 [Worker-154: Building] WARN  o.e.m.c.i.embedder.EclipseLogger - Using platform encoding (Cp1252 actually) to copy filtered resources, i.e. build is platform dependent!
2025-08-27 11:22:24,877 [Worker-154: Building] INFO  o.e.m.c.i.embedder.EclipseLogger - Copying 0 resource
2025-08-27 11:22:24,880 [Worker-154: Building] WARN  o.e.m.c.i.embedder.EclipseLogger - Using platform encoding (Cp1252 actually) to copy filtered resources, i.e. build is platform dependent!
2025-08-27 11:22:24,881 [Worker-154: Building] INFO  o.e.m.c.i.embedder.EclipseLogger - skip non existing resourceDirectory C:\Users\Faisal\Desktop\Demo\servlet app\TestApp\src\test\resources
2025-08-27 11:23:57,402 [Worker-152: Building] WARN  o.e.m.c.i.embedder.EclipseLogger - Using platform encoding (Cp1252 actually) to copy filtered resources, i.e. build is platform dependent!
2025-08-27 11:23:57,404 [Worker-152: Building] INFO  o.e.m.c.i.embedder.EclipseLogger - Copying 0 resource
2025-08-27 11:23:57,405 [Worker-152: Building] WARN  o.e.m.c.i.embedder.EclipseLogger - Using platform encoding (Cp1252 actually) to copy filtered resources, i.e. build is platform dependent!
2025-08-27 11:23:57,406 [Worker-152: Building] INFO  o.e.m.c.i.embedder.EclipseLogger - skip non existing resourceDirectory C:\Users\Faisal\Desktop\Demo\servlet app\TestApp\src\test\resources
2025-08-27 11:24:08,433 [Worker-157: Building] WARN  o.e.m.c.i.embedder.EclipseLogger - Using platform encoding (Cp1252 actually) to copy filtered resources, i.e. build is platform dependent!
2025-08-27 11:24:08,434 [Worker-157: Building] INFO  o.e.m.c.i.embedder.EclipseLogger - Copying 0 resource
2025-08-27 11:24:08,435 [Worker-157: Building] WARN  o.e.m.c.i.embedder.EclipseLogger - Using platform encoding (Cp1252 actually) to copy filtered resources, i.e. build is platform dependent!
2025-08-27 11:24:08,436 [Worker-157: Building] INFO  o.e.m.c.i.embedder.EclipseLogger - skip non existing resourceDirectory C:\Users\Faisal\Desktop\Demo\servlet app\TestApp\src\test\resources
2025-08-27 11:24:54,705 [Worker-152: Building] WARN  o.e.m.c.i.embedder.EclipseLogger - Using platform encoding (Cp1252 actually) to copy filtered resources, i.e. build is platform dependent!
2025-08-27 11:24:54,707 [Worker-152: Building] INFO  o.e.m.c.i.embedder.EclipseLogger - Copying 0 resource
2025-08-27 11:24:54,708 [Worker-152: Building] WARN  o.e.m.c.i.embedder.EclipseLogger - Using platform encoding (Cp1252 actually) to copy filtered resources, i.e. build is platform dependent!
2025-08-27 11:24:54,709 [Worker-152: Building] INFO  o.e.m.c.i.embedder.EclipseLogger - skip non existing resourceDirectory C:\Users\Faisal\Desktop\Demo\servlet app\TestApp\src\test\resources
2025-08-27 11:24:58,233 [Worker-157: Building] WARN  o.e.m.c.i.embedder.EclipseLogger - Using platform encoding (Cp1252 actually) to copy filtered resources, i.e. build is platform dependent!
2025-08-27 11:24:58,236 [Worker-157: Building] INFO  o.e.m.c.i.embedder.EclipseLogger - Copying 0 resource
2025-08-27 11:24:58,237 [Worker-157: Building] WARN  o.e.m.c.i.embedder.EclipseLogger - Using platform encoding (Cp1252 actually) to copy filtered resources, i.e. build is platform dependent!
2025-08-27 11:24:58,238 [Worker-157: Building] INFO  o.e.m.c.i.embedder.EclipseLogger - skip non existing resourceDirectory C:\Users\Faisal\Desktop\Demo\servlet app\TestApp\src\test\resources
2025-08-27 11:26:19,112 [Worker-155: Building] WARN  o.e.m.c.i.embedder.EclipseLogger - Using platform encoding (Cp1252 actually) to copy filtered resources, i.e. build is platform dependent!
2025-08-27 11:26:19,117 [Worker-155: Building] INFO  o.e.m.c.i.embedder.EclipseLogger - Copying 0 resource
2025-08-27 11:26:19,118 [Worker-155: Building] WARN  o.e.m.c.i.embedder.EclipseLogger - Using platform encoding (Cp1252 actually) to copy filtered resources, i.e. build is platform dependent!
2025-08-27 11:26:19,119 [Worker-155: Building] INFO  o.e.m.c.i.embedder.EclipseLogger - skip non existing resourceDirectory C:\Users\Faisal\Desktop\Demo\servlet app\TestApp\src\test\resources
2025-08-27 11:26:52,692 [Worker-155: Building] WARN  o.e.m.c.i.embedder.EclipseLogger - Using platform encoding (Cp1252 actually) to copy filtered resources, i.e. build is platform dependent!
2025-08-27 11:26:52,694 [Worker-155: Building] INFO  o.e.m.c.i.embedder.EclipseLogger - Copying 0 resource
2025-08-27 11:26:52,695 [Worker-155: Building] WARN  o.e.m.c.i.embedder.EclipseLogger - Using platform encoding (Cp1252 actually) to copy filtered resources, i.e. build is platform dependent!
2025-08-27 11:26:52,696 [Worker-155: Building] INFO  o.e.m.c.i.embedder.EclipseLogger - skip non existing resourceDirectory C:\Users\Faisal\Desktop\Demo\servlet app\TestApp\src\test\resources
2025-08-27 11:26:59,946 [Worker-158: Building] WARN  o.e.m.c.i.embedder.EclipseLogger - Using platform encoding (Cp1252 actually) to copy filtered resources, i.e. build is platform dependent!
2025-08-27 11:26:59,948 [Worker-158: Building] INFO  o.e.m.c.i.embedder.EclipseLogger - Copying 0 resource
2025-08-27 11:26:59,950 [Worker-158: Building] WARN  o.e.m.c.i.embedder.EclipseLogger - Using platform encoding (Cp1252 actually) to copy filtered resources, i.e. build is platform dependent!
2025-08-27 11:26:59,952 [Worker-158: Building] INFO  o.e.m.c.i.embedder.EclipseLogger - skip non existing resourceDirectory C:\Users\Faisal\Desktop\Demo\servlet app\TestApp\src\test\resources
2025-08-27 11:34:11,678 [Worker-163: Building] WARN  o.e.m.c.i.embedder.EclipseLogger - Using platform encoding (Cp1252 actually) to copy filtered resources, i.e. build is platform dependent!
2025-08-27 11:34:11,681 [Worker-163: Building] INFO  o.e.m.c.i.embedder.EclipseLogger - Copying 0 resource
2025-08-27 11:34:11,682 [Worker-163: Building] WARN  o.e.m.c.i.embedder.EclipseLogger - Using platform encoding (Cp1252 actually) to copy filtered resources, i.e. build is platform dependent!
2025-08-27 11:34:11,684 [Worker-163: Building] INFO  o.e.m.c.i.embedder.EclipseLogger - skip non existing resourceDirectory C:\Users\Faisal\Desktop\Demo\servlet app\TestApp\src\test\resources
2025-08-27 11:34:45,306 [Worker-163: Building] WARN  o.e.m.c.i.embedder.EclipseLogger - Using platform encoding (Cp1252 actually) to copy filtered resources, i.e. build is platform dependent!
2025-08-27 11:34:45,308 [Worker-163: Building] INFO  o.e.m.c.i.embedder.EclipseLogger - Copying 0 resource
2025-08-27 11:34:45,310 [Worker-163: Building] WARN  o.e.m.c.i.embedder.EclipseLogger - Using platform encoding (Cp1252 actually) to copy filtered resources, i.e. build is platform dependent!
2025-08-27 11:34:45,311 [Worker-163: Building] INFO  o.e.m.c.i.embedder.EclipseLogger - skip non existing resourceDirectory C:\Users\Faisal\Desktop\Demo\servlet app\TestApp\src\test\resources
2025-08-27 11:35:09,996 [Worker-160: Building] WARN  o.e.m.c.i.embedder.EclipseLogger - Using platform encoding (Cp1252 actually) to copy filtered resources, i.e. build is platform dependent!
2025-08-27 11:35:09,997 [Worker-160: Building] INFO  o.e.m.c.i.embedder.EclipseLogger - Copying 0 resource
2025-08-27 11:35:09,999 [Worker-160: Building] WARN  o.e.m.c.i.embedder.EclipseLogger - Using platform encoding (Cp1252 actually) to copy filtered resources, i.e. build is platform dependent!
2025-08-27 11:35:10,000 [Worker-160: Building] INFO  o.e.m.c.i.embedder.EclipseLogger - skip non existing resourceDirectory C:\Users\Faisal\Desktop\Demo\servlet app\TestApp\src\test\resources
2025-08-27 11:36:24,495 [Worker-161: Building] WARN  o.e.m.c.i.embedder.EclipseLogger - Using platform encoding (Cp1252 actually) to copy filtered resources, i.e. build is platform dependent!
2025-08-27 11:36:24,498 [Worker-161: Building] INFO  o.e.m.c.i.embedder.EclipseLogger - Copying 0 resource
2025-08-27 11:36:24,500 [Worker-161: Building] WARN  o.e.m.c.i.embedder.EclipseLogger - Using platform encoding (Cp1252 actually) to copy filtered resources, i.e. build is platform dependent!
2025-08-27 11:36:24,501 [Worker-161: Building] INFO  o.e.m.c.i.embedder.EclipseLogger - skip non existing resourceDirectory C:\Users\Faisal\Desktop\Demo\servlet app\TestApp\src\test\resources
2025-08-27 11:37:29,552 [Worker-162: Building] WARN  o.e.m.c.i.embedder.EclipseLogger - Using platform encoding (Cp1252 actually) to copy filtered resources, i.e. build is platform dependent!
2025-08-27 11:37:29,554 [Worker-162: Building] INFO  o.e.m.c.i.embedder.EclipseLogger - Copying 0 resource
2025-08-27 11:37:29,555 [Worker-162: Building] WARN  o.e.m.c.i.embedder.EclipseLogger - Using platform encoding (Cp1252 actually) to copy filtered resources, i.e. build is platform dependent!
2025-08-27 11:37:29,556 [Worker-162: Building] INFO  o.e.m.c.i.embedder.EclipseLogger - skip non existing resourceDirectory C:\Users\Faisal\Desktop\Demo\servlet app\TestApp\src\test\resources
2025-08-27 11:38:08,575 [Worker-162: Building] WARN  o.e.m.c.i.embedder.EclipseLogger - Using platform encoding (Cp1252 actually) to copy filtered resources, i.e. build is platform dependent!
2025-08-27 11:38:08,577 [Worker-162: Building] INFO  o.e.m.c.i.embedder.EclipseLogger - Copying 0 resource
2025-08-27 11:38:08,579 [Worker-162: Building] WARN  o.e.m.c.i.embedder.EclipseLogger - Using platform encoding (Cp1252 actually) to copy filtered resources, i.e. build is platform dependent!
2025-08-27 11:38:08,580 [Worker-162: Building] INFO  o.e.m.c.i.embedder.EclipseLogger - skip non existing resourceDirectory C:\Users\Faisal\Desktop\Demo\servlet app\TestApp\src\test\resources
2025-08-27 11:38:24,507 [Worker-161: Building] WARN  o.e.m.c.i.embedder.EclipseLogger - Using platform encoding (Cp1252 actually) to copy filtered resources, i.e. build is platform dependent!
2025-08-27 11:38:24,509 [Worker-161: Building] INFO  o.e.m.c.i.embedder.EclipseLogger - Copying 0 resource
2025-08-27 11:38:24,511 [Worker-161: Building] WARN  o.e.m.c.i.embedder.EclipseLogger - Using platform encoding (Cp1252 actually) to copy filtered resources, i.e. build is platform dependent!
2025-08-27 11:38:24,512 [Worker-161: Building] INFO  o.e.m.c.i.embedder.EclipseLogger - skip non existing resourceDirectory C:\Users\Faisal\Desktop\Demo\servlet app\TestApp\src\test\resources
2025-08-27 11:38:31,434 [Worker-162: Building] WARN  o.e.m.c.i.embedder.EclipseLogger - Using platform encoding (Cp1252 actually) to copy filtered resources, i.e. build is platform dependent!
2025-08-27 11:38:31,437 [Worker-162: Building] INFO  o.e.m.c.i.embedder.EclipseLogger - Copying 0 resource
2025-08-27 11:38:31,438 [Worker-162: Building] WARN  o.e.m.c.i.embedder.EclipseLogger - Using platform encoding (Cp1252 actually) to copy filtered resources, i.e. build is platform dependent!
2025-08-27 11:38:31,441 [Worker-162: Building] INFO  o.e.m.c.i.embedder.EclipseLogger - skip non existing resourceDirectory C:\Users\Faisal\Desktop\Demo\servlet app\TestApp\src\test\resources
2025-08-27 11:40:53,534 [Worker-162: Building] WARN  o.e.m.c.i.embedder.EclipseLogger - Using platform encoding (Cp1252 actually) to copy filtered resources, i.e. build is platform dependent!
2025-08-27 11:40:53,536 [Worker-162: Building] INFO  o.e.m.c.i.embedder.EclipseLogger - Copying 0 resource
2025-08-27 11:40:53,537 [Worker-162: Building] WARN  o.e.m.c.i.embedder.EclipseLogger - Using platform encoding (Cp1252 actually) to copy filtered resources, i.e. build is platform dependent!
2025-08-27 11:40:53,538 [Worker-162: Building] INFO  o.e.m.c.i.embedder.EclipseLogger - skip non existing resourceDirectory C:\Users\Faisal\Desktop\Demo\servlet app\TestApp\src\test\resources
2025-08-27 11:41:26,198 [Worker-160: Building] WARN  o.e.m.c.i.embedder.EclipseLogger - Using platform encoding (Cp1252 actually) to copy filtered resources, i.e. build is platform dependent!
2025-08-27 11:41:26,199 [Worker-160: Building] INFO  o.e.m.c.i.embedder.EclipseLogger - Copying 0 resource
2025-08-27 11:41:26,200 [Worker-160: Building] WARN  o.e.m.c.i.embedder.EclipseLogger - Using platform encoding (Cp1252 actually) to copy filtered resources, i.e. build is platform dependent!
2025-08-27 11:41:26,200 [Worker-160: Building] INFO  o.e.m.c.i.embedder.EclipseLogger - skip non existing resourceDirectory C:\Users\Faisal\Desktop\Demo\servlet app\TestApp\src\test\resources
2025-08-27 11:41:42,542 [Worker-161: Building] WARN  o.e.m.c.i.embedder.EclipseLogger - Using platform encoding (Cp1252 actually) to copy filtered resources, i.e. build is platform dependent!
2025-08-27 11:41:42,544 [Worker-161: Building] INFO  o.e.m.c.i.embedder.EclipseLogger - Copying 0 resource
2025-08-27 11:41:42,545 [Worker-161: Building] WARN  o.e.m.c.i.embedder.EclipseLogger - Using platform encoding (Cp1252 actually) to copy filtered resources, i.e. build is platform dependent!
2025-08-27 11:41:42,546 [Worker-161: Building] INFO  o.e.m.c.i.embedder.EclipseLogger - skip non existing resourceDirectory C:\Users\Faisal\Desktop\Demo\servlet app\TestApp\src\test\resources
2025-08-27 11:42:36,460 [Worker-160: Building] WARN  o.e.m.c.i.embedder.EclipseLogger - Using platform encoding (Cp1252 actually) to copy filtered resources, i.e. build is platform dependent!
2025-08-27 11:42:36,461 [Worker-160: Building] INFO  o.e.m.c.i.embedder.EclipseLogger - Copying 0 resource
2025-08-27 11:42:36,462 [Worker-160: Building] WARN  o.e.m.c.i.embedder.EclipseLogger - Using platform encoding (Cp1252 actually) to copy filtered resources, i.e. build is platform dependent!
2025-08-27 11:42:36,463 [Worker-160: Building] INFO  o.e.m.c.i.embedder.EclipseLogger - skip non existing resourceDirectory C:\Users\Faisal\Desktop\Demo\servlet app\TestApp\src\test\resources
2025-08-27 11:43:59,997 [Worker-167: Building] WARN  o.e.m.c.i.embedder.EclipseLogger - Using platform encoding (Cp1252 actually) to copy filtered resources, i.e. build is platform dependent!
2025-08-27 11:43:59,999 [Worker-167: Building] INFO  o.e.m.c.i.embedder.EclipseLogger - Copying 0 resource
2025-08-27 11:44:00,000 [Worker-167: Building] WARN  o.e.m.c.i.embedder.EclipseLogger - Using platform encoding (Cp1252 actually) to copy filtered resources, i.e. build is platform dependent!
2025-08-27 11:44:00,000 [Worker-167: Building] INFO  o.e.m.c.i.embedder.EclipseLogger - skip non existing resourceDirectory C:\Users\Faisal\Desktop\Demo\servlet app\TestApp\src\test\resources
2025-08-27 11:44:34,882 [Worker-165: Building] WARN  o.e.m.c.i.embedder.EclipseLogger - Using platform encoding (Cp1252 actually) to copy filtered resources, i.e. build is platform dependent!
2025-08-27 11:44:34,883 [Worker-165: Building] INFO  o.e.m.c.i.embedder.EclipseLogger - Copying 0 resource
2025-08-27 11:44:34,884 [Worker-165: Building] WARN  o.e.m.c.i.embedder.EclipseLogger - Using platform encoding (Cp1252 actually) to copy filtered resources, i.e. build is platform dependent!
2025-08-27 11:44:34,885 [Worker-165: Building] INFO  o.e.m.c.i.embedder.EclipseLogger - skip non existing resourceDirectory C:\Users\Faisal\Desktop\Demo\servlet app\TestApp\src\test\resources
2025-08-27 11:44:49,847 [Worker-167: Building] WARN  o.e.m.c.i.embedder.EclipseLogger - Using platform encoding (Cp1252 actually) to copy filtered resources, i.e. build is platform dependent!
2025-08-27 11:44:49,848 [Worker-167: Building] INFO  o.e.m.c.i.embedder.EclipseLogger - Copying 0 resource
2025-08-27 11:44:49,849 [Worker-167: Building] WARN  o.e.m.c.i.embedder.EclipseLogger - Using platform encoding (Cp1252 actually) to copy filtered resources, i.e. build is platform dependent!
2025-08-27 11:44:49,850 [Worker-167: Building] INFO  o.e.m.c.i.embedder.EclipseLogger - skip non existing resourceDirectory C:\Users\Faisal\Desktop\Demo\servlet app\TestApp\src\test\resources
2025-08-27 11:47:41,115 [Worker-165: Building] WARN  o.e.m.c.i.embedder.EclipseLogger - Using platform encoding (Cp1252 actually) to copy filtered resources, i.e. build is platform dependent!
2025-08-27 11:47:41,116 [Worker-165: Building] INFO  o.e.m.c.i.embedder.EclipseLogger - Copying 0 resource
2025-08-27 11:47:41,117 [Worker-165: Building] WARN  o.e.m.c.i.embedder.EclipseLogger - Using platform encoding (Cp1252 actually) to copy filtered resources, i.e. build is platform dependent!
2025-08-27 11:47:41,118 [Worker-165: Building] INFO  o.e.m.c.i.embedder.EclipseLogger - skip non existing resourceDirectory C:\Users\Faisal\Desktop\Demo\servlet app\TestApp\src\test\resources
2025-08-27 11:47:50,714 [Worker-170: Building] WARN  o.e.m.c.i.embedder.EclipseLogger - Using platform encoding (Cp1252 actually) to copy filtered resources, i.e. build is platform dependent!
2025-08-27 11:47:50,716 [Worker-170: Building] INFO  o.e.m.c.i.embedder.EclipseLogger - Copying 0 resource
2025-08-27 11:47:50,716 [Worker-170: Building] WARN  o.e.m.c.i.embedder.EclipseLogger - Using platform encoding (Cp1252 actually) to copy filtered resources, i.e. build is platform dependent!
2025-08-27 11:47:50,717 [Worker-170: Building] INFO  o.e.m.c.i.embedder.EclipseLogger - skip non existing resourceDirectory C:\Users\Faisal\Desktop\Demo\servlet app\TestApp\src\test\resources
2025-08-27 11:48:07,718 [Worker-168: Building] WARN  o.e.m.c.i.embedder.EclipseLogger - Using platform encoding (Cp1252 actually) to copy filtered resources, i.e. build is platform dependent!
2025-08-27 11:48:07,719 [Worker-168: Building] INFO  o.e.m.c.i.embedder.EclipseLogger - Copying 0 resource
2025-08-27 11:48:07,720 [Worker-168: Building] WARN  o.e.m.c.i.embedder.EclipseLogger - Using platform encoding (Cp1252 actually) to copy filtered resources, i.e. build is platform dependent!
2025-08-27 11:48:07,721 [Worker-168: Building] INFO  o.e.m.c.i.embedder.EclipseLogger - skip non existing resourceDirectory C:\Users\Faisal\Desktop\Demo\servlet app\TestApp\src\test\resources
2025-08-27 11:48:23,776 [Worker-162: Building] WARN  o.e.m.c.i.embedder.EclipseLogger - Using platform encoding (Cp1252 actually) to copy filtered resources, i.e. build is platform dependent!
2025-08-27 11:48:23,777 [Worker-162: Building] INFO  o.e.m.c.i.embedder.EclipseLogger - Copying 0 resource
2025-08-27 11:48:23,778 [Worker-162: Building] WARN  o.e.m.c.i.embedder.EclipseLogger - Using platform encoding (Cp1252 actually) to copy filtered resources, i.e. build is platform dependent!
2025-08-27 11:48:23,778 [Worker-162: Building] INFO  o.e.m.c.i.embedder.EclipseLogger - skip non existing resourceDirectory C:\Users\Faisal\Desktop\Demo\servlet app\TestApp\src\test\resources
2025-08-27 11:48:29,913 [Worker-169: Building] WARN  o.e.m.c.i.embedder.EclipseLogger - Using platform encoding (Cp1252 actually) to copy filtered resources, i.e. build is platform dependent!
2025-08-27 11:48:29,914 [Worker-169: Building] INFO  o.e.m.c.i.embedder.EclipseLogger - Copying 0 resource
2025-08-27 11:48:29,914 [Worker-169: Building] WARN  o.e.m.c.i.embedder.EclipseLogger - Using platform encoding (Cp1252 actually) to copy filtered resources, i.e. build is platform dependent!
2025-08-27 11:48:29,915 [Worker-169: Building] INFO  o.e.m.c.i.embedder.EclipseLogger - skip non existing resourceDirectory C:\Users\Faisal\Desktop\Demo\servlet app\TestApp\src\test\resources
2025-08-27 11:49:23,136 [Worker-162: Building] WARN  o.e.m.c.i.embedder.EclipseLogger - Using platform encoding (Cp1252 actually) to copy filtered resources, i.e. build is platform dependent!
2025-08-27 11:49:23,137 [Worker-162: Building] INFO  o.e.m.c.i.embedder.EclipseLogger - Copying 0 resource
2025-08-27 11:49:23,138 [Worker-162: Building] WARN  o.e.m.c.i.embedder.EclipseLogger - Using platform encoding (Cp1252 actually) to copy filtered resources, i.e. build is platform dependent!
2025-08-27 11:49:23,138 [Worker-162: Building] INFO  o.e.m.c.i.embedder.EclipseLogger - skip non existing resourceDirectory C:\Users\Faisal\Desktop\Demo\servlet app\TestApp\src\test\resources
2025-08-27 11:49:36,509 [Worker-165: Building] WARN  o.e.m.c.i.embedder.EclipseLogger - Using platform encoding (Cp1252 actually) to copy filtered resources, i.e. build is platform dependent!
2025-08-27 11:49:36,510 [Worker-165: Building] INFO  o.e.m.c.i.embedder.EclipseLogger - Copying 0 resource
2025-08-27 11:49:36,511 [Worker-165: Building] WARN  o.e.m.c.i.embedder.EclipseLogger - Using platform encoding (Cp1252 actually) to copy filtered resources, i.e. build is platform dependent!
2025-08-27 11:49:36,512 [Worker-165: Building] INFO  o.e.m.c.i.embedder.EclipseLogger - skip non existing resourceDirectory C:\Users\Faisal\Desktop\Demo\servlet app\TestApp\src\test\resources
2025-08-27 11:50:43,146 [Worker-165: Building] WARN  o.e.m.c.i.embedder.EclipseLogger - Using platform encoding (Cp1252 actually) to copy filtered resources, i.e. build is platform dependent!
2025-08-27 11:50:43,147 [Worker-165: Building] INFO  o.e.m.c.i.embedder.EclipseLogger - Copying 0 resource
2025-08-27 11:50:43,148 [Worker-165: Building] WARN  o.e.m.c.i.embedder.EclipseLogger - Using platform encoding (Cp1252 actually) to copy filtered resources, i.e. build is platform dependent!
2025-08-27 11:50:43,148 [Worker-165: Building] INFO  o.e.m.c.i.embedder.EclipseLogger - skip non existing resourceDirectory C:\Users\Faisal\Desktop\Demo\servlet app\TestApp\src\test\resources
2025-08-27 11:50:59,397 [Worker-169: Building] WARN  o.e.m.c.i.embedder.EclipseLogger - Using platform encoding (Cp1252 actually) to copy filtered resources, i.e. build is platform dependent!
2025-08-27 11:50:59,399 [Worker-169: Building] INFO  o.e.m.c.i.embedder.EclipseLogger - Copying 0 resource
2025-08-27 11:50:59,399 [Worker-169: Building] WARN  o.e.m.c.i.embedder.EclipseLogger - Using platform encoding (Cp1252 actually) to copy filtered resources, i.e. build is platform dependent!
2025-08-27 11:50:59,400 [Worker-169: Building] INFO  o.e.m.c.i.embedder.EclipseLogger - skip non existing resourceDirectory C:\Users\Faisal\Desktop\Demo\servlet app\TestApp\src\test\resources
2025-08-27 11:51:07,815 [Worker-162: Building] WARN  o.e.m.c.i.embedder.EclipseLogger - Using platform encoding (Cp1252 actually) to copy filtered resources, i.e. build is platform dependent!
2025-08-27 11:51:07,816 [Worker-162: Building] INFO  o.e.m.c.i.embedder.EclipseLogger - Copying 0 resource
2025-08-27 11:51:07,817 [Worker-162: Building] WARN  o.e.m.c.i.embedder.EclipseLogger - Using platform encoding (Cp1252 actually) to copy filtered resources, i.e. build is platform dependent!
2025-08-27 11:51:07,818 [Worker-162: Building] INFO  o.e.m.c.i.embedder.EclipseLogger - skip non existing resourceDirectory C:\Users\Faisal\Desktop\Demo\servlet app\TestApp\src\test\resources
2025-08-27 11:51:14,891 [Worker-162: Building] WARN  o.e.m.c.i.embedder.EclipseLogger - Using platform encoding (Cp1252 actually) to copy filtered resources, i.e. build is platform dependent!
2025-08-27 11:51:14,892 [Worker-162: Building] INFO  o.e.m.c.i.embedder.EclipseLogger - Copying 0 resource
2025-08-27 11:51:14,892 [Worker-162: Building] WARN  o.e.m.c.i.embedder.EclipseLogger - Using platform encoding (Cp1252 actually) to copy filtered resources, i.e. build is platform dependent!
2025-08-27 11:51:14,893 [Worker-162: Building] INFO  o.e.m.c.i.embedder.EclipseLogger - skip non existing resourceDirectory C:\Users\Faisal\Desktop\Demo\servlet app\TestApp\src\test\resources
2025-08-27 11:53:58,370 [Worker-173: Building] WARN  o.e.m.c.i.embedder.EclipseLogger - Using platform encoding (Cp1252 actually) to copy filtered resources, i.e. build is platform dependent!
2025-08-27 11:53:58,372 [Worker-173: Building] INFO  o.e.m.c.i.embedder.EclipseLogger - Copying 0 resource
2025-08-27 11:53:58,373 [Worker-173: Building] WARN  o.e.m.c.i.embedder.EclipseLogger - Using platform encoding (Cp1252 actually) to copy filtered resources, i.e. build is platform dependent!
2025-08-27 11:53:58,374 [Worker-173: Building] INFO  o.e.m.c.i.embedder.EclipseLogger - skip non existing resourceDirectory C:\Users\Faisal\Desktop\Demo\servlet app\TestApp\src\test\resources
2025-08-27 11:54:02,003 [Worker-174: Building] WARN  o.e.m.c.i.embedder.EclipseLogger - Using platform encoding (Cp1252 actually) to copy filtered resources, i.e. build is platform dependent!
2025-08-27 11:54:02,004 [Worker-174: Building] INFO  o.e.m.c.i.embedder.EclipseLogger - Copying 0 resource
2025-08-27 11:54:02,005 [Worker-174: Building] WARN  o.e.m.c.i.embedder.EclipseLogger - Using platform encoding (Cp1252 actually) to copy filtered resources, i.e. build is platform dependent!
2025-08-27 11:54:02,005 [Worker-174: Building] INFO  o.e.m.c.i.embedder.EclipseLogger - skip non existing resourceDirectory C:\Users\Faisal\Desktop\Demo\servlet app\TestApp\src\test\resources
2025-08-27 11:55:52,661 [Worker-165: Building] WARN  o.e.m.c.i.embedder.EclipseLogger - Using platform encoding (Cp1252 actually) to copy filtered resources, i.e. build is platform dependent!
2025-08-27 11:55:52,662 [Worker-165: Building] INFO  o.e.m.c.i.embedder.EclipseLogger - Copying 0 resource
2025-08-27 11:55:52,663 [Worker-165: Building] WARN  o.e.m.c.i.embedder.EclipseLogger - Using platform encoding (Cp1252 actually) to copy filtered resources, i.e. build is platform dependent!
2025-08-27 11:55:52,664 [Worker-165: Building] INFO  o.e.m.c.i.embedder.EclipseLogger - skip non existing resourceDirectory C:\Users\Faisal\Desktop\Demo\servlet app\TestApp\src\test\resources
2025-08-27 11:56:04,447 [Worker-165: Building] WARN  o.e.m.c.i.embedder.EclipseLogger - Using platform encoding (Cp1252 actually) to copy filtered resources, i.e. build is platform dependent!
2025-08-27 11:56:04,448 [Worker-165: Building] INFO  o.e.m.c.i.embedder.EclipseLogger - Copying 0 resource
2025-08-27 11:56:04,449 [Worker-165: Building] WARN  o.e.m.c.i.embedder.EclipseLogger - Using platform encoding (Cp1252 actually) to copy filtered resources, i.e. build is platform dependent!
2025-08-27 11:56:04,449 [Worker-165: Building] INFO  o.e.m.c.i.embedder.EclipseLogger - skip non existing resourceDirectory C:\Users\Faisal\Desktop\Demo\servlet app\TestApp\src\test\resources
2025-08-27 11:56:42,365 [Worker-176: Building] WARN  o.e.m.c.i.embedder.EclipseLogger - Using platform encoding (Cp1252 actually) to copy filtered resources, i.e. build is platform dependent!
2025-08-27 11:56:42,366 [Worker-176: Building] INFO  o.e.m.c.i.embedder.EclipseLogger - Copying 0 resource
2025-08-27 11:56:42,367 [Worker-176: Building] WARN  o.e.m.c.i.embedder.EclipseLogger - Using platform encoding (Cp1252 actually) to copy filtered resources, i.e. build is platform dependent!
2025-08-27 11:56:42,368 [Worker-176: Building] INFO  o.e.m.c.i.embedder.EclipseLogger - skip non existing resourceDirectory C:\Users\Faisal\Desktop\Demo\servlet app\TestApp\src\test\resources
2025-08-27 11:57:07,711 [Worker-165: Building] WARN  o.e.m.c.i.embedder.EclipseLogger - Using platform encoding (Cp1252 actually) to copy filtered resources, i.e. build is platform dependent!
2025-08-27 11:57:07,712 [Worker-165: Building] INFO  o.e.m.c.i.embedder.EclipseLogger - Copying 0 resource
2025-08-27 11:57:07,713 [Worker-165: Building] WARN  o.e.m.c.i.embedder.EclipseLogger - Using platform encoding (Cp1252 actually) to copy filtered resources, i.e. build is platform dependent!
2025-08-27 11:57:07,714 [Worker-165: Building] INFO  o.e.m.c.i.embedder.EclipseLogger - skip non existing resourceDirectory C:\Users\Faisal\Desktop\Demo\servlet app\TestApp\src\test\resources
2025-08-27 11:57:17,960 [Worker-177: Building] WARN  o.e.m.c.i.embedder.EclipseLogger - Using platform encoding (Cp1252 actually) to copy filtered resources, i.e. build is platform dependent!
2025-08-27 11:57:17,961 [Worker-177: Building] INFO  o.e.m.c.i.embedder.EclipseLogger - Copying 0 resource
2025-08-27 11:57:17,961 [Worker-177: Building] WARN  o.e.m.c.i.embedder.EclipseLogger - Using platform encoding (Cp1252 actually) to copy filtered resources, i.e. build is platform dependent!
2025-08-27 11:57:17,962 [Worker-177: Building] INFO  o.e.m.c.i.embedder.EclipseLogger - skip non existing resourceDirectory C:\Users\Faisal\Desktop\Demo\servlet app\TestApp\src\test\resources
2025-08-27 11:58:33,933 [Worker-177: Building] WARN  o.e.m.c.i.embedder.EclipseLogger - Using platform encoding (Cp1252 actually) to copy filtered resources, i.e. build is platform dependent!
2025-08-27 11:58:33,934 [Worker-177: Building] INFO  o.e.m.c.i.embedder.EclipseLogger - Copying 0 resource
2025-08-27 11:58:33,935 [Worker-177: Building] WARN  o.e.m.c.i.embedder.EclipseLogger - Using platform encoding (Cp1252 actually) to copy filtered resources, i.e. build is platform dependent!
2025-08-27 11:58:33,936 [Worker-177: Building] INFO  o.e.m.c.i.embedder.EclipseLogger - skip non existing resourceDirectory C:\Users\Faisal\Desktop\Demo\servlet app\TestApp\src\test\resources
2025-08-27 11:58:51,465 [Worker-177: Building] WARN  o.e.m.c.i.embedder.EclipseLogger - Using platform encoding (Cp1252 actually) to copy filtered resources, i.e. build is platform dependent!
2025-08-27 11:58:51,466 [Worker-177: Building] INFO  o.e.m.c.i.embedder.EclipseLogger - Copying 0 resource
2025-08-27 11:58:51,467 [Worker-177: Building] WARN  o.e.m.c.i.embedder.EclipseLogger - Using platform encoding (Cp1252 actually) to copy filtered resources, i.e. build is platform dependent!
2025-08-27 11:58:51,468 [Worker-177: Building] INFO  o.e.m.c.i.embedder.EclipseLogger - skip non existing resourceDirectory C:\Users\Faisal\Desktop\Demo\servlet app\TestApp\src\test\resources
2025-08-27 11:59:06,473 [Worker-175: Building] WARN  o.e.m.c.i.embedder.EclipseLogger - Using platform encoding (Cp1252 actually) to copy filtered resources, i.e. build is platform dependent!
2025-08-27 11:59:06,474 [Worker-175: Building] INFO  o.e.m.c.i.embedder.EclipseLogger - Copying 0 resource
2025-08-27 11:59:06,475 [Worker-175: Building] WARN  o.e.m.c.i.embedder.EclipseLogger - Using platform encoding (Cp1252 actually) to copy filtered resources, i.e. build is platform dependent!
2025-08-27 11:59:06,475 [Worker-175: Building] INFO  o.e.m.c.i.embedder.EclipseLogger - skip non existing resourceDirectory C:\Users\Faisal\Desktop\Demo\servlet app\TestApp\src\test\resources
2025-08-27 11:59:17,461 [Worker-170: Building] WARN  o.e.m.c.i.embedder.EclipseLogger - Using platform encoding (Cp1252 actually) to copy filtered resources, i.e. build is platform dependent!
2025-08-27 11:59:17,463 [Worker-170: Building] INFO  o.e.m.c.i.embedder.EclipseLogger - Copying 0 resource
2025-08-27 11:59:17,465 [Worker-170: Building] WARN  o.e.m.c.i.embedder.EclipseLogger - Using platform encoding (Cp1252 actually) to copy filtered resources, i.e. build is platform dependent!
2025-08-27 11:59:17,466 [Worker-170: Building] INFO  o.e.m.c.i.embedder.EclipseLogger - skip non existing resourceDirectory C:\Users\Faisal\Desktop\Demo\servlet app\TestApp\src\test\resources
2025-08-27 11:59:40,953 [Worker-177: Building] WARN  o.e.m.c.i.embedder.EclipseLogger - Using platform encoding (Cp1252 actually) to copy filtered resources, i.e. build is platform dependent!
2025-08-27 11:59:40,954 [Worker-177: Building] INFO  o.e.m.c.i.embedder.EclipseLogger - Copying 0 resource
2025-08-27 11:59:40,955 [Worker-177: Building] WARN  o.e.m.c.i.embedder.EclipseLogger - Using platform encoding (Cp1252 actually) to copy filtered resources, i.e. build is platform dependent!
2025-08-27 11:59:40,956 [Worker-177: Building] INFO  o.e.m.c.i.embedder.EclipseLogger - skip non existing resourceDirectory C:\Users\Faisal\Desktop\Demo\servlet app\TestApp\src\test\resources
2025-08-27 12:02:06,708 [Worker-178: Building] WARN  o.e.m.c.i.embedder.EclipseLogger - Using platform encoding (Cp1252 actually) to copy filtered resources, i.e. build is platform dependent!
2025-08-27 12:02:06,710 [Worker-178: Building] INFO  o.e.m.c.i.embedder.EclipseLogger - Copying 0 resource
2025-08-27 12:02:06,711 [Worker-178: Building] WARN  o.e.m.c.i.embedder.EclipseLogger - Using platform encoding (Cp1252 actually) to copy filtered resources, i.e. build is platform dependent!
2025-08-27 12:02:06,712 [Worker-178: Building] INFO  o.e.m.c.i.embedder.EclipseLogger - skip non existing resourceDirectory C:\Users\Faisal\Desktop\Demo\servlet app\TestApp\src\test\resources
2025-08-27 12:02:28,302 [Worker-179: Building] WARN  o.e.m.c.i.embedder.EclipseLogger - Using platform encoding (Cp1252 actually) to copy filtered resources, i.e. build is platform dependent!
2025-08-27 12:02:28,304 [Worker-179: Building] INFO  o.e.m.c.i.embedder.EclipseLogger - Copying 0 resource
2025-08-27 12:02:28,305 [Worker-179: Building] WARN  o.e.m.c.i.embedder.EclipseLogger - Using platform encoding (Cp1252 actually) to copy filtered resources, i.e. build is platform dependent!
2025-08-27 12:02:28,306 [Worker-179: Building] INFO  o.e.m.c.i.embedder.EclipseLogger - skip non existing resourceDirectory C:\Users\Faisal\Desktop\Demo\servlet app\TestApp\src\test\resources
2025-08-27 12:02:30,315 [Worker-178: Building] WARN  o.e.m.c.i.embedder.EclipseLogger - Using platform encoding (Cp1252 actually) to copy filtered resources, i.e. build is platform dependent!
2025-08-27 12:02:30,316 [Worker-178: Building] INFO  o.e.m.c.i.embedder.EclipseLogger - Copying 0 resource
2025-08-27 12:02:30,317 [Worker-178: Building] WARN  o.e.m.c.i.embedder.EclipseLogger - Using platform encoding (Cp1252 actually) to copy filtered resources, i.e. build is platform dependent!
2025-08-27 12:02:30,317 [Worker-178: Building] INFO  o.e.m.c.i.embedder.EclipseLogger - skip non existing resourceDirectory C:\Users\Faisal\Desktop\Demo\servlet app\TestApp\src\test\resources
2025-08-27 12:02:48,735 [Worker-180: Building] WARN  o.e.m.c.i.embedder.EclipseLogger - Using platform encoding (Cp1252 actually) to copy filtered resources, i.e. build is platform dependent!
2025-08-27 12:02:48,736 [Worker-180: Building] INFO  o.e.m.c.i.embedder.EclipseLogger - Copying 0 resource
2025-08-27 12:02:48,737 [Worker-180: Building] WARN  o.e.m.c.i.embedder.EclipseLogger - Using platform encoding (Cp1252 actually) to copy filtered resources, i.e. build is platform dependent!
2025-08-27 12:02:48,737 [Worker-180: Building] INFO  o.e.m.c.i.embedder.EclipseLogger - skip non existing resourceDirectory C:\Users\Faisal\Desktop\Demo\servlet app\TestApp\src\test\resources
2025-08-27 12:03:03,226 [Worker-165: Building] WARN  o.e.m.c.i.embedder.EclipseLogger - Using platform encoding (Cp1252 actually) to copy filtered resources, i.e. build is platform dependent!
2025-08-27 12:03:03,227 [Worker-165: Building] INFO  o.e.m.c.i.embedder.EclipseLogger - Copying 0 resource
2025-08-27 12:03:03,228 [Worker-165: Building] WARN  o.e.m.c.i.embedder.EclipseLogger - Using platform encoding (Cp1252 actually) to copy filtered resources, i.e. build is platform dependent!
2025-08-27 12:03:03,228 [Worker-165: Building] INFO  o.e.m.c.i.embedder.EclipseLogger - skip non existing resourceDirectory C:\Users\Faisal\Desktop\Demo\servlet app\TestApp\src\test\resources
2025-08-27 12:03:20,551 [Worker-178: Building] WARN  o.e.m.c.i.embedder.EclipseLogger - Using platform encoding (Cp1252 actually) to copy filtered resources, i.e. build is platform dependent!
2025-08-27 12:03:20,552 [Worker-178: Building] INFO  o.e.m.c.i.embedder.EclipseLogger - Copying 0 resource
2025-08-27 12:03:20,553 [Worker-178: Building] WARN  o.e.m.c.i.embedder.EclipseLogger - Using platform encoding (Cp1252 actually) to copy filtered resources, i.e. build is platform dependent!
2025-08-27 12:03:20,554 [Worker-178: Building] INFO  o.e.m.c.i.embedder.EclipseLogger - skip non existing resourceDirectory C:\Users\Faisal\Desktop\Demo\servlet app\TestApp\src\test\resources
2025-08-27 12:04:07,491 [Worker-180: Building] WARN  o.e.m.c.i.embedder.EclipseLogger - Using platform encoding (Cp1252 actually) to copy filtered resources, i.e. build is platform dependent!
2025-08-27 12:04:07,493 [Worker-180: Building] INFO  o.e.m.c.i.embedder.EclipseLogger - Copying 0 resource
2025-08-27 12:04:07,493 [Worker-180: Building] WARN  o.e.m.c.i.embedder.EclipseLogger - Using platform encoding (Cp1252 actually) to copy filtered resources, i.e. build is platform dependent!
2025-08-27 12:04:07,494 [Worker-180: Building] INFO  o.e.m.c.i.embedder.EclipseLogger - skip non existing resourceDirectory C:\Users\Faisal\Desktop\Demo\servlet app\TestApp\src\test\resources
2025-08-27 12:05:05,028 [Worker-165: Building] WARN  o.e.m.c.i.embedder.EclipseLogger - Using platform encoding (Cp1252 actually) to copy filtered resources, i.e. build is platform dependent!
2025-08-27 12:05:05,029 [Worker-165: Building] INFO  o.e.m.c.i.embedder.EclipseLogger - Copying 0 resource
2025-08-27 12:05:05,030 [Worker-165: Building] WARN  o.e.m.c.i.embedder.EclipseLogger - Using platform encoding (Cp1252 actually) to copy filtered resources, i.e. build is platform dependent!
2025-08-27 12:05:05,031 [Worker-165: Building] INFO  o.e.m.c.i.embedder.EclipseLogger - skip non existing resourceDirectory C:\Users\Faisal\Desktop\Demo\servlet app\TestApp\src\test\resources
2025-08-27 12:10:10,552 [Worker-179: Building] WARN  o.e.m.c.i.embedder.EclipseLogger - Using platform encoding (Cp1252 actually) to copy filtered resources, i.e. build is platform dependent!
2025-08-27 12:10:10,554 [Worker-179: Building] INFO  o.e.m.c.i.embedder.EclipseLogger - Copying 0 resource
2025-08-27 12:10:10,555 [Worker-179: Building] WARN  o.e.m.c.i.embedder.EclipseLogger - Using platform encoding (Cp1252 actually) to copy filtered resources, i.e. build is platform dependent!
2025-08-27 12:10:10,556 [Worker-179: Building] INFO  o.e.m.c.i.embedder.EclipseLogger - skip non existing resourceDirectory C:\Users\Faisal\Desktop\Demo\servlet app\TestApp\src\test\resources
2025-08-27 12:10:26,807 [Worker-183: Building] WARN  o.e.m.c.i.embedder.EclipseLogger - Using platform encoding (Cp1252 actually) to copy filtered resources, i.e. build is platform dependent!
2025-08-27 12:10:26,808 [Worker-183: Building] INFO  o.e.m.c.i.embedder.EclipseLogger - Copying 0 resource
2025-08-27 12:10:26,809 [Worker-183: Building] WARN  o.e.m.c.i.embedder.EclipseLogger - Using platform encoding (Cp1252 actually) to copy filtered resources, i.e. build is platform dependent!
2025-08-27 12:10:26,810 [Worker-183: Building] INFO  o.e.m.c.i.embedder.EclipseLogger - skip non existing resourceDirectory C:\Users\Faisal\Desktop\Demo\servlet app\TestApp\src\test\resources
2025-08-27 12:11:56,658 [Worker-185: Building] WARN  o.e.m.c.i.embedder.EclipseLogger - Using platform encoding (Cp1252 actually) to copy filtered resources, i.e. build is platform dependent!
2025-08-27 12:11:56,659 [Worker-185: Building] INFO  o.e.m.c.i.embedder.EclipseLogger - Copying 0 resource
2025-08-27 12:11:56,659 [Worker-185: Building] WARN  o.e.m.c.i.embedder.EclipseLogger - Using platform encoding (Cp1252 actually) to copy filtered resources, i.e. build is platform dependent!
2025-08-27 12:11:56,660 [Worker-185: Building] INFO  o.e.m.c.i.embedder.EclipseLogger - skip non existing resourceDirectory C:\Users\Faisal\Desktop\Demo\servlet app\TestApp\src\test\resources
2025-08-27 12:12:01,621 [Worker-187: Building] WARN  o.e.m.c.i.embedder.EclipseLogger - Using platform encoding (Cp1252 actually) to copy filtered resources, i.e. build is platform dependent!
2025-08-27 12:12:01,622 [Worker-187: Building] INFO  o.e.m.c.i.embedder.EclipseLogger - Copying 0 resource
2025-08-27 12:12:01,623 [Worker-187: Building] WARN  o.e.m.c.i.embedder.EclipseLogger - Using platform encoding (Cp1252 actually) to copy filtered resources, i.e. build is platform dependent!
2025-08-27 12:12:01,624 [Worker-187: Building] INFO  o.e.m.c.i.embedder.EclipseLogger - skip non existing resourceDirectory C:\Users\Faisal\Desktop\Demo\servlet app\TestApp\src\test\resources
2025-08-27 12:12:18,495 [Worker-185: Building] WARN  o.e.m.c.i.embedder.EclipseLogger - Using platform encoding (Cp1252 actually) to copy filtered resources, i.e. build is platform dependent!
2025-08-27 12:12:18,496 [Worker-185: Building] INFO  o.e.m.c.i.embedder.EclipseLogger - Copying 0 resource
2025-08-27 12:12:18,497 [Worker-185: Building] WARN  o.e.m.c.i.embedder.EclipseLogger - Using platform encoding (Cp1252 actually) to copy filtered resources, i.e. build is platform dependent!
2025-08-27 12:12:18,498 [Worker-185: Building] INFO  o.e.m.c.i.embedder.EclipseLogger - skip non existing resourceDirectory C:\Users\Faisal\Desktop\Demo\servlet app\TestApp\src\test\resources
2025-08-27 12:12:37,025 [Worker-189: Building] WARN  o.e.m.c.i.embedder.EclipseLogger - Using platform encoding (Cp1252 actually) to copy filtered resources, i.e. build is platform dependent!
2025-08-27 12:12:37,026 [Worker-189: Building] INFO  o.e.m.c.i.embedder.EclipseLogger - Copying 0 resource
2025-08-27 12:12:37,026 [Worker-189: Building] WARN  o.e.m.c.i.embedder.EclipseLogger - Using platform encoding (Cp1252 actually) to copy filtered resources, i.e. build is platform dependent!
2025-08-27 12:12:37,027 [Worker-189: Building] INFO  o.e.m.c.i.embedder.EclipseLogger - skip non existing resourceDirectory C:\Users\Faisal\Desktop\Demo\servlet app\TestApp\src\test\resources
2025-08-27 12:12:42,137 [Worker-185: Building] WARN  o.e.m.c.i.embedder.EclipseLogger - Using platform encoding (Cp1252 actually) to copy filtered resources, i.e. build is platform dependent!
2025-08-27 12:12:42,139 [Worker-185: Building] INFO  o.e.m.c.i.embedder.EclipseLogger - Copying 0 resource
2025-08-27 12:12:42,139 [Worker-185: Building] WARN  o.e.m.c.i.embedder.EclipseLogger - Using platform encoding (Cp1252 actually) to copy filtered resources, i.e. build is platform dependent!
2025-08-27 12:12:42,140 [Worker-185: Building] INFO  o.e.m.c.i.embedder.EclipseLogger - skip non existing resourceDirectory C:\Users\Faisal\Desktop\Demo\servlet app\TestApp\src\test\resources
2025-08-27 12:13:22,182 [Worker-189: Building] WARN  o.e.m.c.i.embedder.EclipseLogger - Using platform encoding (Cp1252 actually) to copy filtered resources, i.e. build is platform dependent!
2025-08-27 12:13:22,183 [Worker-189: Building] INFO  o.e.m.c.i.embedder.EclipseLogger - Copying 0 resource
2025-08-27 12:13:22,184 [Worker-189: Building] WARN  o.e.m.c.i.embedder.EclipseLogger - Using platform encoding (Cp1252 actually) to copy filtered resources, i.e. build is platform dependent!
2025-08-27 12:13:22,185 [Worker-189: Building] INFO  o.e.m.c.i.embedder.EclipseLogger - skip non existing resourceDirectory C:\Users\Faisal\Desktop\Demo\servlet app\TestApp\src\test\resources
2025-08-27 12:15:54,670 [Worker-183: Building] WARN  o.e.m.c.i.embedder.EclipseLogger - Using platform encoding (Cp1252 actually) to copy filtered resources, i.e. build is platform dependent!
2025-08-27 12:15:54,671 [Worker-183: Building] INFO  o.e.m.c.i.embedder.EclipseLogger - Copying 0 resource
2025-08-27 12:15:54,672 [Worker-183: Building] WARN  o.e.m.c.i.embedder.EclipseLogger - Using platform encoding (Cp1252 actually) to copy filtered resources, i.e. build is platform dependent!
2025-08-27 12:15:54,673 [Worker-183: Building] INFO  o.e.m.c.i.embedder.EclipseLogger - skip non existing resourceDirectory C:\Users\Faisal\Desktop\Demo\servlet app\TestApp\src\test\resources
2025-08-27 12:15:59,072 [Worker-188: Building] WARN  o.e.m.c.i.embedder.EclipseLogger - Using platform encoding (Cp1252 actually) to copy filtered resources, i.e. build is platform dependent!
2025-08-27 12:15:59,073 [Worker-188: Building] INFO  o.e.m.c.i.embedder.EclipseLogger - Copying 0 resource
2025-08-27 12:15:59,074 [Worker-188: Building] WARN  o.e.m.c.i.embedder.EclipseLogger - Using platform encoding (Cp1252 actually) to copy filtered resources, i.e. build is platform dependent!
2025-08-27 12:15:59,075 [Worker-188: Building] INFO  o.e.m.c.i.embedder.EclipseLogger - skip non existing resourceDirectory C:\Users\Faisal\Desktop\Demo\servlet app\TestApp\src\test\resources
2025-08-27 12:16:18,304 [Worker-190: Building] WARN  o.e.m.c.i.embedder.EclipseLogger - Using platform encoding (Cp1252 actually) to copy filtered resources, i.e. build is platform dependent!
2025-08-27 12:16:18,305 [Worker-190: Building] INFO  o.e.m.c.i.embedder.EclipseLogger - Copying 0 resource
2025-08-27 12:16:18,306 [Worker-190: Building] WARN  o.e.m.c.i.embedder.EclipseLogger - Using platform encoding (Cp1252 actually) to copy filtered resources, i.e. build is platform dependent!
2025-08-27 12:16:18,307 [Worker-190: Building] INFO  o.e.m.c.i.embedder.EclipseLogger - skip non existing resourceDirectory C:\Users\Faisal\Desktop\Demo\servlet app\TestApp\src\test\resources
2025-08-27 12:16:40,158 [Worker-189: Building] WARN  o.e.m.c.i.embedder.EclipseLogger - Using platform encoding (Cp1252 actually) to copy filtered resources, i.e. build is platform dependent!
2025-08-27 12:16:40,160 [Worker-189: Building] INFO  o.e.m.c.i.embedder.EclipseLogger - Copying 0 resource
2025-08-27 12:16:40,160 [Worker-189: Building] WARN  o.e.m.c.i.embedder.EclipseLogger - Using platform encoding (Cp1252 actually) to copy filtered resources, i.e. build is platform dependent!
2025-08-27 12:16:40,161 [Worker-189: Building] INFO  o.e.m.c.i.embedder.EclipseLogger - skip non existing resourceDirectory C:\Users\Faisal\Desktop\Demo\servlet app\TestApp\src\test\resources
2025-08-27 12:16:52,934 [Worker-189: Building] WARN  o.e.m.c.i.embedder.EclipseLogger - Using platform encoding (Cp1252 actually) to copy filtered resources, i.e. build is platform dependent!
2025-08-27 12:16:52,935 [Worker-189: Building] INFO  o.e.m.c.i.embedder.EclipseLogger - Copying 0 resource
2025-08-27 12:16:52,935 [Worker-189: Building] WARN  o.e.m.c.i.embedder.EclipseLogger - Using platform encoding (Cp1252 actually) to copy filtered resources, i.e. build is platform dependent!
2025-08-27 12:16:52,936 [Worker-189: Building] INFO  o.e.m.c.i.embedder.EclipseLogger - skip non existing resourceDirectory C:\Users\Faisal\Desktop\Demo\servlet app\TestApp\src\test\resources
2025-08-27 12:17:02,019 [Worker-188: Building] WARN  o.e.m.c.i.embedder.EclipseLogger - Using platform encoding (Cp1252 actually) to copy filtered resources, i.e. build is platform dependent!
2025-08-27 12:17:02,020 [Worker-188: Building] INFO  o.e.m.c.i.embedder.EclipseLogger - Copying 0 resource
2025-08-27 12:17:02,021 [Worker-188: Building] WARN  o.e.m.c.i.embedder.EclipseLogger - Using platform encoding (Cp1252 actually) to copy filtered resources, i.e. build is platform dependent!
2025-08-27 12:17:02,022 [Worker-188: Building] INFO  o.e.m.c.i.embedder.EclipseLogger - skip non existing resourceDirectory C:\Users\Faisal\Desktop\Demo\servlet app\TestApp\src\test\resources
2025-08-27 12:17:15,277 [Worker-191: Building] WARN  o.e.m.c.i.embedder.EclipseLogger - Using platform encoding (Cp1252 actually) to copy filtered resources, i.e. build is platform dependent!
2025-08-27 12:17:15,278 [Worker-191: Building] INFO  o.e.m.c.i.embedder.EclipseLogger - Copying 0 resource
2025-08-27 12:17:15,279 [Worker-191: Building] WARN  o.e.m.c.i.embedder.EclipseLogger - Using platform encoding (Cp1252 actually) to copy filtered resources, i.e. build is platform dependent!
2025-08-27 12:17:15,279 [Worker-191: Building] INFO  o.e.m.c.i.embedder.EclipseLogger - skip non existing resourceDirectory C:\Users\Faisal\Desktop\Demo\servlet app\TestApp\src\test\resources
2025-08-27 12:17:25,314 [Worker-192: Building] WARN  o.e.m.c.i.embedder.EclipseLogger - Using platform encoding (Cp1252 actually) to copy filtered resources, i.e. build is platform dependent!
2025-08-27 12:17:25,315 [Worker-192: Building] INFO  o.e.m.c.i.embedder.EclipseLogger - Copying 0 resource
2025-08-27 12:17:25,316 [Worker-192: Building] WARN  o.e.m.c.i.embedder.EclipseLogger - Using platform encoding (Cp1252 actually) to copy filtered resources, i.e. build is platform dependent!
2025-08-27 12:17:25,318 [Worker-192: Building] INFO  o.e.m.c.i.embedder.EclipseLogger - skip non existing resourceDirectory C:\Users\Faisal\Desktop\Demo\servlet app\TestApp\src\test\resources
2025-08-27 12:19:40,282 [Worker-190: Building] WARN  o.e.m.c.i.embedder.EclipseLogger - Using platform encoding (Cp1252 actually) to copy filtered resources, i.e. build is platform dependent!
2025-08-27 12:19:40,283 [Worker-190: Building] INFO  o.e.m.c.i.embedder.EclipseLogger - Copying 0 resource
2025-08-27 12:19:40,284 [Worker-190: Building] WARN  o.e.m.c.i.embedder.EclipseLogger - Using platform encoding (Cp1252 actually) to copy filtered resources, i.e. build is platform dependent!
2025-08-27 12:19:40,285 [Worker-190: Building] INFO  o.e.m.c.i.embedder.EclipseLogger - skip non existing resourceDirectory C:\Users\Faisal\Desktop\Demo\servlet app\TestApp\src\test\resources
2025-08-27 12:19:58,107 [Worker-190: Building] WARN  o.e.m.c.i.embedder.EclipseLogger - Using platform encoding (Cp1252 actually) to copy filtered resources, i.e. build is platform dependent!
2025-08-27 12:19:58,108 [Worker-190: Building] INFO  o.e.m.c.i.embedder.EclipseLogger - Copying 0 resource
2025-08-27 12:19:58,109 [Worker-190: Building] WARN  o.e.m.c.i.embedder.EclipseLogger - Using platform encoding (Cp1252 actually) to copy filtered resources, i.e. build is platform dependent!
2025-08-27 12:19:58,109 [Worker-190: Building] INFO  o.e.m.c.i.embedder.EclipseLogger - skip non existing resourceDirectory C:\Users\Faisal\Desktop\Demo\servlet app\TestApp\src\test\resources
2025-08-27 12:52:06,998 [Worker-201: Building] WARN  o.e.m.c.i.embedder.EclipseLogger - Using platform encoding (Cp1252 actually) to copy filtered resources, i.e. build is platform dependent!
2025-08-27 12:52:07,000 [Worker-201: Building] INFO  o.e.m.c.i.embedder.EclipseLogger - Copying 0 resource
2025-08-27 12:52:07,002 [Worker-201: Building] WARN  o.e.m.c.i.embedder.EclipseLogger - Using platform encoding (Cp1252 actually) to copy filtered resources, i.e. build is platform dependent!
2025-08-27 12:52:07,003 [Worker-201: Building] INFO  o.e.m.c.i.embedder.EclipseLogger - skip non existing resourceDirectory C:\Users\Faisal\Desktop\Demo\servlet app\TestApp\src\test\resources
2025-08-27 12:52:14,853 [Worker-202: Building] WARN  o.e.m.c.i.embedder.EclipseLogger - Using platform encoding (Cp1252 actually) to copy filtered resources, i.e. build is platform dependent!
2025-08-27 12:52:14,855 [Worker-202: Building] INFO  o.e.m.c.i.embedder.EclipseLogger - Copying 0 resource
2025-08-27 12:52:14,855 [Worker-202: Building] WARN  o.e.m.c.i.embedder.EclipseLogger - Using platform encoding (Cp1252 actually) to copy filtered resources, i.e. build is platform dependent!
2025-08-27 12:52:14,856 [Worker-202: Building] INFO  o.e.m.c.i.embedder.EclipseLogger - skip non existing resourceDirectory C:\Users\Faisal\Desktop\Demo\servlet app\TestApp\src\test\resources
2025-08-27 12:52:24,661 [Worker-201: Building] WARN  o.e.m.c.i.embedder.EclipseLogger - Using platform encoding (Cp1252 actually) to copy filtered resources, i.e. build is platform dependent!
2025-08-27 12:52:24,662 [Worker-201: Building] INFO  o.e.m.c.i.embedder.EclipseLogger - Copying 0 resource
2025-08-27 12:52:24,663 [Worker-201: Building] WARN  o.e.m.c.i.embedder.EclipseLogger - Using platform encoding (Cp1252 actually) to copy filtered resources, i.e. build is platform dependent!
2025-08-27 12:52:24,663 [Worker-201: Building] INFO  o.e.m.c.i.embedder.EclipseLogger - skip non existing resourceDirectory C:\Users\Faisal\Desktop\Demo\servlet app\TestApp\src\test\resources
2025-08-27 12:53:05,771 [Worker-200: Building] WARN  o.e.m.c.i.embedder.EclipseLogger - Using platform encoding (Cp1252 actually) to copy filtered resources, i.e. build is platform dependent!
2025-08-27 12:53:05,773 [Worker-200: Building] INFO  o.e.m.c.i.embedder.EclipseLogger - Copying 0 resource
2025-08-27 12:53:05,774 [Worker-200: Building] WARN  o.e.m.c.i.embedder.EclipseLogger - Using platform encoding (Cp1252 actually) to copy filtered resources, i.e. build is platform dependent!
2025-08-27 12:53:05,774 [Worker-200: Building] INFO  o.e.m.c.i.embedder.EclipseLogger - skip non existing resourceDirectory C:\Users\Faisal\Desktop\Demo\servlet app\TestApp\src\test\resources
2025-08-27 12:53:14,880 [Worker-201: Building] WARN  o.e.m.c.i.embedder.EclipseLogger - Using platform encoding (Cp1252 actually) to copy filtered resources, i.e. build is platform dependent!
2025-08-27 12:53:14,882 [Worker-201: Building] INFO  o.e.m.c.i.embedder.EclipseLogger - Copying 0 resource
2025-08-27 12:53:14,883 [Worker-201: Building] WARN  o.e.m.c.i.embedder.EclipseLogger - Using platform encoding (Cp1252 actually) to copy filtered resources, i.e. build is platform dependent!
2025-08-27 12:53:14,884 [Worker-201: Building] INFO  o.e.m.c.i.embedder.EclipseLogger - skip non existing resourceDirectory C:\Users\Faisal\Desktop\Demo\servlet app\TestApp\src\test\resources
2025-08-27 12:53:20,126 [Worker-200: Building] WARN  o.e.m.c.i.embedder.EclipseLogger - Using platform encoding (Cp1252 actually) to copy filtered resources, i.e. build is platform dependent!
2025-08-27 12:53:20,127 [Worker-200: Building] INFO  o.e.m.c.i.embedder.EclipseLogger - Copying 0 resource
2025-08-27 12:53:20,128 [Worker-200: Building] WARN  o.e.m.c.i.embedder.EclipseLogger - Using platform encoding (Cp1252 actually) to copy filtered resources, i.e. build is platform dependent!
2025-08-27 12:53:20,129 [Worker-200: Building] INFO  o.e.m.c.i.embedder.EclipseLogger - skip non existing resourceDirectory C:\Users\Faisal\Desktop\Demo\servlet app\TestApp\src\test\resources
2025-08-27 12:53:41,904 [Worker-203: Building] WARN  o.e.m.c.i.embedder.EclipseLogger - Using platform encoding (Cp1252 actually) to copy filtered resources, i.e. build is platform dependent!
2025-08-27 12:53:41,906 [Worker-203: Building] INFO  o.e.m.c.i.embedder.EclipseLogger - Copying 0 resource
2025-08-27 12:53:41,906 [Worker-203: Building] WARN  o.e.m.c.i.embedder.EclipseLogger - Using platform encoding (Cp1252 actually) to copy filtered resources, i.e. build is platform dependent!
2025-08-27 12:53:41,907 [Worker-203: Building] INFO  o.e.m.c.i.embedder.EclipseLogger - skip non existing resourceDirectory C:\Users\Faisal\Desktop\Demo\servlet app\TestApp\src\test\resources
2025-08-27 12:54:09,440 [Worker-195: Building] WARN  o.e.m.c.i.embedder.EclipseLogger - Using platform encoding (Cp1252 actually) to copy filtered resources, i.e. build is platform dependent!
2025-08-27 12:54:09,441 [Worker-195: Building] INFO  o.e.m.c.i.embedder.EclipseLogger - Copying 0 resource
2025-08-27 12:54:09,443 [Worker-195: Building] WARN  o.e.m.c.i.embedder.EclipseLogger - Using platform encoding (Cp1252 actually) to copy filtered resources, i.e. build is platform dependent!
2025-08-27 12:54:09,444 [Worker-195: Building] INFO  o.e.m.c.i.embedder.EclipseLogger - skip non existing resourceDirectory C:\Users\Faisal\Desktop\Demo\servlet app\TestApp\src\test\resources
2025-08-27 12:54:13,515 [Worker-201: Building] WARN  o.e.m.c.i.embedder.EclipseLogger - Using platform encoding (Cp1252 actually) to copy filtered resources, i.e. build is platform dependent!
2025-08-27 12:54:13,517 [Worker-201: Building] INFO  o.e.m.c.i.embedder.EclipseLogger - Copying 0 resource
2025-08-27 12:54:13,518 [Worker-201: Building] WARN  o.e.m.c.i.embedder.EclipseLogger - Using platform encoding (Cp1252 actually) to copy filtered resources, i.e. build is platform dependent!
2025-08-27 12:54:13,519 [Worker-201: Building] INFO  o.e.m.c.i.embedder.EclipseLogger - skip non existing resourceDirectory C:\Users\Faisal\Desktop\Demo\servlet app\TestApp\src\test\resources
2025-08-27 12:55:12,626 [Worker-204: Building] WARN  o.e.m.c.i.embedder.EclipseLogger - Using platform encoding (Cp1252 actually) to copy filtered resources, i.e. build is platform dependent!
2025-08-27 12:55:12,628 [Worker-204: Building] INFO  o.e.m.c.i.embedder.EclipseLogger - Copying 0 resource
2025-08-27 12:55:12,629 [Worker-204: Building] WARN  o.e.m.c.i.embedder.EclipseLogger - Using platform encoding (Cp1252 actually) to copy filtered resources, i.e. build is platform dependent!
2025-08-27 12:55:12,629 [Worker-204: Building] INFO  o.e.m.c.i.embedder.EclipseLogger - skip non existing resourceDirectory C:\Users\Faisal\Desktop\Demo\servlet app\TestApp\src\test\resources
2025-08-27 12:55:16,546 [Worker-202: Building] WARN  o.e.m.c.i.embedder.EclipseLogger - Using platform encoding (Cp1252 actually) to copy filtered resources, i.e. build is platform dependent!
2025-08-27 12:55:16,548 [Worker-202: Building] INFO  o.e.m.c.i.embedder.EclipseLogger - Copying 0 resource
2025-08-27 12:55:16,549 [Worker-202: Building] WARN  o.e.m.c.i.embedder.EclipseLogger - Using platform encoding (Cp1252 actually) to copy filtered resources, i.e. build is platform dependent!
2025-08-27 12:55:16,550 [Worker-202: Building] INFO  o.e.m.c.i.embedder.EclipseLogger - skip non existing resourceDirectory C:\Users\Faisal\Desktop\Demo\servlet app\TestApp\src\test\resources
2025-08-27 12:55:58,234 [Worker-195: Building] WARN  o.e.m.c.i.embedder.EclipseLogger - Using platform encoding (Cp1252 actually) to copy filtered resources, i.e. build is platform dependent!
2025-08-27 12:55:58,236 [Worker-195: Building] INFO  o.e.m.c.i.embedder.EclipseLogger - Copying 0 resource
2025-08-27 12:55:58,237 [Worker-195: Building] WARN  o.e.m.c.i.embedder.EclipseLogger - Using platform encoding (Cp1252 actually) to copy filtered resources, i.e. build is platform dependent!
2025-08-27 12:55:58,237 [Worker-195: Building] INFO  o.e.m.c.i.embedder.EclipseLogger - skip non existing resourceDirectory C:\Users\Faisal\Desktop\Demo\servlet app\TestApp\src\test\resources
2025-08-27 12:56:00,984 [Worker-202: Building] WARN  o.e.m.c.i.embedder.EclipseLogger - Using platform encoding (Cp1252 actually) to copy filtered resources, i.e. build is platform dependent!
2025-08-27 12:56:00,985 [Worker-202: Building] INFO  o.e.m.c.i.embedder.EclipseLogger - Copying 0 resource
2025-08-27 12:56:00,986 [Worker-202: Building] WARN  o.e.m.c.i.embedder.EclipseLogger - Using platform encoding (Cp1252 actually) to copy filtered resources, i.e. build is platform dependent!
2025-08-27 12:56:00,987 [Worker-202: Building] INFO  o.e.m.c.i.embedder.EclipseLogger - skip non existing resourceDirectory C:\Users\Faisal\Desktop\Demo\servlet app\TestApp\src\test\resources
2025-08-27 12:56:04,136 [Worker-195: Building] WARN  o.e.m.c.i.embedder.EclipseLogger - Using platform encoding (Cp1252 actually) to copy filtered resources, i.e. build is platform dependent!
2025-08-27 12:56:04,137 [Worker-195: Building] INFO  o.e.m.c.i.embedder.EclipseLogger - Copying 0 resource
2025-08-27 12:56:04,138 [Worker-195: Building] WARN  o.e.m.c.i.embedder.EclipseLogger - Using platform encoding (Cp1252 actually) to copy filtered resources, i.e. build is platform dependent!
2025-08-27 12:56:04,139 [Worker-195: Building] INFO  o.e.m.c.i.embedder.EclipseLogger - skip non existing resourceDirectory C:\Users\Faisal\Desktop\Demo\servlet app\TestApp\src\test\resources
2025-08-27 12:56:30,253 [Worker-204: Building] WARN  o.e.m.c.i.embedder.EclipseLogger - Using platform encoding (Cp1252 actually) to copy filtered resources, i.e. build is platform dependent!
2025-08-27 12:56:30,254 [Worker-204: Building] INFO  o.e.m.c.i.embedder.EclipseLogger - Copying 0 resource
2025-08-27 12:56:30,255 [Worker-204: Building] WARN  o.e.m.c.i.embedder.EclipseLogger - Using platform encoding (Cp1252 actually) to copy filtered resources, i.e. build is platform dependent!
2025-08-27 12:56:30,256 [Worker-204: Building] INFO  o.e.m.c.i.embedder.EclipseLogger - skip non existing resourceDirectory C:\Users\Faisal\Desktop\Demo\servlet app\TestApp\src\test\resources
2025-08-27 12:57:18,192 [Worker-205: Building] WARN  o.e.m.c.i.embedder.EclipseLogger - Using platform encoding (Cp1252 actually) to copy filtered resources, i.e. build is platform dependent!
2025-08-27 12:57:18,194 [Worker-205: Building] INFO  o.e.m.c.i.embedder.EclipseLogger - Copying 0 resource
2025-08-27 12:57:18,196 [Worker-205: Building] WARN  o.e.m.c.i.embedder.EclipseLogger - Using platform encoding (Cp1252 actually) to copy filtered resources, i.e. build is platform dependent!
2025-08-27 12:57:18,197 [Worker-205: Building] INFO  o.e.m.c.i.embedder.EclipseLogger - skip non existing resourceDirectory C:\Users\Faisal\Desktop\Demo\servlet app\TestApp\src\test\resources
2025-08-27 12:57:21,701 [Worker-195: Building] WARN  o.e.m.c.i.embedder.EclipseLogger - Using platform encoding (Cp1252 actually) to copy filtered resources, i.e. build is platform dependent!
2025-08-27 12:57:21,702 [Worker-195: Building] INFO  o.e.m.c.i.embedder.EclipseLogger - Copying 0 resource
2025-08-27 12:57:21,703 [Worker-195: Building] WARN  o.e.m.c.i.embedder.EclipseLogger - Using platform encoding (Cp1252 actually) to copy filtered resources, i.e. build is platform dependent!
2025-08-27 12:57:21,704 [Worker-195: Building] INFO  o.e.m.c.i.embedder.EclipseLogger - skip non existing resourceDirectory C:\Users\Faisal\Desktop\Demo\servlet app\TestApp\src\test\resources
2025-08-27 12:57:28,136 [Worker-202: Building] WARN  o.e.m.c.i.embedder.EclipseLogger - Using platform encoding (Cp1252 actually) to copy filtered resources, i.e. build is platform dependent!
2025-08-27 12:57:28,138 [Worker-202: Building] INFO  o.e.m.c.i.embedder.EclipseLogger - Copying 0 resource
2025-08-27 12:57:28,139 [Worker-202: Building] WARN  o.e.m.c.i.embedder.EclipseLogger - Using platform encoding (Cp1252 actually) to copy filtered resources, i.e. build is platform dependent!
2025-08-27 12:57:28,139 [Worker-202: Building] INFO  o.e.m.c.i.embedder.EclipseLogger - skip non existing resourceDirectory C:\Users\Faisal\Desktop\Demo\servlet app\TestApp\src\test\resources
2025-08-27 12:58:07,502 [Worker-201: Building] WARN  o.e.m.c.i.embedder.EclipseLogger - Using platform encoding (Cp1252 actually) to copy filtered resources, i.e. build is platform dependent!
2025-08-27 12:58:07,503 [Worker-201: Building] INFO  o.e.m.c.i.embedder.EclipseLogger - Copying 0 resource
2025-08-27 12:58:07,504 [Worker-201: Building] WARN  o.e.m.c.i.embedder.EclipseLogger - Using platform encoding (Cp1252 actually) to copy filtered resources, i.e. build is platform dependent!
2025-08-27 12:58:07,505 [Worker-201: Building] INFO  o.e.m.c.i.embedder.EclipseLogger - skip non existing resourceDirectory C:\Users\Faisal\Desktop\Demo\servlet app\TestApp\src\test\resources
2025-08-27 12:59:20,719 [Worker-201: Building] WARN  o.e.m.c.i.embedder.EclipseLogger - Using platform encoding (Cp1252 actually) to copy filtered resources, i.e. build is platform dependent!
2025-08-27 12:59:20,720 [Worker-201: Building] INFO  o.e.m.c.i.embedder.EclipseLogger - Copying 0 resource
2025-08-27 12:59:20,721 [Worker-201: Building] WARN  o.e.m.c.i.embedder.EclipseLogger - Using platform encoding (Cp1252 actually) to copy filtered resources, i.e. build is platform dependent!
2025-08-27 12:59:20,722 [Worker-201: Building] INFO  o.e.m.c.i.embedder.EclipseLogger - skip non existing resourceDirectory C:\Users\Faisal\Desktop\Demo\servlet app\TestApp\src\test\resources
2025-08-27 12:59:36,554 [Worker-204: Building] WARN  o.e.m.c.i.embedder.EclipseLogger - Using platform encoding (Cp1252 actually) to copy filtered resources, i.e. build is platform dependent!
2025-08-27 12:59:36,555 [Worker-204: Building] INFO  o.e.m.c.i.embedder.EclipseLogger - Copying 0 resource
2025-08-27 12:59:36,557 [Worker-204: Building] WARN  o.e.m.c.i.embedder.EclipseLogger - Using platform encoding (Cp1252 actually) to copy filtered resources, i.e. build is platform dependent!
2025-08-27 12:59:36,558 [Worker-204: Building] INFO  o.e.m.c.i.embedder.EclipseLogger - skip non existing resourceDirectory C:\Users\Faisal\Desktop\Demo\servlet app\TestApp\src\test\resources
2025-08-27 12:59:44,033 [Worker-205: Building] WARN  o.e.m.c.i.embedder.EclipseLogger - Using platform encoding (Cp1252 actually) to copy filtered resources, i.e. build is platform dependent!
2025-08-27 12:59:44,034 [Worker-205: Building] INFO  o.e.m.c.i.embedder.EclipseLogger - Copying 0 resource
2025-08-27 12:59:44,035 [Worker-205: Building] WARN  o.e.m.c.i.embedder.EclipseLogger - Using platform encoding (Cp1252 actually) to copy filtered resources, i.e. build is platform dependent!
2025-08-27 12:59:44,035 [Worker-205: Building] INFO  o.e.m.c.i.embedder.EclipseLogger - skip non existing resourceDirectory C:\Users\Faisal\Desktop\Demo\servlet app\TestApp\src\test\resources
2025-08-27 12:59:52,964 [Worker-202: Building] WARN  o.e.m.c.i.embedder.EclipseLogger - Using platform encoding (Cp1252 actually) to copy filtered resources, i.e. build is platform dependent!
2025-08-27 12:59:52,965 [Worker-202: Building] INFO  o.e.m.c.i.embedder.EclipseLogger - Copying 0 resource
2025-08-27 12:59:52,966 [Worker-202: Building] WARN  o.e.m.c.i.embedder.EclipseLogger - Using platform encoding (Cp1252 actually) to copy filtered resources, i.e. build is platform dependent!
2025-08-27 12:59:52,966 [Worker-202: Building] INFO  o.e.m.c.i.embedder.EclipseLogger - skip non existing resourceDirectory C:\Users\Faisal\Desktop\Demo\servlet app\TestApp\src\test\resources
2025-08-27 13:00:27,971 [Worker-202: Building] WARN  o.e.m.c.i.embedder.EclipseLogger - Using platform encoding (Cp1252 actually) to copy filtered resources, i.e. build is platform dependent!
2025-08-27 13:00:27,973 [Worker-202: Building] INFO  o.e.m.c.i.embedder.EclipseLogger - Copying 0 resource
2025-08-27 13:00:27,974 [Worker-202: Building] WARN  o.e.m.c.i.embedder.EclipseLogger - Using platform encoding (Cp1252 actually) to copy filtered resources, i.e. build is platform dependent!
2025-08-27 13:00:27,974 [Worker-202: Building] INFO  o.e.m.c.i.embedder.EclipseLogger - skip non existing resourceDirectory C:\Users\Faisal\Desktop\Demo\servlet app\TestApp\src\test\resources
2025-08-27 13:00:30,152 [Worker-201: Building] WARN  o.e.m.c.i.embedder.EclipseLogger - Using platform encoding (Cp1252 actually) to copy filtered resources, i.e. build is platform dependent!
2025-08-27 13:00:30,154 [Worker-201: Building] INFO  o.e.m.c.i.embedder.EclipseLogger - Copying 0 resource
2025-08-27 13:00:30,154 [Worker-201: Building] WARN  o.e.m.c.i.embedder.EclipseLogger - Using platform encoding (Cp1252 actually) to copy filtered resources, i.e. build is platform dependent!
2025-08-27 13:00:30,155 [Worker-201: Building] INFO  o.e.m.c.i.embedder.EclipseLogger - skip non existing resourceDirectory C:\Users\Faisal\Desktop\Demo\servlet app\TestApp\src\test\resources
2025-08-27 13:00:31,265 [Worker-205: Building] WARN  o.e.m.c.i.embedder.EclipseLogger - Using platform encoding (Cp1252 actually) to copy filtered resources, i.e. build is platform dependent!
2025-08-27 13:00:31,266 [Worker-205: Building] INFO  o.e.m.c.i.embedder.EclipseLogger - Copying 0 resource
2025-08-27 13:00:31,267 [Worker-205: Building] WARN  o.e.m.c.i.embedder.EclipseLogger - Using platform encoding (Cp1252 actually) to copy filtered resources, i.e. build is platform dependent!
2025-08-27 13:00:31,268 [Worker-205: Building] INFO  o.e.m.c.i.embedder.EclipseLogger - skip non existing resourceDirectory C:\Users\Faisal\Desktop\Demo\servlet app\TestApp\src\test\resources
2025-08-27 13:00:45,255 [Worker-199: Building] WARN  o.e.m.c.i.embedder.EclipseLogger - Using platform encoding (Cp1252 actually) to copy filtered resources, i.e. build is platform dependent!
2025-08-27 13:00:45,257 [Worker-199: Building] INFO  o.e.m.c.i.embedder.EclipseLogger - Copying 0 resource
2025-08-27 13:00:45,258 [Worker-199: Building] WARN  o.e.m.c.i.embedder.EclipseLogger - Using platform encoding (Cp1252 actually) to copy filtered resources, i.e. build is platform dependent!
2025-08-27 13:00:45,258 [Worker-199: Building] INFO  o.e.m.c.i.embedder.EclipseLogger - skip non existing resourceDirectory C:\Users\Faisal\Desktop\Demo\servlet app\TestApp\src\test\resources
2025-08-27 13:01:10,444 [Worker-205: Building] WARN  o.e.m.c.i.embedder.EclipseLogger - Using platform encoding (Cp1252 actually) to copy filtered resources, i.e. build is platform dependent!
2025-08-27 13:01:10,445 [Worker-205: Building] INFO  o.e.m.c.i.embedder.EclipseLogger - Copying 0 resource
2025-08-27 13:01:10,446 [Worker-205: Building] WARN  o.e.m.c.i.embedder.EclipseLogger - Using platform encoding (Cp1252 actually) to copy filtered resources, i.e. build is platform dependent!
2025-08-27 13:01:10,447 [Worker-205: Building] INFO  o.e.m.c.i.embedder.EclipseLogger - skip non existing resourceDirectory C:\Users\Faisal\Desktop\Demo\servlet app\TestApp\src\test\resources
2025-08-27 13:01:21,186 [Worker-203: Building] WARN  o.e.m.c.i.embedder.EclipseLogger - Using platform encoding (Cp1252 actually) to copy filtered resources, i.e. build is platform dependent!
2025-08-27 13:01:21,187 [Worker-203: Building] INFO  o.e.m.c.i.embedder.EclipseLogger - Copying 0 resource
2025-08-27 13:01:21,188 [Worker-203: Building] WARN  o.e.m.c.i.embedder.EclipseLogger - Using platform encoding (Cp1252 actually) to copy filtered resources, i.e. build is platform dependent!
2025-08-27 13:01:21,188 [Worker-203: Building] INFO  o.e.m.c.i.embedder.EclipseLogger - skip non existing resourceDirectory C:\Users\Faisal\Desktop\Demo\servlet app\TestApp\src\test\resources
2025-08-27 13:01:51,848 [Worker-199: Building] WARN  o.e.m.c.i.embedder.EclipseLogger - Using platform encoding (Cp1252 actually) to copy filtered resources, i.e. build is platform dependent!
2025-08-27 13:01:51,849 [Worker-199: Building] INFO  o.e.m.c.i.embedder.EclipseLogger - Copying 0 resource
2025-08-27 13:01:51,850 [Worker-199: Building] WARN  o.e.m.c.i.embedder.EclipseLogger - Using platform encoding (Cp1252 actually) to copy filtered resources, i.e. build is platform dependent!
2025-08-27 13:01:51,850 [Worker-199: Building] INFO  o.e.m.c.i.embedder.EclipseLogger - skip non existing resourceDirectory C:\Users\Faisal\Desktop\Demo\servlet app\TestApp\src\test\resources
2025-08-27 13:01:53,898 [Worker-200: Building] WARN  o.e.m.c.i.embedder.EclipseLogger - Using platform encoding (Cp1252 actually) to copy filtered resources, i.e. build is platform dependent!
2025-08-27 13:01:53,901 [Worker-200: Building] INFO  o.e.m.c.i.embedder.EclipseLogger - Copying 0 resource
2025-08-27 13:01:53,903 [Worker-200: Building] WARN  o.e.m.c.i.embedder.EclipseLogger - Using platform encoding (Cp1252 actually) to copy filtered resources, i.e. build is platform dependent!
2025-08-27 13:01:53,904 [Worker-200: Building] INFO  o.e.m.c.i.embedder.EclipseLogger - skip non existing resourceDirectory C:\Users\Faisal\Desktop\Demo\servlet app\TestApp\src\test\resources
2025-08-27 13:02:49,794 [Worker-200: Building] WARN  o.e.m.c.i.embedder.EclipseLogger - Using platform encoding (Cp1252 actually) to copy filtered resources, i.e. build is platform dependent!
2025-08-27 13:02:49,796 [Worker-200: Building] INFO  o.e.m.c.i.embedder.EclipseLogger - Copying 0 resource
2025-08-27 13:02:49,797 [Worker-200: Building] WARN  o.e.m.c.i.embedder.EclipseLogger - Using platform encoding (Cp1252 actually) to copy filtered resources, i.e. build is platform dependent!
2025-08-27 13:02:49,798 [Worker-200: Building] INFO  o.e.m.c.i.embedder.EclipseLogger - skip non existing resourceDirectory C:\Users\Faisal\Desktop\Demo\servlet app\TestApp\src\test\resources
2025-08-27 13:03:06,515 [Worker-206: Building] WARN  o.e.m.c.i.embedder.EclipseLogger - Using platform encoding (Cp1252 actually) to copy filtered resources, i.e. build is platform dependent!
2025-08-27 13:03:06,516 [Worker-206: Building] INFO  o.e.m.c.i.embedder.EclipseLogger - Copying 0 resource
2025-08-27 13:03:06,517 [Worker-206: Building] WARN  o.e.m.c.i.embedder.EclipseLogger - Using platform encoding (Cp1252 actually) to copy filtered resources, i.e. build is platform dependent!
2025-08-27 13:03:06,517 [Worker-206: Building] INFO  o.e.m.c.i.embedder.EclipseLogger - skip non existing resourceDirectory C:\Users\Faisal\Desktop\Demo\servlet app\TestApp\src\test\resources
2025-08-27 13:03:20,893 [Worker-203: Building] WARN  o.e.m.c.i.embedder.EclipseLogger - Using platform encoding (Cp1252 actually) to copy filtered resources, i.e. build is platform dependent!
2025-08-27 13:03:20,894 [Worker-203: Building] INFO  o.e.m.c.i.embedder.EclipseLogger - Copying 0 resource
2025-08-27 13:03:20,895 [Worker-203: Building] WARN  o.e.m.c.i.embedder.EclipseLogger - Using platform encoding (Cp1252 actually) to copy filtered resources, i.e. build is platform dependent!
2025-08-27 13:03:20,895 [Worker-203: Building] INFO  o.e.m.c.i.embedder.EclipseLogger - skip non existing resourceDirectory C:\Users\Faisal\Desktop\Demo\servlet app\TestApp\src\test\resources
2025-08-27 13:03:46,032 [Worker-203: Building] WARN  o.e.m.c.i.embedder.EclipseLogger - Using platform encoding (Cp1252 actually) to copy filtered resources, i.e. build is platform dependent!
2025-08-27 13:03:46,033 [Worker-203: Building] INFO  o.e.m.c.i.embedder.EclipseLogger - Copying 0 resource
2025-08-27 13:03:46,034 [Worker-203: Building] WARN  o.e.m.c.i.embedder.EclipseLogger - Using platform encoding (Cp1252 actually) to copy filtered resources, i.e. build is platform dependent!
2025-08-27 13:03:46,035 [Worker-203: Building] INFO  o.e.m.c.i.embedder.EclipseLogger - skip non existing resourceDirectory C:\Users\Faisal\Desktop\Demo\servlet app\TestApp\src\test\resources
2025-08-27 13:03:59,350 [Worker-205: Building] WARN  o.e.m.c.i.embedder.EclipseLogger - Using platform encoding (Cp1252 actually) to copy filtered resources, i.e. build is platform dependent!
2025-08-27 13:03:59,351 [Worker-205: Building] INFO  o.e.m.c.i.embedder.EclipseLogger - Copying 0 resource
2025-08-27 13:03:59,352 [Worker-205: Building] WARN  o.e.m.c.i.embedder.EclipseLogger - Using platform encoding (Cp1252 actually) to copy filtered resources, i.e. build is platform dependent!
2025-08-27 13:03:59,352 [Worker-205: Building] INFO  o.e.m.c.i.embedder.EclipseLogger - skip non existing resourceDirectory C:\Users\Faisal\Desktop\Demo\servlet app\TestApp\src\test\resources
2025-08-27 13:04:01,518 [Worker-201: Building] WARN  o.e.m.c.i.embedder.EclipseLogger - Using platform encoding (Cp1252 actually) to copy filtered resources, i.e. build is platform dependent!
2025-08-27 13:04:01,519 [Worker-201: Building] INFO  o.e.m.c.i.embedder.EclipseLogger - Copying 0 resource
2025-08-27 13:04:01,520 [Worker-201: Building] WARN  o.e.m.c.i.embedder.EclipseLogger - Using platform encoding (Cp1252 actually) to copy filtered resources, i.e. build is platform dependent!
2025-08-27 13:04:01,521 [Worker-201: Building] INFO  o.e.m.c.i.embedder.EclipseLogger - skip non existing resourceDirectory C:\Users\Faisal\Desktop\Demo\servlet app\TestApp\src\test\resources
2025-08-27 13:05:11,190 [Worker-204: Building] WARN  o.e.m.c.i.embedder.EclipseLogger - Using platform encoding (Cp1252 actually) to copy filtered resources, i.e. build is platform dependent!
2025-08-27 13:05:11,191 [Worker-204: Building] INFO  o.e.m.c.i.embedder.EclipseLogger - Copying 0 resource
2025-08-27 13:05:11,192 [Worker-204: Building] WARN  o.e.m.c.i.embedder.EclipseLogger - Using platform encoding (Cp1252 actually) to copy filtered resources, i.e. build is platform dependent!
2025-08-27 13:05:11,192 [Worker-204: Building] INFO  o.e.m.c.i.embedder.EclipseLogger - skip non existing resourceDirectory C:\Users\Faisal\Desktop\Demo\servlet app\TestApp\src\test\resources
2025-08-27 13:06:16,915 [Worker-203: Building] WARN  o.e.m.c.i.embedder.EclipseLogger - Using platform encoding (Cp1252 actually) to copy filtered resources, i.e. build is platform dependent!
2025-08-27 13:06:16,916 [Worker-203: Building] INFO  o.e.m.c.i.embedder.EclipseLogger - Copying 0 resource
2025-08-27 13:06:16,917 [Worker-203: Building] WARN  o.e.m.c.i.embedder.EclipseLogger - Using platform encoding (Cp1252 actually) to copy filtered resources, i.e. build is platform dependent!
2025-08-27 13:06:16,918 [Worker-203: Building] INFO  o.e.m.c.i.embedder.EclipseLogger - skip non existing resourceDirectory C:\Users\Faisal\Desktop\Demo\servlet app\TestApp\src\test\resources
2025-08-27 13:07:29,865 [Worker-205: Building] WARN  o.e.m.c.i.embedder.EclipseLogger - Using platform encoding (Cp1252 actually) to copy filtered resources, i.e. build is platform dependent!
2025-08-27 13:07:29,867 [Worker-205: Building] INFO  o.e.m.c.i.embedder.EclipseLogger - Copying 0 resource
2025-08-27 13:07:29,867 [Worker-205: Building] WARN  o.e.m.c.i.embedder.EclipseLogger - Using platform encoding (Cp1252 actually) to copy filtered resources, i.e. build is platform dependent!
2025-08-27 13:07:29,868 [Worker-205: Building] INFO  o.e.m.c.i.embedder.EclipseLogger - skip non existing resourceDirectory C:\Users\Faisal\Desktop\Demo\servlet app\TestApp\src\test\resources
2025-08-27 13:09:45,205 [Worker-208: Building] WARN  o.e.m.c.i.embedder.EclipseLogger - Using platform encoding (Cp1252 actually) to copy filtered resources, i.e. build is platform dependent!
2025-08-27 13:09:45,206 [Worker-208: Building] INFO  o.e.m.c.i.embedder.EclipseLogger - Copying 0 resource
2025-08-27 13:09:45,207 [Worker-208: Building] WARN  o.e.m.c.i.embedder.EclipseLogger - Using platform encoding (Cp1252 actually) to copy filtered resources, i.e. build is platform dependent!
2025-08-27 13:09:45,208 [Worker-208: Building] INFO  o.e.m.c.i.embedder.EclipseLogger - skip non existing resourceDirectory C:\Users\Faisal\Desktop\Demo\servlet app\TestApp\src\test\resources
2025-08-27 13:09:53,318 [Worker-207: Building] WARN  o.e.m.c.i.embedder.EclipseLogger - Using platform encoding (Cp1252 actually) to copy filtered resources, i.e. build is platform dependent!
2025-08-27 13:09:53,319 [Worker-207: Building] INFO  o.e.m.c.i.embedder.EclipseLogger - Copying 0 resource
2025-08-27 13:09:53,320 [Worker-207: Building] WARN  o.e.m.c.i.embedder.EclipseLogger - Using platform encoding (Cp1252 actually) to copy filtered resources, i.e. build is platform dependent!
2025-08-27 13:09:53,321 [Worker-207: Building] INFO  o.e.m.c.i.embedder.EclipseLogger - skip non existing resourceDirectory C:\Users\Faisal\Desktop\Demo\servlet app\TestApp\src\test\resources
2025-08-27 13:11:09,974 [Worker-200: Building] WARN  o.e.m.c.i.embedder.EclipseLogger - Using platform encoding (Cp1252 actually) to copy filtered resources, i.e. build is platform dependent!
2025-08-27 13:11:09,975 [Worker-200: Building] INFO  o.e.m.c.i.embedder.EclipseLogger - Copying 0 resource
2025-08-27 13:11:09,976 [Worker-200: Building] WARN  o.e.m.c.i.embedder.EclipseLogger - Using platform encoding (Cp1252 actually) to copy filtered resources, i.e. build is platform dependent!
2025-08-27 13:11:09,977 [Worker-200: Building] INFO  o.e.m.c.i.embedder.EclipseLogger - skip non existing resourceDirectory C:\Users\Faisal\Desktop\Demo\servlet app\TestApp\src\test\resources
2025-08-27 13:11:14,651 [Worker-208: Building] WARN  o.e.m.c.i.embedder.EclipseLogger - Using platform encoding (Cp1252 actually) to copy filtered resources, i.e. build is platform dependent!
2025-08-27 13:11:14,652 [Worker-208: Building] INFO  o.e.m.c.i.embedder.EclipseLogger - Copying 0 resource
2025-08-27 13:11:14,653 [Worker-208: Building] WARN  o.e.m.c.i.embedder.EclipseLogger - Using platform encoding (Cp1252 actually) to copy filtered resources, i.e. build is platform dependent!
2025-08-27 13:11:14,654 [Worker-208: Building] INFO  o.e.m.c.i.embedder.EclipseLogger - skip non existing resourceDirectory C:\Users\Faisal\Desktop\Demo\servlet app\TestApp\src\test\resources
2025-08-27 13:12:31,843 [Worker-210: Building] WARN  o.e.m.c.i.embedder.EclipseLogger - Using platform encoding (Cp1252 actually) to copy filtered resources, i.e. build is platform dependent!
2025-08-27 13:12:31,844 [Worker-210: Building] INFO  o.e.m.c.i.embedder.EclipseLogger - Copying 0 resource
2025-08-27 13:12:31,845 [Worker-210: Building] WARN  o.e.m.c.i.embedder.EclipseLogger - Using platform encoding (Cp1252 actually) to copy filtered resources, i.e. build is platform dependent!
2025-08-27 13:12:31,845 [Worker-210: Building] INFO  o.e.m.c.i.embedder.EclipseLogger - skip non existing resourceDirectory C:\Users\Faisal\Desktop\Demo\servlet app\TestApp\src\test\resources
2025-08-27 13:12:51,795 [Worker-208: Building] WARN  o.e.m.c.i.embedder.EclipseLogger - Using platform encoding (Cp1252 actually) to copy filtered resources, i.e. build is platform dependent!
2025-08-27 13:12:51,797 [Worker-208: Building] INFO  o.e.m.c.i.embedder.EclipseLogger - Copying 0 resource
2025-08-27 13:12:51,798 [Worker-208: Building] WARN  o.e.m.c.i.embedder.EclipseLogger - Using platform encoding (Cp1252 actually) to copy filtered resources, i.e. build is platform dependent!
2025-08-27 13:12:51,798 [Worker-208: Building] INFO  o.e.m.c.i.embedder.EclipseLogger - skip non existing resourceDirectory C:\Users\Faisal\Desktop\Demo\servlet app\TestApp\src\test\resources
2025-08-27 13:12:58,713 [Worker-209: Building] WARN  o.e.m.c.i.embedder.EclipseLogger - Using platform encoding (Cp1252 actually) to copy filtered resources, i.e. build is platform dependent!
2025-08-27 13:12:58,715 [Worker-209: Building] INFO  o.e.m.c.i.embedder.EclipseLogger - Copying 0 resource
2025-08-27 13:12:58,716 [Worker-209: Building] WARN  o.e.m.c.i.embedder.EclipseLogger - Using platform encoding (Cp1252 actually) to copy filtered resources, i.e. build is platform dependent!
2025-08-27 13:12:58,716 [Worker-209: Building] INFO  o.e.m.c.i.embedder.EclipseLogger - skip non existing resourceDirectory C:\Users\Faisal\Desktop\Demo\servlet app\TestApp\src\test\resources
2025-08-27 13:13:02,629 [Worker-210: Building] WARN  o.e.m.c.i.embedder.EclipseLogger - Using platform encoding (Cp1252 actually) to copy filtered resources, i.e. build is platform dependent!
2025-08-27 13:13:02,630 [Worker-210: Building] INFO  o.e.m.c.i.embedder.EclipseLogger - Copying 0 resource
2025-08-27 13:13:02,631 [Worker-210: Building] WARN  o.e.m.c.i.embedder.EclipseLogger - Using platform encoding (Cp1252 actually) to copy filtered resources, i.e. build is platform dependent!
2025-08-27 13:13:02,631 [Worker-210: Building] INFO  o.e.m.c.i.embedder.EclipseLogger - skip non existing resourceDirectory C:\Users\Faisal\Desktop\Demo\servlet app\TestApp\src\test\resources
2025-08-27 13:13:27,982 [Worker-207: Building] WARN  o.e.m.c.i.embedder.EclipseLogger - Using platform encoding (Cp1252 actually) to copy filtered resources, i.e. build is platform dependent!
2025-08-27 13:13:27,983 [Worker-207: Building] INFO  o.e.m.c.i.embedder.EclipseLogger - Copying 0 resource
2025-08-27 13:13:27,983 [Worker-207: Building] WARN  o.e.m.c.i.embedder.EclipseLogger - Using platform encoding (Cp1252 actually) to copy filtered resources, i.e. build is platform dependent!
2025-08-27 13:13:27,984 [Worker-207: Building] INFO  o.e.m.c.i.embedder.EclipseLogger - skip non existing resourceDirectory C:\Users\Faisal\Desktop\Demo\servlet app\TestApp\src\test\resources
2025-08-27 13:13:37,608 [Worker-209: Building] WARN  o.e.m.c.i.embedder.EclipseLogger - Using platform encoding (Cp1252 actually) to copy filtered resources, i.e. build is platform dependent!
2025-08-27 13:13:37,611 [Worker-209: Building] INFO  o.e.m.c.i.embedder.EclipseLogger - Copying 0 resource
2025-08-27 13:13:37,612 [Worker-209: Building] WARN  o.e.m.c.i.embedder.EclipseLogger - Using platform encoding (Cp1252 actually) to copy filtered resources, i.e. build is platform dependent!
2025-08-27 13:13:37,613 [Worker-209: Building] INFO  o.e.m.c.i.embedder.EclipseLogger - skip non existing resourceDirectory C:\Users\Faisal\Desktop\Demo\servlet app\TestApp\src\test\resources
2025-08-27 13:14:03,404 [Worker-200: Building] WARN  o.e.m.c.i.embedder.EclipseLogger - Using platform encoding (Cp1252 actually) to copy filtered resources, i.e. build is platform dependent!
2025-08-27 13:14:03,405 [Worker-200: Building] INFO  o.e.m.c.i.embedder.EclipseLogger - Copying 0 resource
2025-08-27 13:14:03,406 [Worker-200: Building] WARN  o.e.m.c.i.embedder.EclipseLogger - Using platform encoding (Cp1252 actually) to copy filtered resources, i.e. build is platform dependent!
2025-08-27 13:14:03,407 [Worker-200: Building] INFO  o.e.m.c.i.embedder.EclipseLogger - skip non existing resourceDirectory C:\Users\Faisal\Desktop\Demo\servlet app\TestApp\src\test\resources
2025-08-27 13:14:10,689 [Worker-207: Building] WARN  o.e.m.c.i.embedder.EclipseLogger - Using platform encoding (Cp1252 actually) to copy filtered resources, i.e. build is platform dependent!
2025-08-27 13:14:10,690 [Worker-207: Building] INFO  o.e.m.c.i.embedder.EclipseLogger - Copying 0 resource
2025-08-27 13:14:10,691 [Worker-207: Building] WARN  o.e.m.c.i.embedder.EclipseLogger - Using platform encoding (Cp1252 actually) to copy filtered resources, i.e. build is platform dependent!
2025-08-27 13:14:10,692 [Worker-207: Building] INFO  o.e.m.c.i.embedder.EclipseLogger - skip non existing resourceDirectory C:\Users\Faisal\Desktop\Demo\servlet app\TestApp\src\test\resources
2025-08-27 13:14:14,218 [Worker-200: Building] WARN  o.e.m.c.i.embedder.EclipseLogger - Using platform encoding (Cp1252 actually) to copy filtered resources, i.e. build is platform dependent!
2025-08-27 13:14:14,219 [Worker-200: Building] INFO  o.e.m.c.i.embedder.EclipseLogger - Copying 0 resource
2025-08-27 13:14:14,220 [Worker-200: Building] WARN  o.e.m.c.i.embedder.EclipseLogger - Using platform encoding (Cp1252 actually) to copy filtered resources, i.e. build is platform dependent!
2025-08-27 13:14:14,221 [Worker-200: Building] INFO  o.e.m.c.i.embedder.EclipseLogger - skip non existing resourceDirectory C:\Users\Faisal\Desktop\Demo\servlet app\TestApp\src\test\resources
2025-08-27 13:15:10,482 [Worker-207: Building] WARN  o.e.m.c.i.embedder.EclipseLogger - Using platform encoding (Cp1252 actually) to copy filtered resources, i.e. build is platform dependent!
2025-08-27 13:15:10,483 [Worker-207: Building] INFO  o.e.m.c.i.embedder.EclipseLogger - Copying 0 resource
2025-08-27 13:15:10,484 [Worker-207: Building] WARN  o.e.m.c.i.embedder.EclipseLogger - Using platform encoding (Cp1252 actually) to copy filtered resources, i.e. build is platform dependent!
2025-08-27 13:15:10,484 [Worker-207: Building] INFO  o.e.m.c.i.embedder.EclipseLogger - skip non existing resourceDirectory C:\Users\Faisal\Desktop\Demo\servlet app\TestApp\src\test\resources
2025-08-27 13:15:23,939 [Worker-207: Building] WARN  o.e.m.c.i.embedder.EclipseLogger - Using platform encoding (Cp1252 actually) to copy filtered resources, i.e. build is platform dependent!
2025-08-27 13:15:23,941 [Worker-207: Building] INFO  o.e.m.c.i.embedder.EclipseLogger - Copying 0 resource
2025-08-27 13:15:23,941 [Worker-207: Building] WARN  o.e.m.c.i.embedder.EclipseLogger - Using platform encoding (Cp1252 actually) to copy filtered resources, i.e. build is platform dependent!
2025-08-27 13:15:23,942 [Worker-207: Building] INFO  o.e.m.c.i.embedder.EclipseLogger - skip non existing resourceDirectory C:\Users\Faisal\Desktop\Demo\servlet app\TestApp\src\test\resources
2025-08-27 13:16:33,265 [Worker-208: Building] WARN  o.e.m.c.i.embedder.EclipseLogger - Using platform encoding (Cp1252 actually) to copy filtered resources, i.e. build is platform dependent!
2025-08-27 13:16:33,266 [Worker-208: Building] INFO  o.e.m.c.i.embedder.EclipseLogger - Copying 0 resource
2025-08-27 13:16:33,267 [Worker-208: Building] WARN  o.e.m.c.i.embedder.EclipseLogger - Using platform encoding (Cp1252 actually) to copy filtered resources, i.e. build is platform dependent!
2025-08-27 13:16:33,268 [Worker-208: Building] INFO  o.e.m.c.i.embedder.EclipseLogger - skip non existing resourceDirectory C:\Users\Faisal\Desktop\Demo\servlet app\TestApp\src\test\resources
2025-08-27 13:16:37,246 [Worker-211: Building] WARN  o.e.m.c.i.embedder.EclipseLogger - Using platform encoding (Cp1252 actually) to copy filtered resources, i.e. build is platform dependent!
2025-08-27 13:16:37,247 [Worker-211: Building] INFO  o.e.m.c.i.embedder.EclipseLogger - Copying 0 resource
2025-08-27 13:16:37,248 [Worker-211: Building] WARN  o.e.m.c.i.embedder.EclipseLogger - Using platform encoding (Cp1252 actually) to copy filtered resources, i.e. build is platform dependent!
2025-08-27 13:16:37,248 [Worker-211: Building] INFO  o.e.m.c.i.embedder.EclipseLogger - skip non existing resourceDirectory C:\Users\Faisal\Desktop\Demo\servlet app\TestApp\src\test\resources
2025-08-27 13:17:34,770 [Worker-202: Building] WARN  o.e.m.c.i.embedder.EclipseLogger - Using platform encoding (Cp1252 actually) to copy filtered resources, i.e. build is platform dependent!
2025-08-27 13:17:34,772 [Worker-202: Building] INFO  o.e.m.c.i.embedder.EclipseLogger - Copying 0 resource
2025-08-27 13:17:34,772 [Worker-202: Building] WARN  o.e.m.c.i.embedder.EclipseLogger - Using platform encoding (Cp1252 actually) to copy filtered resources, i.e. build is platform dependent!
2025-08-27 13:17:34,774 [Worker-202: Building] INFO  o.e.m.c.i.embedder.EclipseLogger - skip non existing resourceDirectory C:\Users\Faisal\Desktop\Demo\servlet app\TestApp\src\test\resources
2025-08-27 13:18:17,983 [Worker-212: Building] WARN  o.e.m.c.i.embedder.EclipseLogger - Using platform encoding (Cp1252 actually) to copy filtered resources, i.e. build is platform dependent!
2025-08-27 13:18:17,985 [Worker-212: Building] INFO  o.e.m.c.i.embedder.EclipseLogger - Copying 0 resource
2025-08-27 13:18:17,985 [Worker-212: Building] WARN  o.e.m.c.i.embedder.EclipseLogger - Using platform encoding (Cp1252 actually) to copy filtered resources, i.e. build is platform dependent!
2025-08-27 13:18:17,986 [Worker-212: Building] INFO  o.e.m.c.i.embedder.EclipseLogger - skip non existing resourceDirectory C:\Users\Faisal\Desktop\Demo\servlet app\TestApp\src\test\resources
2025-08-27 13:18:27,897 [Worker-211: Building] WARN  o.e.m.c.i.embedder.EclipseLogger - Using platform encoding (Cp1252 actually) to copy filtered resources, i.e. build is platform dependent!
2025-08-27 13:18:27,899 [Worker-211: Building] INFO  o.e.m.c.i.embedder.EclipseLogger - Copying 0 resource
2025-08-27 13:18:27,899 [Worker-211: Building] WARN  o.e.m.c.i.embedder.EclipseLogger - Using platform encoding (Cp1252 actually) to copy filtered resources, i.e. build is platform dependent!
2025-08-27 13:18:27,900 [Worker-211: Building] INFO  o.e.m.c.i.embedder.EclipseLogger - skip non existing resourceDirectory C:\Users\Faisal\Desktop\Demo\servlet app\TestApp\src\test\resources
2025-08-27 13:18:40,286 [Worker-212: Building] WARN  o.e.m.c.i.embedder.EclipseLogger - Using platform encoding (Cp1252 actually) to copy filtered resources, i.e. build is platform dependent!
2025-08-27 13:18:40,287 [Worker-212: Building] INFO  o.e.m.c.i.embedder.EclipseLogger - Copying 0 resource
2025-08-27 13:18:40,288 [Worker-212: Building] WARN  o.e.m.c.i.embedder.EclipseLogger - Using platform encoding (Cp1252 actually) to copy filtered resources, i.e. build is platform dependent!
2025-08-27 13:18:40,289 [Worker-212: Building] INFO  o.e.m.c.i.embedder.EclipseLogger - skip non existing resourceDirectory C:\Users\Faisal\Desktop\Demo\servlet app\TestApp\src\test\resources
2025-08-27 13:19:31,330 [Worker-208: Building] WARN  o.e.m.c.i.embedder.EclipseLogger - Using platform encoding (Cp1252 actually) to copy filtered resources, i.e. build is platform dependent!
2025-08-27 13:19:31,332 [Worker-208: Building] INFO  o.e.m.c.i.embedder.EclipseLogger - Copying 0 resource
2025-08-27 13:19:31,337 [Worker-208: Building] WARN  o.e.m.c.i.embedder.EclipseLogger - Using platform encoding (Cp1252 actually) to copy filtered resources, i.e. build is platform dependent!
2025-08-27 13:19:31,338 [Worker-208: Building] INFO  o.e.m.c.i.embedder.EclipseLogger - skip non existing resourceDirectory C:\Users\Faisal\Desktop\Demo\servlet app\TestApp\src\test\resources
2025-08-27 13:19:35,195 [Worker-207: Building] WARN  o.e.m.c.i.embedder.EclipseLogger - Using platform encoding (Cp1252 actually) to copy filtered resources, i.e. build is platform dependent!
2025-08-27 13:19:35,196 [Worker-207: Building] INFO  o.e.m.c.i.embedder.EclipseLogger - Copying 0 resource
2025-08-27 13:19:35,197 [Worker-207: Building] WARN  o.e.m.c.i.embedder.EclipseLogger - Using platform encoding (Cp1252 actually) to copy filtered resources, i.e. build is platform dependent!
2025-08-27 13:19:35,198 [Worker-207: Building] INFO  o.e.m.c.i.embedder.EclipseLogger - skip non existing resourceDirectory C:\Users\Faisal\Desktop\Demo\servlet app\TestApp\src\test\resources
2025-08-27 13:19:41,680 [Worker-211: Building] WARN  o.e.m.c.i.embedder.EclipseLogger - Using platform encoding (Cp1252 actually) to copy filtered resources, i.e. build is platform dependent!
2025-08-27 13:19:41,682 [Worker-211: Building] INFO  o.e.m.c.i.embedder.EclipseLogger - Copying 0 resource
2025-08-27 13:19:41,683 [Worker-211: Building] WARN  o.e.m.c.i.embedder.EclipseLogger - Using platform encoding (Cp1252 actually) to copy filtered resources, i.e. build is platform dependent!
2025-08-27 13:19:41,683 [Worker-211: Building] INFO  o.e.m.c.i.embedder.EclipseLogger - skip non existing resourceDirectory C:\Users\Faisal\Desktop\Demo\servlet app\TestApp\src\test\resources
2025-08-27 13:19:49,196 [Worker-209: Building] WARN  o.e.m.c.i.embedder.EclipseLogger - Using platform encoding (Cp1252 actually) to copy filtered resources, i.e. build is platform dependent!
2025-08-27 13:19:49,198 [Worker-209: Building] INFO  o.e.m.c.i.embedder.EclipseLogger - Copying 0 resource
2025-08-27 13:19:49,199 [Worker-209: Building] WARN  o.e.m.c.i.embedder.EclipseLogger - Using platform encoding (Cp1252 actually) to copy filtered resources, i.e. build is platform dependent!
2025-08-27 13:19:49,200 [Worker-209: Building] INFO  o.e.m.c.i.embedder.EclipseLogger - skip non existing resourceDirectory C:\Users\Faisal\Desktop\Demo\servlet app\TestApp\src\test\resources
2025-08-27 13:20:05,208 [Worker-202: Building] WARN  o.e.m.c.i.embedder.EclipseLogger - Using platform encoding (Cp1252 actually) to copy filtered resources, i.e. build is platform dependent!
2025-08-27 13:20:05,209 [Worker-202: Building] INFO  o.e.m.c.i.embedder.EclipseLogger - Copying 0 resource
2025-08-27 13:20:05,209 [Worker-202: Building] WARN  o.e.m.c.i.embedder.EclipseLogger - Using platform encoding (Cp1252 actually) to copy filtered resources, i.e. build is platform dependent!
2025-08-27 13:20:05,210 [Worker-202: Building] INFO  o.e.m.c.i.embedder.EclipseLogger - skip non existing resourceDirectory C:\Users\Faisal\Desktop\Demo\servlet app\TestApp\src\test\resources
2025-08-27 13:31:58,087 [Worker-208: Building] WARN  o.e.m.c.i.embedder.EclipseLogger - Using platform encoding (Cp1252 actually) to copy filtered resources, i.e. build is platform dependent!
2025-08-27 13:31:58,089 [Worker-208: Building] INFO  o.e.m.c.i.embedder.EclipseLogger - Copying 0 resource
2025-08-27 13:31:58,090 [Worker-208: Building] WARN  o.e.m.c.i.embedder.EclipseLogger - Using platform encoding (Cp1252 actually) to copy filtered resources, i.e. build is platform dependent!
2025-08-27 13:31:58,091 [Worker-208: Building] INFO  o.e.m.c.i.embedder.EclipseLogger - skip non existing resourceDirectory C:\Users\Faisal\Desktop\Demo\servlet app\TestApp\src\test\resources
2025-08-27 13:32:21,285 [Worker-202: Building] WARN  o.e.m.c.i.embedder.EclipseLogger - Using platform encoding (Cp1252 actually) to copy filtered resources, i.e. build is platform dependent!
2025-08-27 13:32:21,286 [Worker-202: Building] INFO  o.e.m.c.i.embedder.EclipseLogger - Copying 0 resource
2025-08-27 13:32:21,287 [Worker-202: Building] WARN  o.e.m.c.i.embedder.EclipseLogger - Using platform encoding (Cp1252 actually) to copy filtered resources, i.e. build is platform dependent!
2025-08-27 13:32:21,288 [Worker-202: Building] INFO  o.e.m.c.i.embedder.EclipseLogger - skip non existing resourceDirectory C:\Users\Faisal\Desktop\Demo\servlet app\TestApp\src\test\resources
2025-08-27 13:32:28,650 [Worker-215: Building] WARN  o.e.m.c.i.embedder.EclipseLogger - Using platform encoding (Cp1252 actually) to copy filtered resources, i.e. build is platform dependent!
2025-08-27 13:32:28,651 [Worker-215: Building] INFO  o.e.m.c.i.embedder.EclipseLogger - Copying 0 resource
2025-08-27 13:32:28,651 [Worker-215: Building] WARN  o.e.m.c.i.embedder.EclipseLogger - Using platform encoding (Cp1252 actually) to copy filtered resources, i.e. build is platform dependent!
2025-08-27 13:32:28,652 [Worker-215: Building] INFO  o.e.m.c.i.embedder.EclipseLogger - skip non existing resourceDirectory C:\Users\Faisal\Desktop\Demo\servlet app\TestApp\src\test\resources
2025-08-27 13:32:42,626 [Worker-214: Building] WARN  o.e.m.c.i.embedder.EclipseLogger - Using platform encoding (Cp1252 actually) to copy filtered resources, i.e. build is platform dependent!
2025-08-27 13:32:42,627 [Worker-214: Building] INFO  o.e.m.c.i.embedder.EclipseLogger - Copying 0 resource
2025-08-27 13:32:42,627 [Worker-214: Building] WARN  o.e.m.c.i.embedder.EclipseLogger - Using platform encoding (Cp1252 actually) to copy filtered resources, i.e. build is platform dependent!
2025-08-27 13:32:42,628 [Worker-214: Building] INFO  o.e.m.c.i.embedder.EclipseLogger - skip non existing resourceDirectory C:\Users\Faisal\Desktop\Demo\servlet app\TestApp\src\test\resources
2025-08-27 13:32:50,205 [Worker-208: Building] WARN  o.e.m.c.i.embedder.EclipseLogger - Using platform encoding (Cp1252 actually) to copy filtered resources, i.e. build is platform dependent!
2025-08-27 13:32:50,207 [Worker-208: Building] INFO  o.e.m.c.i.embedder.EclipseLogger - Copying 0 resource
2025-08-27 13:32:50,207 [Worker-208: Building] WARN  o.e.m.c.i.embedder.EclipseLogger - Using platform encoding (Cp1252 actually) to copy filtered resources, i.e. build is platform dependent!
2025-08-27 13:32:50,208 [Worker-208: Building] INFO  o.e.m.c.i.embedder.EclipseLogger - skip non existing resourceDirectory C:\Users\Faisal\Desktop\Demo\servlet app\TestApp\src\test\resources
2025-08-27 13:32:59,165 [Worker-214: Building] WARN  o.e.m.c.i.embedder.EclipseLogger - Using platform encoding (Cp1252 actually) to copy filtered resources, i.e. build is platform dependent!
2025-08-27 13:32:59,166 [Worker-214: Building] INFO  o.e.m.c.i.embedder.EclipseLogger - Copying 0 resource
2025-08-27 13:32:59,167 [Worker-214: Building] WARN  o.e.m.c.i.embedder.EclipseLogger - Using platform encoding (Cp1252 actually) to copy filtered resources, i.e. build is platform dependent!
2025-08-27 13:32:59,168 [Worker-214: Building] INFO  o.e.m.c.i.embedder.EclipseLogger - skip non existing resourceDirectory C:\Users\Faisal\Desktop\Demo\servlet app\TestApp\src\test\resources
2025-08-27 13:34:02,430 [Worker-213: Building] WARN  o.e.m.c.i.embedder.EclipseLogger - Using platform encoding (Cp1252 actually) to copy filtered resources, i.e. build is platform dependent!
2025-08-27 13:34:02,431 [Worker-213: Building] INFO  o.e.m.c.i.embedder.EclipseLogger - Copying 0 resource
2025-08-27 13:34:02,432 [Worker-213: Building] WARN  o.e.m.c.i.embedder.EclipseLogger - Using platform encoding (Cp1252 actually) to copy filtered resources, i.e. build is platform dependent!
2025-08-27 13:34:02,432 [Worker-213: Building] INFO  o.e.m.c.i.embedder.EclipseLogger - skip non existing resourceDirectory C:\Users\Faisal\Desktop\Demo\servlet app\TestApp\src\test\resources
2025-08-27 13:34:57,446 [Worker-216: Building] WARN  o.e.m.c.i.embedder.EclipseLogger - Using platform encoding (Cp1252 actually) to copy filtered resources, i.e. build is platform dependent!
2025-08-27 13:34:57,448 [Worker-216: Building] INFO  o.e.m.c.i.embedder.EclipseLogger - Copying 0 resource
2025-08-27 13:34:57,448 [Worker-216: Building] WARN  o.e.m.c.i.embedder.EclipseLogger - Using platform encoding (Cp1252 actually) to copy filtered resources, i.e. build is platform dependent!
2025-08-27 13:34:57,449 [Worker-216: Building] INFO  o.e.m.c.i.embedder.EclipseLogger - skip non existing resourceDirectory C:\Users\Faisal\Desktop\Demo\servlet app\TestApp\src\test\resources
2025-08-27 13:35:14,869 [Worker-216: Building] WARN  o.e.m.c.i.embedder.EclipseLogger - Using platform encoding (Cp1252 actually) to copy filtered resources, i.e. build is platform dependent!
2025-08-27 13:35:14,870 [Worker-216: Building] INFO  o.e.m.c.i.embedder.EclipseLogger - Copying 0 resource
2025-08-27 13:35:14,871 [Worker-216: Building] WARN  o.e.m.c.i.embedder.EclipseLogger - Using platform encoding (Cp1252 actually) to copy filtered resources, i.e. build is platform dependent!
2025-08-27 13:35:14,872 [Worker-216: Building] INFO  o.e.m.c.i.embedder.EclipseLogger - skip non existing resourceDirectory C:\Users\Faisal\Desktop\Demo\servlet app\TestApp\src\test\resources
2025-08-27 13:35:56,955 [Worker-215: Building] WARN  o.e.m.c.i.embedder.EclipseLogger - Using platform encoding (Cp1252 actually) to copy filtered resources, i.e. build is platform dependent!
2025-08-27 13:35:56,957 [Worker-215: Building] INFO  o.e.m.c.i.embedder.EclipseLogger - Copying 0 resource
2025-08-27 13:35:56,957 [Worker-215: Building] WARN  o.e.m.c.i.embedder.EclipseLogger - Using platform encoding (Cp1252 actually) to copy filtered resources, i.e. build is platform dependent!
2025-08-27 13:35:56,958 [Worker-215: Building] INFO  o.e.m.c.i.embedder.EclipseLogger - skip non existing resourceDirectory C:\Users\Faisal\Desktop\Demo\servlet app\TestApp\src\test\resources
2025-08-27 13:36:41,101 [Worker-215: Building] WARN  o.e.m.c.i.embedder.EclipseLogger - Using platform encoding (Cp1252 actually) to copy filtered resources, i.e. build is platform dependent!
2025-08-27 13:36:41,102 [Worker-215: Building] INFO  o.e.m.c.i.embedder.EclipseLogger - Copying 0 resource
2025-08-27 13:36:41,102 [Worker-215: Building] WARN  o.e.m.c.i.embedder.EclipseLogger - Using platform encoding (Cp1252 actually) to copy filtered resources, i.e. build is platform dependent!
2025-08-27 13:36:41,103 [Worker-215: Building] INFO  o.e.m.c.i.embedder.EclipseLogger - skip non existing resourceDirectory C:\Users\Faisal\Desktop\Demo\servlet app\TestApp\src\test\resources
2025-08-27 13:36:52,298 [Worker-213: Building] WARN  o.e.m.c.i.embedder.EclipseLogger - Using platform encoding (Cp1252 actually) to copy filtered resources, i.e. build is platform dependent!
2025-08-27 13:36:52,299 [Worker-213: Building] INFO  o.e.m.c.i.embedder.EclipseLogger - Copying 0 resource
2025-08-27 13:36:52,300 [Worker-213: Building] WARN  o.e.m.c.i.embedder.EclipseLogger - Using platform encoding (Cp1252 actually) to copy filtered resources, i.e. build is platform dependent!
2025-08-27 13:36:52,301 [Worker-213: Building] INFO  o.e.m.c.i.embedder.EclipseLogger - skip non existing resourceDirectory C:\Users\Faisal\Desktop\Demo\servlet app\TestApp\src\test\resources
2025-08-27 13:37:43,136 [Worker-214: Building] WARN  o.e.m.c.i.embedder.EclipseLogger - Using platform encoding (Cp1252 actually) to copy filtered resources, i.e. build is platform dependent!
2025-08-27 13:37:43,137 [Worker-214: Building] INFO  o.e.m.c.i.embedder.EclipseLogger - Copying 0 resource
2025-08-27 13:37:43,138 [Worker-214: Building] WARN  o.e.m.c.i.embedder.EclipseLogger - Using platform encoding (Cp1252 actually) to copy filtered resources, i.e. build is platform dependent!
2025-08-27 13:37:43,139 [Worker-214: Building] INFO  o.e.m.c.i.embedder.EclipseLogger - skip non existing resourceDirectory C:\Users\Faisal\Desktop\Demo\servlet app\TestApp\src\test\resources
2025-08-27 13:37:56,389 [Worker-216: Building] WARN  o.e.m.c.i.embedder.EclipseLogger - Using platform encoding (Cp1252 actually) to copy filtered resources, i.e. build is platform dependent!
2025-08-27 13:37:56,390 [Worker-216: Building] INFO  o.e.m.c.i.embedder.EclipseLogger - Copying 0 resource
2025-08-27 13:37:56,391 [Worker-216: Building] WARN  o.e.m.c.i.embedder.EclipseLogger - Using platform encoding (Cp1252 actually) to copy filtered resources, i.e. build is platform dependent!
2025-08-27 13:37:56,392 [Worker-216: Building] INFO  o.e.m.c.i.embedder.EclipseLogger - skip non existing resourceDirectory C:\Users\Faisal\Desktop\Demo\servlet app\TestApp\src\test\resources
2025-08-27 13:38:13,469 [Worker-208: Building] WARN  o.e.m.c.i.embedder.EclipseLogger - Using platform encoding (Cp1252 actually) to copy filtered resources, i.e. build is platform dependent!
2025-08-27 13:38:13,471 [Worker-208: Building] INFO  o.e.m.c.i.embedder.EclipseLogger - Copying 0 resource
2025-08-27 13:38:13,472 [Worker-208: Building] WARN  o.e.m.c.i.embedder.EclipseLogger - Using platform encoding (Cp1252 actually) to copy filtered resources, i.e. build is platform dependent!
2025-08-27 13:38:13,473 [Worker-208: Building] INFO  o.e.m.c.i.embedder.EclipseLogger - skip non existing resourceDirectory C:\Users\Faisal\Desktop\Demo\servlet app\TestApp\src\test\resources
2025-08-27 13:38:16,843 [Worker-214: Building] WARN  o.e.m.c.i.embedder.EclipseLogger - Using platform encoding (Cp1252 actually) to copy filtered resources, i.e. build is platform dependent!
2025-08-27 13:38:16,844 [Worker-214: Building] INFO  o.e.m.c.i.embedder.EclipseLogger - Copying 0 resource
2025-08-27 13:38:16,845 [Worker-214: Building] WARN  o.e.m.c.i.embedder.EclipseLogger - Using platform encoding (Cp1252 actually) to copy filtered resources, i.e. build is platform dependent!
2025-08-27 13:38:16,846 [Worker-214: Building] INFO  o.e.m.c.i.embedder.EclipseLogger - skip non existing resourceDirectory C:\Users\Faisal\Desktop\Demo\servlet app\TestApp\src\test\resources
2025-08-27 13:41:25,261 [Worker-218: Building] WARN  o.e.m.c.i.embedder.EclipseLogger - Using platform encoding (Cp1252 actually) to copy filtered resources, i.e. build is platform dependent!
2025-08-27 13:41:25,263 [Worker-218: Building] INFO  o.e.m.c.i.embedder.EclipseLogger - Copying 0 resource
2025-08-27 13:41:25,264 [Worker-218: Building] WARN  o.e.m.c.i.embedder.EclipseLogger - Using platform encoding (Cp1252 actually) to copy filtered resources, i.e. build is platform dependent!
2025-08-27 13:41:25,265 [Worker-218: Building] INFO  o.e.m.c.i.embedder.EclipseLogger - skip non existing resourceDirectory C:\Users\Faisal\Desktop\Demo\servlet app\TestApp\src\test\resources
2025-08-27 13:44:29,447 [Worker-221: Building] WARN  o.e.m.c.i.embedder.EclipseLogger - Using platform encoding (Cp1252 actually) to copy filtered resources, i.e. build is platform dependent!
2025-08-27 13:44:29,449 [Worker-221: Building] INFO  o.e.m.c.i.embedder.EclipseLogger - Copying 0 resource
2025-08-27 13:44:29,449 [Worker-221: Building] WARN  o.e.m.c.i.embedder.EclipseLogger - Using platform encoding (Cp1252 actually) to copy filtered resources, i.e. build is platform dependent!
2025-08-27 13:44:29,450 [Worker-221: Building] INFO  o.e.m.c.i.embedder.EclipseLogger - skip non existing resourceDirectory C:\Users\Faisal\Desktop\Demo\servlet app\TestApp\src\test\resources
2025-08-27 13:44:38,535 [Worker-219: Building] WARN  o.e.m.c.i.embedder.EclipseLogger - Using platform encoding (Cp1252 actually) to copy filtered resources, i.e. build is platform dependent!
2025-08-27 13:44:38,536 [Worker-219: Building] INFO  o.e.m.c.i.embedder.EclipseLogger - Copying 0 resource
2025-08-27 13:44:38,537 [Worker-219: Building] WARN  o.e.m.c.i.embedder.EclipseLogger - Using platform encoding (Cp1252 actually) to copy filtered resources, i.e. build is platform dependent!
2025-08-27 13:44:38,538 [Worker-219: Building] INFO  o.e.m.c.i.embedder.EclipseLogger - skip non existing resourceDirectory C:\Users\Faisal\Desktop\Demo\servlet app\TestApp\src\test\resources
2025-08-27 13:44:47,617 [Worker-223: Building] WARN  o.e.m.c.i.embedder.EclipseLogger - Using platform encoding (Cp1252 actually) to copy filtered resources, i.e. build is platform dependent!
2025-08-27 13:44:47,619 [Worker-223: Building] INFO  o.e.m.c.i.embedder.EclipseLogger - Copying 0 resource
2025-08-27 13:44:47,619 [Worker-223: Building] WARN  o.e.m.c.i.embedder.EclipseLogger - Using platform encoding (Cp1252 actually) to copy filtered resources, i.e. build is platform dependent!
2025-08-27 13:44:47,620 [Worker-223: Building] INFO  o.e.m.c.i.embedder.EclipseLogger - skip non existing resourceDirectory C:\Users\Faisal\Desktop\Demo\servlet app\TestApp\src\test\resources
2025-08-27 13:45:23,403 [Worker-221: Building] WARN  o.e.m.c.i.embedder.EclipseLogger - Using platform encoding (Cp1252 actually) to copy filtered resources, i.e. build is platform dependent!
2025-08-27 13:45:23,405 [Worker-221: Building] INFO  o.e.m.c.i.embedder.EclipseLogger - Copying 0 resource
2025-08-27 13:45:23,406 [Worker-221: Building] WARN  o.e.m.c.i.embedder.EclipseLogger - Using platform encoding (Cp1252 actually) to copy filtered resources, i.e. build is platform dependent!
2025-08-27 13:45:23,406 [Worker-221: Building] INFO  o.e.m.c.i.embedder.EclipseLogger - skip non existing resourceDirectory C:\Users\Faisal\Desktop\Demo\servlet app\TestApp\src\test\resources
2025-08-27 13:45:44,040 [Worker-217: Building] WARN  o.e.m.c.i.embedder.EclipseLogger - Using platform encoding (Cp1252 actually) to copy filtered resources, i.e. build is platform dependent!
2025-08-27 13:45:44,042 [Worker-217: Building] INFO  o.e.m.c.i.embedder.EclipseLogger - Copying 0 resource
2025-08-27 13:45:44,042 [Worker-217: Building] WARN  o.e.m.c.i.embedder.EclipseLogger - Using platform encoding (Cp1252 actually) to copy filtered resources, i.e. build is platform dependent!
2025-08-27 13:45:44,043 [Worker-217: Building] INFO  o.e.m.c.i.embedder.EclipseLogger - skip non existing resourceDirectory C:\Users\Faisal\Desktop\Demo\servlet app\TestApp\src\test\resources
2025-08-27 13:45:49,307 [Worker-219: Building] WARN  o.e.m.c.i.embedder.EclipseLogger - Using platform encoding (Cp1252 actually) to copy filtered resources, i.e. build is platform dependent!
2025-08-27 13:45:49,309 [Worker-219: Building] INFO  o.e.m.c.i.embedder.EclipseLogger - Copying 0 resource
2025-08-27 13:45:49,310 [Worker-219: Building] WARN  o.e.m.c.i.embedder.EclipseLogger - Using platform encoding (Cp1252 actually) to copy filtered resources, i.e. build is platform dependent!
2025-08-27 13:45:49,310 [Worker-219: Building] INFO  o.e.m.c.i.embedder.EclipseLogger - skip non existing resourceDirectory C:\Users\Faisal\Desktop\Demo\servlet app\TestApp\src\test\resources
2025-08-27 13:45:51,756 [Worker-223: Building] WARN  o.e.m.c.i.embedder.EclipseLogger - Using platform encoding (Cp1252 actually) to copy filtered resources, i.e. build is platform dependent!
2025-08-27 13:45:51,758 [Worker-223: Building] INFO  o.e.m.c.i.embedder.EclipseLogger - Copying 0 resource
2025-08-27 13:45:51,758 [Worker-223: Building] WARN  o.e.m.c.i.embedder.EclipseLogger - Using platform encoding (Cp1252 actually) to copy filtered resources, i.e. build is platform dependent!
2025-08-27 13:45:51,759 [Worker-223: Building] INFO  o.e.m.c.i.embedder.EclipseLogger - skip non existing resourceDirectory C:\Users\Faisal\Desktop\Demo\servlet app\TestApp\src\test\resources
2025-08-27 13:46:22,095 [Worker-222: Building] WARN  o.e.m.c.i.embedder.EclipseLogger - Using platform encoding (Cp1252 actually) to copy filtered resources, i.e. build is platform dependent!
2025-08-27 13:46:22,096 [Worker-222: Building] INFO  o.e.m.c.i.embedder.EclipseLogger - Copying 0 resource
2025-08-27 13:46:22,097 [Worker-222: Building] WARN  o.e.m.c.i.embedder.EclipseLogger - Using platform encoding (Cp1252 actually) to copy filtered resources, i.e. build is platform dependent!
2025-08-27 13:46:22,098 [Worker-222: Building] INFO  o.e.m.c.i.embedder.EclipseLogger - skip non existing resourceDirectory C:\Users\Faisal\Desktop\Demo\servlet app\TestApp\src\test\resources
2025-08-27 13:46:25,620 [Worker-217: Building] WARN  o.e.m.c.i.embedder.EclipseLogger - Using platform encoding (Cp1252 actually) to copy filtered resources, i.e. build is platform dependent!
2025-08-27 13:46:25,621 [Worker-217: Building] INFO  o.e.m.c.i.embedder.EclipseLogger - Copying 0 resource
2025-08-27 13:46:25,622 [Worker-217: Building] WARN  o.e.m.c.i.embedder.EclipseLogger - Using platform encoding (Cp1252 actually) to copy filtered resources, i.e. build is platform dependent!
2025-08-27 13:46:25,623 [Worker-217: Building] INFO  o.e.m.c.i.embedder.EclipseLogger - skip non existing resourceDirectory C:\Users\Faisal\Desktop\Demo\servlet app\TestApp\src\test\resources
2025-08-27 13:48:11,363 [Worker-222: Building] WARN  o.e.m.c.i.embedder.EclipseLogger - Using platform encoding (Cp1252 actually) to copy filtered resources, i.e. build is platform dependent!
2025-08-27 13:48:11,365 [Worker-222: Building] INFO  o.e.m.c.i.embedder.EclipseLogger - Copying 0 resource
2025-08-27 13:48:11,366 [Worker-222: Building] WARN  o.e.m.c.i.embedder.EclipseLogger - Using platform encoding (Cp1252 actually) to copy filtered resources, i.e. build is platform dependent!
2025-08-27 13:48:11,367 [Worker-222: Building] INFO  o.e.m.c.i.embedder.EclipseLogger - skip non existing resourceDirectory C:\Users\Faisal\Desktop\Demo\servlet app\TestApp\src\test\resources
2025-08-27 13:49:14,883 [Worker-223: Building] WARN  o.e.m.c.i.embedder.EclipseLogger - Using platform encoding (Cp1252 actually) to copy filtered resources, i.e. build is platform dependent!
2025-08-27 13:49:14,884 [Worker-223: Building] INFO  o.e.m.c.i.embedder.EclipseLogger - Copying 0 resource
2025-08-27 13:49:14,885 [Worker-223: Building] WARN  o.e.m.c.i.embedder.EclipseLogger - Using platform encoding (Cp1252 actually) to copy filtered resources, i.e. build is platform dependent!
2025-08-27 13:49:14,886 [Worker-223: Building] INFO  o.e.m.c.i.embedder.EclipseLogger - skip non existing resourceDirectory C:\Users\Faisal\Desktop\Demo\servlet app\TestApp\src\test\resources
2025-08-27 13:49:36,363 [Worker-219: Building] WARN  o.e.m.c.i.embedder.EclipseLogger - Using platform encoding (Cp1252 actually) to copy filtered resources, i.e. build is platform dependent!
2025-08-27 13:49:36,364 [Worker-219: Building] INFO  o.e.m.c.i.embedder.EclipseLogger - Copying 0 resource
2025-08-27 13:49:36,365 [Worker-219: Building] WARN  o.e.m.c.i.embedder.EclipseLogger - Using platform encoding (Cp1252 actually) to copy filtered resources, i.e. build is platform dependent!
2025-08-27 13:49:36,365 [Worker-219: Building] INFO  o.e.m.c.i.embedder.EclipseLogger - skip non existing resourceDirectory C:\Users\Faisal\Desktop\Demo\servlet app\TestApp\src\test\resources
2025-08-27 13:49:37,514 [Worker-224: Building] WARN  o.e.m.c.i.embedder.EclipseLogger - Using platform encoding (Cp1252 actually) to copy filtered resources, i.e. build is platform dependent!
2025-08-27 13:49:37,516 [Worker-224: Building] INFO  o.e.m.c.i.embedder.EclipseLogger - Copying 0 resource
2025-08-27 13:49:37,517 [Worker-224: Building] WARN  o.e.m.c.i.embedder.EclipseLogger - Using platform encoding (Cp1252 actually) to copy filtered resources, i.e. build is platform dependent!
2025-08-27 13:49:37,517 [Worker-224: Building] INFO  o.e.m.c.i.embedder.EclipseLogger - skip non existing resourceDirectory C:\Users\Faisal\Desktop\Demo\servlet app\TestApp\src\test\resources
2025-08-27 13:50:31,909 [Worker-214: Building] WARN  o.e.m.c.i.embedder.EclipseLogger - Using platform encoding (Cp1252 actually) to copy filtered resources, i.e. build is platform dependent!
2025-08-27 13:50:31,911 [Worker-214: Building] INFO  o.e.m.c.i.embedder.EclipseLogger - Copying 0 resource
2025-08-27 13:50:31,911 [Worker-214: Building] WARN  o.e.m.c.i.embedder.EclipseLogger - Using platform encoding (Cp1252 actually) to copy filtered resources, i.e. build is platform dependent!
2025-08-27 13:50:31,912 [Worker-214: Building] INFO  o.e.m.c.i.embedder.EclipseLogger - skip non existing resourceDirectory C:\Users\Faisal\Desktop\Demo\servlet app\TestApp\src\test\resources
2025-08-27 13:51:11,171 [Worker-220: Building] WARN  o.e.m.c.i.embedder.EclipseLogger - Using platform encoding (Cp1252 actually) to copy filtered resources, i.e. build is platform dependent!
2025-08-27 13:51:11,173 [Worker-220: Building] INFO  o.e.m.c.i.embedder.EclipseLogger - Copying 0 resource
2025-08-27 13:51:11,173 [Worker-220: Building] WARN  o.e.m.c.i.embedder.EclipseLogger - Using platform encoding (Cp1252 actually) to copy filtered resources, i.e. build is platform dependent!
2025-08-27 13:51:11,174 [Worker-220: Building] INFO  o.e.m.c.i.embedder.EclipseLogger - skip non existing resourceDirectory C:\Users\Faisal\Desktop\Demo\servlet app\TestApp\src\test\resources
2025-08-27 13:51:27,010 [Worker-221: Building] WARN  o.e.m.c.i.embedder.EclipseLogger - Using platform encoding (Cp1252 actually) to copy filtered resources, i.e. build is platform dependent!
2025-08-27 13:51:27,011 [Worker-221: Building] INFO  o.e.m.c.i.embedder.EclipseLogger - Copying 0 resource
2025-08-27 13:51:27,012 [Worker-221: Building] WARN  o.e.m.c.i.embedder.EclipseLogger - Using platform encoding (Cp1252 actually) to copy filtered resources, i.e. build is platform dependent!
2025-08-27 13:51:27,013 [Worker-221: Building] INFO  o.e.m.c.i.embedder.EclipseLogger - skip non existing resourceDirectory C:\Users\Faisal\Desktop\Demo\servlet app\TestApp\src\test\resources
2025-08-27 13:52:13,717 [Worker-220: Building] WARN  o.e.m.c.i.embedder.EclipseLogger - Using platform encoding (Cp1252 actually) to copy filtered resources, i.e. build is platform dependent!
2025-08-27 13:52:13,718 [Worker-220: Building] INFO  o.e.m.c.i.embedder.EclipseLogger - Copying 0 resource
2025-08-27 13:52:13,719 [Worker-220: Building] WARN  o.e.m.c.i.embedder.EclipseLogger - Using platform encoding (Cp1252 actually) to copy filtered resources, i.e. build is platform dependent!
2025-08-27 13:52:13,720 [Worker-220: Building] INFO  o.e.m.c.i.embedder.EclipseLogger - skip non existing resourceDirectory C:\Users\Faisal\Desktop\Demo\servlet app\TestApp\src\test\resources
2025-08-27 13:52:25,465 [Worker-214: Building] WARN  o.e.m.c.i.embedder.EclipseLogger - Using platform encoding (Cp1252 actually) to copy filtered resources, i.e. build is platform dependent!
2025-08-27 13:52:25,467 [Worker-214: Building] INFO  o.e.m.c.i.embedder.EclipseLogger - Copying 0 resource
2025-08-27 13:52:25,468 [Worker-214: Building] WARN  o.e.m.c.i.embedder.EclipseLogger - Using platform encoding (Cp1252 actually) to copy filtered resources, i.e. build is platform dependent!
2025-08-27 13:52:25,469 [Worker-214: Building] INFO  o.e.m.c.i.embedder.EclipseLogger - skip non existing resourceDirectory C:\Users\Faisal\Desktop\Demo\servlet app\TestApp\src\test\resources
2025-08-27 13:52:31,523 [Worker-219: Building] WARN  o.e.m.c.i.embedder.EclipseLogger - Using platform encoding (Cp1252 actually) to copy filtered resources, i.e. build is platform dependent!
2025-08-27 13:52:31,524 [Worker-219: Building] INFO  o.e.m.c.i.embedder.EclipseLogger - Copying 0 resource
2025-08-27 13:52:31,525 [Worker-219: Building] WARN  o.e.m.c.i.embedder.EclipseLogger - Using platform encoding (Cp1252 actually) to copy filtered resources, i.e. build is platform dependent!
2025-08-27 13:52:31,525 [Worker-219: Building] INFO  o.e.m.c.i.embedder.EclipseLogger - skip non existing resourceDirectory C:\Users\Faisal\Desktop\Demo\servlet app\TestApp\src\test\resources
2025-08-27 13:53:05,099 [Worker-223: Building] WARN  o.e.m.c.i.embedder.EclipseLogger - Using platform encoding (Cp1252 actually) to copy filtered resources, i.e. build is platform dependent!
2025-08-27 13:53:05,101 [Worker-223: Building] INFO  o.e.m.c.i.embedder.EclipseLogger - Copying 0 resource
2025-08-27 13:53:05,101 [Worker-223: Building] WARN  o.e.m.c.i.embedder.EclipseLogger - Using platform encoding (Cp1252 actually) to copy filtered resources, i.e. build is platform dependent!
2025-08-27 13:53:05,102 [Worker-223: Building] INFO  o.e.m.c.i.embedder.EclipseLogger - skip non existing resourceDirectory C:\Users\Faisal\Desktop\Demo\servlet app\TestApp\src\test\resources
2025-08-27 13:53:07,142 [Worker-224: Building] WARN  o.e.m.c.i.embedder.EclipseLogger - Using platform encoding (Cp1252 actually) to copy filtered resources, i.e. build is platform dependent!
2025-08-27 13:53:07,143 [Worker-224: Building] INFO  o.e.m.c.i.embedder.EclipseLogger - Copying 0 resource
2025-08-27 13:53:07,144 [Worker-224: Building] WARN  o.e.m.c.i.embedder.EclipseLogger - Using platform encoding (Cp1252 actually) to copy filtered resources, i.e. build is platform dependent!
2025-08-27 13:53:07,145 [Worker-224: Building] INFO  o.e.m.c.i.embedder.EclipseLogger - skip non existing resourceDirectory C:\Users\Faisal\Desktop\Demo\servlet app\TestApp\src\test\resources
2025-08-27 13:53:18,379 [Worker-220: Building] WARN  o.e.m.c.i.embedder.EclipseLogger - Using platform encoding (Cp1252 actually) to copy filtered resources, i.e. build is platform dependent!
2025-08-27 13:53:18,380 [Worker-220: Building] INFO  o.e.m.c.i.embedder.EclipseLogger - Copying 0 resource
2025-08-27 13:53:18,381 [Worker-220: Building] WARN  o.e.m.c.i.embedder.EclipseLogger - Using platform encoding (Cp1252 actually) to copy filtered resources, i.e. build is platform dependent!
2025-08-27 13:53:18,381 [Worker-220: Building] INFO  o.e.m.c.i.embedder.EclipseLogger - skip non existing resourceDirectory C:\Users\Faisal\Desktop\Demo\servlet app\TestApp\src\test\resources
2025-08-27 13:53:39,613 [Worker-223: Building] WARN  o.e.m.c.i.embedder.EclipseLogger - Using platform encoding (Cp1252 actually) to copy filtered resources, i.e. build is platform dependent!
2025-08-27 13:53:39,615 [Worker-223: Building] INFO  o.e.m.c.i.embedder.EclipseLogger - Copying 0 resource
2025-08-27 13:53:39,616 [Worker-223: Building] WARN  o.e.m.c.i.embedder.EclipseLogger - Using platform encoding (Cp1252 actually) to copy filtered resources, i.e. build is platform dependent!
2025-08-27 13:53:39,617 [Worker-223: Building] INFO  o.e.m.c.i.embedder.EclipseLogger - skip non existing resourceDirectory C:\Users\Faisal\Desktop\Demo\servlet app\TestApp\src\test\resources
2025-08-27 13:53:47,090 [Worker-219: Building] WARN  o.e.m.c.i.embedder.EclipseLogger - Using platform encoding (Cp1252 actually) to copy filtered resources, i.e. build is platform dependent!
2025-08-27 13:53:47,092 [Worker-219: Building] INFO  o.e.m.c.i.embedder.EclipseLogger - Copying 0 resource
2025-08-27 13:53:47,093 [Worker-219: Building] WARN  o.e.m.c.i.embedder.EclipseLogger - Using platform encoding (Cp1252 actually) to copy filtered resources, i.e. build is platform dependent!
2025-08-27 13:53:47,093 [Worker-219: Building] INFO  o.e.m.c.i.embedder.EclipseLogger - skip non existing resourceDirectory C:\Users\Faisal\Desktop\Demo\servlet app\TestApp\src\test\resources
2025-08-27 13:53:51,328 [Worker-214: Building] WARN  o.e.m.c.i.embedder.EclipseLogger - Using platform encoding (Cp1252 actually) to copy filtered resources, i.e. build is platform dependent!
2025-08-27 13:53:51,330 [Worker-214: Building] INFO  o.e.m.c.i.embedder.EclipseLogger - Copying 0 resource
2025-08-27 13:53:51,331 [Worker-214: Building] WARN  o.e.m.c.i.embedder.EclipseLogger - Using platform encoding (Cp1252 actually) to copy filtered resources, i.e. build is platform dependent!
2025-08-27 13:53:51,331 [Worker-214: Building] INFO  o.e.m.c.i.embedder.EclipseLogger - skip non existing resourceDirectory C:\Users\Faisal\Desktop\Demo\servlet app\TestApp\src\test\resources
2025-08-27 13:54:48,161 [Worker-222: Building] WARN  o.e.m.c.i.embedder.EclipseLogger - Using platform encoding (Cp1252 actually) to copy filtered resources, i.e. build is platform dependent!
2025-08-27 13:54:48,162 [Worker-222: Building] INFO  o.e.m.c.i.embedder.EclipseLogger - Copying 0 resource
2025-08-27 13:54:48,163 [Worker-222: Building] WARN  o.e.m.c.i.embedder.EclipseLogger - Using platform encoding (Cp1252 actually) to copy filtered resources, i.e. build is platform dependent!
2025-08-27 13:54:48,164 [Worker-222: Building] INFO  o.e.m.c.i.embedder.EclipseLogger - skip non existing resourceDirectory C:\Users\Faisal\Desktop\Demo\servlet app\TestApp\src\test\resources
2025-08-27 13:55:19,446 [Worker-221: Building] WARN  o.e.m.c.i.embedder.EclipseLogger - Using platform encoding (Cp1252 actually) to copy filtered resources, i.e. build is platform dependent!
2025-08-27 13:55:19,448 [Worker-221: Building] INFO  o.e.m.c.i.embedder.EclipseLogger - Copying 0 resource
2025-08-27 13:55:19,449 [Worker-221: Building] WARN  o.e.m.c.i.embedder.EclipseLogger - Using platform encoding (Cp1252 actually) to copy filtered resources, i.e. build is platform dependent!
2025-08-27 13:55:19,449 [Worker-221: Building] INFO  o.e.m.c.i.embedder.EclipseLogger - skip non existing resourceDirectory C:\Users\Faisal\Desktop\Demo\servlet app\TestApp\src\test\resources
2025-08-27 13:56:57,446 [Worker-219: Building] WARN  o.e.m.c.i.embedder.EclipseLogger - Using platform encoding (Cp1252 actually) to copy filtered resources, i.e. build is platform dependent!
2025-08-27 13:56:57,447 [Worker-219: Building] INFO  o.e.m.c.i.embedder.EclipseLogger - Copying 0 resource
2025-08-27 13:56:57,448 [Worker-219: Building] WARN  o.e.m.c.i.embedder.EclipseLogger - Using platform encoding (Cp1252 actually) to copy filtered resources, i.e. build is platform dependent!
2025-08-27 13:56:57,449 [Worker-219: Building] INFO  o.e.m.c.i.embedder.EclipseLogger - skip non existing resourceDirectory C:\Users\Faisal\Desktop\Demo\servlet app\TestApp\src\test\resources
2025-08-27 13:57:11,013 [Worker-226: Building] WARN  o.e.m.c.i.embedder.EclipseLogger - Using platform encoding (Cp1252 actually) to copy filtered resources, i.e. build is platform dependent!
2025-08-27 13:57:11,014 [Worker-226: Building] INFO  o.e.m.c.i.embedder.EclipseLogger - Copying 0 resource
2025-08-27 13:57:11,015 [Worker-226: Building] WARN  o.e.m.c.i.embedder.EclipseLogger - Using platform encoding (Cp1252 actually) to copy filtered resources, i.e. build is platform dependent!
2025-08-27 13:57:11,016 [Worker-226: Building] INFO  o.e.m.c.i.embedder.EclipseLogger - skip non existing resourceDirectory C:\Users\Faisal\Desktop\Demo\servlet app\TestApp\src\test\resources
2025-08-27 13:58:48,861 [Worker-223: Building] WARN  o.e.m.c.i.embedder.EclipseLogger - Using platform encoding (Cp1252 actually) to copy filtered resources, i.e. build is platform dependent!
2025-08-27 13:58:48,862 [Worker-223: Building] INFO  o.e.m.c.i.embedder.EclipseLogger - Copying 0 resource
2025-08-27 13:58:48,863 [Worker-223: Building] WARN  o.e.m.c.i.embedder.EclipseLogger - Using platform encoding (Cp1252 actually) to copy filtered resources, i.e. build is platform dependent!
2025-08-27 13:58:48,864 [Worker-223: Building] INFO  o.e.m.c.i.embedder.EclipseLogger - skip non existing resourceDirectory C:\Users\Faisal\Desktop\Demo\servlet app\TestApp\src\test\resources
2025-08-27 14:00:15,708 [Worker-221: Building] WARN  o.e.m.c.i.embedder.EclipseLogger - Using platform encoding (Cp1252 actually) to copy filtered resources, i.e. build is platform dependent!
2025-08-27 14:00:15,709 [Worker-221: Building] INFO  o.e.m.c.i.embedder.EclipseLogger - Copying 0 resource
2025-08-27 14:00:15,710 [Worker-221: Building] WARN  o.e.m.c.i.embedder.EclipseLogger - Using platform encoding (Cp1252 actually) to copy filtered resources, i.e. build is platform dependent!
2025-08-27 14:00:15,711 [Worker-221: Building] INFO  o.e.m.c.i.embedder.EclipseLogger - skip non existing resourceDirectory C:\Users\Faisal\Desktop\Demo\servlet app\TestApp\src\test\resources
2025-08-27 14:00:16,936 [Worker-228: Building] WARN  o.e.m.c.i.embedder.EclipseLogger - Using platform encoding (Cp1252 actually) to copy filtered resources, i.e. build is platform dependent!
2025-08-27 14:00:16,937 [Worker-228: Building] INFO  o.e.m.c.i.embedder.EclipseLogger - Copying 0 resource
2025-08-27 14:00:16,938 [Worker-228: Building] WARN  o.e.m.c.i.embedder.EclipseLogger - Using platform encoding (Cp1252 actually) to copy filtered resources, i.e. build is platform dependent!
2025-08-27 14:00:16,939 [Worker-228: Building] INFO  o.e.m.c.i.embedder.EclipseLogger - skip non existing resourceDirectory C:\Users\Faisal\Desktop\Demo\servlet app\TestApp\src\test\resources
2025-08-27 14:00:48,058 [Worker-219: Building] WARN  o.e.m.c.i.embedder.EclipseLogger - Using platform encoding (Cp1252 actually) to copy filtered resources, i.e. build is platform dependent!
2025-08-27 14:00:48,059 [Worker-219: Building] INFO  o.e.m.c.i.embedder.EclipseLogger - Copying 0 resource
2025-08-27 14:00:48,060 [Worker-219: Building] WARN  o.e.m.c.i.embedder.EclipseLogger - Using platform encoding (Cp1252 actually) to copy filtered resources, i.e. build is platform dependent!
2025-08-27 14:00:48,061 [Worker-219: Building] INFO  o.e.m.c.i.embedder.EclipseLogger - skip non existing resourceDirectory C:\Users\Faisal\Desktop\Demo\servlet app\TestApp\src\test\resources
2025-08-27 14:01:38,846 [Worker-219: Building] WARN  o.e.m.c.i.embedder.EclipseLogger - Using platform encoding (Cp1252 actually) to copy filtered resources, i.e. build is platform dependent!
2025-08-27 14:01:38,847 [Worker-219: Building] INFO  o.e.m.c.i.embedder.EclipseLogger - Copying 0 resource
2025-08-27 14:01:38,848 [Worker-219: Building] WARN  o.e.m.c.i.embedder.EclipseLogger - Using platform encoding (Cp1252 actually) to copy filtered resources, i.e. build is platform dependent!
2025-08-27 14:01:38,849 [Worker-219: Building] INFO  o.e.m.c.i.embedder.EclipseLogger - skip non existing resourceDirectory C:\Users\Faisal\Desktop\Demo\servlet app\TestApp\src\test\resources
2025-08-27 14:01:46,323 [Worker-221: Building] WARN  o.e.m.c.i.embedder.EclipseLogger - Using platform encoding (Cp1252 actually) to copy filtered resources, i.e. build is platform dependent!
2025-08-27 14:01:46,324 [Worker-221: Building] INFO  o.e.m.c.i.embedder.EclipseLogger - Copying 0 resource
2025-08-27 14:01:46,325 [Worker-221: Building] WARN  o.e.m.c.i.embedder.EclipseLogger - Using platform encoding (Cp1252 actually) to copy filtered resources, i.e. build is platform dependent!
2025-08-27 14:01:46,325 [Worker-221: Building] INFO  o.e.m.c.i.embedder.EclipseLogger - skip non existing resourceDirectory C:\Users\Faisal\Desktop\Demo\servlet app\TestApp\src\test\resources
2025-08-27 14:02:20,521 [Worker-228: Building] WARN  o.e.m.c.i.embedder.EclipseLogger - Using platform encoding (Cp1252 actually) to copy filtered resources, i.e. build is platform dependent!
2025-08-27 14:02:20,522 [Worker-228: Building] INFO  o.e.m.c.i.embedder.EclipseLogger - Copying 0 resource
2025-08-27 14:02:20,523 [Worker-228: Building] WARN  o.e.m.c.i.embedder.EclipseLogger - Using platform encoding (Cp1252 actually) to copy filtered resources, i.e. build is platform dependent!
2025-08-27 14:02:20,524 [Worker-228: Building] INFO  o.e.m.c.i.embedder.EclipseLogger - skip non existing resourceDirectory C:\Users\Faisal\Desktop\Demo\servlet app\TestApp\src\test\resources
2025-08-27 14:03:00,464 [Worker-225: Building] WARN  o.e.m.c.i.embedder.EclipseLogger - Using platform encoding (Cp1252 actually) to copy filtered resources, i.e. build is platform dependent!
2025-08-27 14:03:00,466 [Worker-225: Building] INFO  o.e.m.c.i.embedder.EclipseLogger - Copying 0 resource
2025-08-27 14:03:00,467 [Worker-225: Building] WARN  o.e.m.c.i.embedder.EclipseLogger - Using platform encoding (Cp1252 actually) to copy filtered resources, i.e. build is platform dependent!
2025-08-27 14:03:00,467 [Worker-225: Building] INFO  o.e.m.c.i.embedder.EclipseLogger - skip non existing resourceDirectory C:\Users\Faisal\Desktop\Demo\servlet app\TestApp\src\test\resources
2025-08-27 14:03:08,139 [Worker-221: Building] WARN  o.e.m.c.i.embedder.EclipseLogger - Using platform encoding (Cp1252 actually) to copy filtered resources, i.e. build is platform dependent!
2025-08-27 14:03:08,140 [Worker-221: Building] INFO  o.e.m.c.i.embedder.EclipseLogger - Copying 0 resource
2025-08-27 14:03:08,141 [Worker-221: Building] WARN  o.e.m.c.i.embedder.EclipseLogger - Using platform encoding (Cp1252 actually) to copy filtered resources, i.e. build is platform dependent!
2025-08-27 14:03:08,142 [Worker-221: Building] INFO  o.e.m.c.i.embedder.EclipseLogger - skip non existing resourceDirectory C:\Users\Faisal\Desktop\Demo\servlet app\TestApp\src\test\resources
2025-08-27 14:03:39,807 [Worker-227: Building] WARN  o.e.m.c.i.embedder.EclipseLogger - Using platform encoding (Cp1252 actually) to copy filtered resources, i.e. build is platform dependent!
2025-08-27 14:03:39,808 [Worker-227: Building] INFO  o.e.m.c.i.embedder.EclipseLogger - Copying 0 resource
2025-08-27 14:03:39,809 [Worker-227: Building] WARN  o.e.m.c.i.embedder.EclipseLogger - Using platform encoding (Cp1252 actually) to copy filtered resources, i.e. build is platform dependent!
2025-08-27 14:03:39,809 [Worker-227: Building] INFO  o.e.m.c.i.embedder.EclipseLogger - skip non existing resourceDirectory C:\Users\Faisal\Desktop\Demo\servlet app\TestApp\src\test\resources
2025-08-27 14:04:12,419 [Worker-229: Building] WARN  o.e.m.c.i.embedder.EclipseLogger - Using platform encoding (Cp1252 actually) to copy filtered resources, i.e. build is platform dependent!
2025-08-27 14:04:12,421 [Worker-229: Building] INFO  o.e.m.c.i.embedder.EclipseLogger - Copying 0 resource
2025-08-27 14:04:12,422 [Worker-229: Building] WARN  o.e.m.c.i.embedder.EclipseLogger - Using platform encoding (Cp1252 actually) to copy filtered resources, i.e. build is platform dependent!
2025-08-27 14:04:12,422 [Worker-229: Building] INFO  o.e.m.c.i.embedder.EclipseLogger - skip non existing resourceDirectory C:\Users\Faisal\Desktop\Demo\servlet app\TestApp\src\test\resources
2025-08-27 14:04:22,164 [Worker-221: Building] WARN  o.e.m.c.i.embedder.EclipseLogger - Using platform encoding (Cp1252 actually) to copy filtered resources, i.e. build is platform dependent!
2025-08-27 14:04:22,165 [Worker-221: Building] INFO  o.e.m.c.i.embedder.EclipseLogger - Copying 0 resource
2025-08-27 14:04:22,166 [Worker-221: Building] WARN  o.e.m.c.i.embedder.EclipseLogger - Using platform encoding (Cp1252 actually) to copy filtered resources, i.e. build is platform dependent!
2025-08-27 14:04:22,167 [Worker-221: Building] INFO  o.e.m.c.i.embedder.EclipseLogger - skip non existing resourceDirectory C:\Users\Faisal\Desktop\Demo\servlet app\TestApp\src\test\resources
2025-08-27 14:04:40,122 [Worker-230: Building] WARN  o.e.m.c.i.embedder.EclipseLogger - Using platform encoding (Cp1252 actually) to copy filtered resources, i.e. build is platform dependent!
2025-08-27 14:04:40,124 [Worker-230: Building] INFO  o.e.m.c.i.embedder.EclipseLogger - Copying 0 resource
2025-08-27 14:04:40,124 [Worker-230: Building] WARN  o.e.m.c.i.embedder.EclipseLogger - Using platform encoding (Cp1252 actually) to copy filtered resources, i.e. build is platform dependent!
2025-08-27 14:04:40,125 [Worker-230: Building] INFO  o.e.m.c.i.embedder.EclipseLogger - skip non existing resourceDirectory C:\Users\Faisal\Desktop\Demo\servlet app\TestApp\src\test\resources
2025-08-27 14:05:25,245 [Worker-230: Building] WARN  o.e.m.c.i.embedder.EclipseLogger - Using platform encoding (Cp1252 actually) to copy filtered resources, i.e. build is platform dependent!
2025-08-27 14:05:25,247 [Worker-230: Building] INFO  o.e.m.c.i.embedder.EclipseLogger - Copying 0 resource
2025-08-27 14:05:25,248 [Worker-230: Building] WARN  o.e.m.c.i.embedder.EclipseLogger - Using platform encoding (Cp1252 actually) to copy filtered resources, i.e. build is platform dependent!
2025-08-27 14:05:25,249 [Worker-230: Building] INFO  o.e.m.c.i.embedder.EclipseLogger - skip non existing resourceDirectory C:\Users\Faisal\Desktop\Demo\servlet app\TestApp\src\test\resources
2025-08-27 14:06:30,726 [Worker-219: Building] WARN  o.e.m.c.i.embedder.EclipseLogger - Using platform encoding (Cp1252 actually) to copy filtered resources, i.e. build is platform dependent!
2025-08-27 14:06:30,727 [Worker-219: Building] INFO  o.e.m.c.i.embedder.EclipseLogger - Copying 0 resource
2025-08-27 14:06:30,728 [Worker-219: Building] WARN  o.e.m.c.i.embedder.EclipseLogger - Using platform encoding (Cp1252 actually) to copy filtered resources, i.e. build is platform dependent!
2025-08-27 14:06:30,728 [Worker-219: Building] INFO  o.e.m.c.i.embedder.EclipseLogger - skip non existing resourceDirectory C:\Users\Faisal\Desktop\Demo\servlet app\TestApp\src\test\resources
2025-08-27 14:07:04,923 [Worker-223: Building] WARN  o.e.m.c.i.embedder.EclipseLogger - Using platform encoding (Cp1252 actually) to copy filtered resources, i.e. build is platform dependent!
2025-08-27 14:07:04,924 [Worker-223: Building] INFO  o.e.m.c.i.embedder.EclipseLogger - Copying 0 resource
2025-08-27 14:07:04,925 [Worker-223: Building] WARN  o.e.m.c.i.embedder.EclipseLogger - Using platform encoding (Cp1252 actually) to copy filtered resources, i.e. build is platform dependent!
2025-08-27 14:07:04,925 [Worker-223: Building] INFO  o.e.m.c.i.embedder.EclipseLogger - skip non existing resourceDirectory C:\Users\Faisal\Desktop\Demo\servlet app\TestApp\src\test\resources
2025-08-27 14:07:25,574 [Worker-228: Building] WARN  o.e.m.c.i.embedder.EclipseLogger - Using platform encoding (Cp1252 actually) to copy filtered resources, i.e. build is platform dependent!
2025-08-27 14:07:25,575 [Worker-228: Building] INFO  o.e.m.c.i.embedder.EclipseLogger - Copying 0 resource
2025-08-27 14:07:25,576 [Worker-228: Building] WARN  o.e.m.c.i.embedder.EclipseLogger - Using platform encoding (Cp1252 actually) to copy filtered resources, i.e. build is platform dependent!
2025-08-27 14:07:25,577 [Worker-228: Building] INFO  o.e.m.c.i.embedder.EclipseLogger - skip non existing resourceDirectory C:\Users\Faisal\Desktop\Demo\servlet app\TestApp\src\test\resources
2025-08-27 14:07:42,634 [Worker-221: Building] WARN  o.e.m.c.i.embedder.EclipseLogger - Using platform encoding (Cp1252 actually) to copy filtered resources, i.e. build is platform dependent!
2025-08-27 14:07:42,635 [Worker-221: Building] INFO  o.e.m.c.i.embedder.EclipseLogger - Copying 0 resource
2025-08-27 14:07:42,636 [Worker-221: Building] WARN  o.e.m.c.i.embedder.EclipseLogger - Using platform encoding (Cp1252 actually) to copy filtered resources, i.e. build is platform dependent!
2025-08-27 14:07:42,637 [Worker-221: Building] INFO  o.e.m.c.i.embedder.EclipseLogger - skip non existing resourceDirectory C:\Users\Faisal\Desktop\Demo\servlet app\TestApp\src\test\resources
2025-08-27 14:15:52,131 [Worker-232: Building] WARN  o.e.m.c.i.embedder.EclipseLogger - Using platform encoding (Cp1252 actually) to copy filtered resources, i.e. build is platform dependent!
2025-08-27 14:15:52,133 [Worker-232: Building] INFO  o.e.m.c.i.embedder.EclipseLogger - Copying 0 resource
2025-08-27 14:15:52,134 [Worker-232: Building] WARN  o.e.m.c.i.embedder.EclipseLogger - Using platform encoding (Cp1252 actually) to copy filtered resources, i.e. build is platform dependent!
2025-08-27 14:15:52,135 [Worker-232: Building] INFO  o.e.m.c.i.embedder.EclipseLogger - skip non existing resourceDirectory C:\Users\Faisal\Desktop\Demo\servlet app\TestApp\src\test\resources
2025-08-27 14:16:48,005 [Worker-234: Building] WARN  o.e.m.c.i.embedder.EclipseLogger - Using platform encoding (Cp1252 actually) to copy filtered resources, i.e. build is platform dependent!
2025-08-27 14:16:48,006 [Worker-234: Building] INFO  o.e.m.c.i.embedder.EclipseLogger - Copying 0 resource
2025-08-27 14:16:48,007 [Worker-234: Building] WARN  o.e.m.c.i.embedder.EclipseLogger - Using platform encoding (Cp1252 actually) to copy filtered resources, i.e. build is platform dependent!
2025-08-27 14:16:48,008 [Worker-234: Building] INFO  o.e.m.c.i.embedder.EclipseLogger - skip non existing resourceDirectory C:\Users\Faisal\Desktop\Demo\servlet app\TestApp\src\test\resources
2025-08-27 14:17:23,036 [Worker-232: Building] WARN  o.e.m.c.i.embedder.EclipseLogger - Using platform encoding (Cp1252 actually) to copy filtered resources, i.e. build is platform dependent!
2025-08-27 14:17:23,038 [Worker-232: Building] INFO  o.e.m.c.i.embedder.EclipseLogger - Copying 0 resource
2025-08-27 14:17:23,039 [Worker-232: Building] WARN  o.e.m.c.i.embedder.EclipseLogger - Using platform encoding (Cp1252 actually) to copy filtered resources, i.e. build is platform dependent!
2025-08-27 14:17:23,040 [Worker-232: Building] INFO  o.e.m.c.i.embedder.EclipseLogger - skip non existing resourceDirectory C:\Users\Faisal\Desktop\Demo\servlet app\TestApp\src\test\resources
2025-08-27 14:17:58,345 [Worker-233: Building] WARN  o.e.m.c.i.embedder.EclipseLogger - Using platform encoding (Cp1252 actually) to copy filtered resources, i.e. build is platform dependent!
2025-08-27 14:17:58,347 [Worker-233: Building] INFO  o.e.m.c.i.embedder.EclipseLogger - Copying 0 resource
2025-08-27 14:17:58,348 [Worker-233: Building] WARN  o.e.m.c.i.embedder.EclipseLogger - Using platform encoding (Cp1252 actually) to copy filtered resources, i.e. build is platform dependent!
2025-08-27 14:17:58,349 [Worker-233: Building] INFO  o.e.m.c.i.embedder.EclipseLogger - skip non existing resourceDirectory C:\Users\Faisal\Desktop\Demo\servlet app\TestApp\src\test\resources
2025-08-27 14:18:04,649 [Worker-221: Building] WARN  o.e.m.c.i.embedder.EclipseLogger - Using platform encoding (Cp1252 actually) to copy filtered resources, i.e. build is platform dependent!
2025-08-27 14:18:04,650 [Worker-221: Building] INFO  o.e.m.c.i.embedder.EclipseLogger - Copying 0 resource
2025-08-27 14:18:04,651 [Worker-221: Building] WARN  o.e.m.c.i.embedder.EclipseLogger - Using platform encoding (Cp1252 actually) to copy filtered resources, i.e. build is platform dependent!
2025-08-27 14:18:04,652 [Worker-221: Building] INFO  o.e.m.c.i.embedder.EclipseLogger - skip non existing resourceDirectory C:\Users\Faisal\Desktop\Demo\servlet app\TestApp\src\test\resources
2025-08-27 14:20:19,184 [Worker-232: Building] WARN  o.e.m.c.i.embedder.EclipseLogger - Using platform encoding (Cp1252 actually) to copy filtered resources, i.e. build is platform dependent!
2025-08-27 14:20:19,186 [Worker-232: Building] INFO  o.e.m.c.i.embedder.EclipseLogger - Copying 0 resource
2025-08-27 14:20:19,187 [Worker-232: Building] WARN  o.e.m.c.i.embedder.EclipseLogger - Using platform encoding (Cp1252 actually) to copy filtered resources, i.e. build is platform dependent!
2025-08-27 14:20:19,187 [Worker-232: Building] INFO  o.e.m.c.i.embedder.EclipseLogger - skip non existing resourceDirectory C:\Users\Faisal\Desktop\Demo\servlet app\TestApp\src\test\resources
2025-08-27 14:20:55,811 [Worker-232: Building] WARN  o.e.m.c.i.embedder.EclipseLogger - Using platform encoding (Cp1252 actually) to copy filtered resources, i.e. build is platform dependent!
2025-08-27 14:20:55,812 [Worker-232: Building] INFO  o.e.m.c.i.embedder.EclipseLogger - Copying 0 resource
2025-08-27 14:20:55,813 [Worker-232: Building] WARN  o.e.m.c.i.embedder.EclipseLogger - Using platform encoding (Cp1252 actually) to copy filtered resources, i.e. build is platform dependent!
2025-08-27 14:20:55,813 [Worker-232: Building] INFO  o.e.m.c.i.embedder.EclipseLogger - skip non existing resourceDirectory C:\Users\Faisal\Desktop\Demo\servlet app\TestApp\src\test\resources
2025-08-27 14:21:17,890 [Worker-232: Building] WARN  o.e.m.c.i.embedder.EclipseLogger - Using platform encoding (Cp1252 actually) to copy filtered resources, i.e. build is platform dependent!
2025-08-27 14:21:17,891 [Worker-232: Building] INFO  o.e.m.c.i.embedder.EclipseLogger - Copying 0 resource
2025-08-27 14:21:17,892 [Worker-232: Building] WARN  o.e.m.c.i.embedder.EclipseLogger - Using platform encoding (Cp1252 actually) to copy filtered resources, i.e. build is platform dependent!
2025-08-27 14:21:17,893 [Worker-232: Building] INFO  o.e.m.c.i.embedder.EclipseLogger - skip non existing resourceDirectory C:\Users\Faisal\Desktop\Demo\servlet app\TestApp\src\test\resources
2025-08-27 14:21:40,695 [Worker-235: Building] WARN  o.e.m.c.i.embedder.EclipseLogger - Using platform encoding (Cp1252 actually) to copy filtered resources, i.e. build is platform dependent!
2025-08-27 14:21:40,697 [Worker-235: Building] INFO  o.e.m.c.i.embedder.EclipseLogger - Copying 0 resource
2025-08-27 14:21:40,698 [Worker-235: Building] WARN  o.e.m.c.i.embedder.EclipseLogger - Using platform encoding (Cp1252 actually) to copy filtered resources, i.e. build is platform dependent!
2025-08-27 14:21:40,698 [Worker-235: Building] INFO  o.e.m.c.i.embedder.EclipseLogger - skip non existing resourceDirectory C:\Users\Faisal\Desktop\Demo\servlet app\TestApp\src\test\resources
2025-08-27 14:22:15,545 [Worker-235: Building] WARN  o.e.m.c.i.embedder.EclipseLogger - Using platform encoding (Cp1252 actually) to copy filtered resources, i.e. build is platform dependent!
2025-08-27 14:22:15,546 [Worker-235: Building] INFO  o.e.m.c.i.embedder.EclipseLogger - Copying 0 resource
2025-08-27 14:22:15,546 [Worker-235: Building] WARN  o.e.m.c.i.embedder.EclipseLogger - Using platform encoding (Cp1252 actually) to copy filtered resources, i.e. build is platform dependent!
2025-08-27 14:22:15,547 [Worker-235: Building] INFO  o.e.m.c.i.embedder.EclipseLogger - skip non existing resourceDirectory C:\Users\Faisal\Desktop\Demo\servlet app\TestApp\src\test\resources
2025-08-27 14:25:32,199 [Worker-238: Building] WARN  o.e.m.c.i.embedder.EclipseLogger - Using platform encoding (Cp1252 actually) to copy filtered resources, i.e. build is platform dependent!
2025-08-27 14:25:32,200 [Worker-238: Building] INFO  o.e.m.c.i.embedder.EclipseLogger - Copying 0 resource
2025-08-27 14:25:32,201 [Worker-238: Building] WARN  o.e.m.c.i.embedder.EclipseLogger - Using platform encoding (Cp1252 actually) to copy filtered resources, i.e. build is platform dependent!
2025-08-27 14:25:32,201 [Worker-238: Building] INFO  o.e.m.c.i.embedder.EclipseLogger - skip non existing resourceDirectory C:\Users\Faisal\Desktop\Demo\servlet app\TestApp\src\test\resources
2025-08-27 14:25:44,999 [Worker-239: Building] WARN  o.e.m.c.i.embedder.EclipseLogger - Using platform encoding (Cp1252 actually) to copy filtered resources, i.e. build is platform dependent!
2025-08-27 14:25:45,001 [Worker-239: Building] INFO  o.e.m.c.i.embedder.EclipseLogger - Copying 0 resource
2025-08-27 14:25:45,002 [Worker-239: Building] WARN  o.e.m.c.i.embedder.EclipseLogger - Using platform encoding (Cp1252 actually) to copy filtered resources, i.e. build is platform dependent!
2025-08-27 14:25:45,002 [Worker-239: Building] INFO  o.e.m.c.i.embedder.EclipseLogger - skip non existing resourceDirectory C:\Users\Faisal\Desktop\Demo\servlet app\TestApp\src\test\resources
2025-08-27 14:27:23,550 [Worker-235: Building] WARN  o.e.m.c.i.embedder.EclipseLogger - Using platform encoding (Cp1252 actually) to copy filtered resources, i.e. build is platform dependent!
2025-08-27 14:27:23,551 [Worker-235: Building] INFO  o.e.m.c.i.embedder.EclipseLogger - Copying 0 resource
2025-08-27 14:27:23,552 [Worker-235: Building] WARN  o.e.m.c.i.embedder.EclipseLogger - Using platform encoding (Cp1252 actually) to copy filtered resources, i.e. build is platform dependent!
2025-08-27 14:27:23,553 [Worker-235: Building] INFO  o.e.m.c.i.embedder.EclipseLogger - skip non existing resourceDirectory C:\Users\Faisal\Desktop\Demo\servlet app\TestApp\src\test\resources
2025-08-27 14:27:28,192 [Worker-242: Building] WARN  o.e.m.c.i.embedder.EclipseLogger - Using platform encoding (Cp1252 actually) to copy filtered resources, i.e. build is platform dependent!
2025-08-27 14:27:28,194 [Worker-242: Building] INFO  o.e.m.c.i.embedder.EclipseLogger - Copying 0 resource
2025-08-27 14:27:28,195 [Worker-242: Building] WARN  o.e.m.c.i.embedder.EclipseLogger - Using platform encoding (Cp1252 actually) to copy filtered resources, i.e. build is platform dependent!
2025-08-27 14:27:28,195 [Worker-242: Building] INFO  o.e.m.c.i.embedder.EclipseLogger - skip non existing resourceDirectory C:\Users\Faisal\Desktop\Demo\servlet app\TestApp\src\test\resources
2025-08-27 14:29:14,882 [Worker-242: Building] WARN  o.e.m.c.i.embedder.EclipseLogger - Using platform encoding (Cp1252 actually) to copy filtered resources, i.e. build is platform dependent!
2025-08-27 14:29:14,884 [Worker-242: Building] INFO  o.e.m.c.i.embedder.EclipseLogger - Copying 0 resource
2025-08-27 14:29:14,884 [Worker-242: Building] WARN  o.e.m.c.i.embedder.EclipseLogger - Using platform encoding (Cp1252 actually) to copy filtered resources, i.e. build is platform dependent!
2025-08-27 14:29:14,885 [Worker-242: Building] INFO  o.e.m.c.i.embedder.EclipseLogger - skip non existing resourceDirectory C:\Users\Faisal\Desktop\Demo\servlet app\TestApp\src\test\resources
2025-08-27 14:29:32,746 [Worker-243: Building] WARN  o.e.m.c.i.embedder.EclipseLogger - Using platform encoding (Cp1252 actually) to copy filtered resources, i.e. build is platform dependent!
2025-08-27 14:29:32,747 [Worker-243: Building] INFO  o.e.m.c.i.embedder.EclipseLogger - Copying 0 resource
2025-08-27 14:29:32,748 [Worker-243: Building] WARN  o.e.m.c.i.embedder.EclipseLogger - Using platform encoding (Cp1252 actually) to copy filtered resources, i.e. build is platform dependent!
2025-08-27 14:29:32,749 [Worker-243: Building] INFO  o.e.m.c.i.embedder.EclipseLogger - skip non existing resourceDirectory C:\Users\Faisal\Desktop\Demo\servlet app\TestApp\src\test\resources
2025-08-27 14:29:42,267 [Worker-240: Building] WARN  o.e.m.c.i.embedder.EclipseLogger - Using platform encoding (Cp1252 actually) to copy filtered resources, i.e. build is platform dependent!
2025-08-27 14:29:42,268 [Worker-240: Building] INFO  o.e.m.c.i.embedder.EclipseLogger - Copying 0 resource
2025-08-27 14:29:42,269 [Worker-240: Building] WARN  o.e.m.c.i.embedder.EclipseLogger - Using platform encoding (Cp1252 actually) to copy filtered resources, i.e. build is platform dependent!
2025-08-27 14:29:42,270 [Worker-240: Building] INFO  o.e.m.c.i.embedder.EclipseLogger - skip non existing resourceDirectory C:\Users\Faisal\Desktop\Demo\servlet app\TestApp\src\test\resources
2025-08-27 14:30:33,763 [Worker-245: Building] WARN  o.e.m.c.i.embedder.EclipseLogger - Using platform encoding (Cp1252 actually) to copy filtered resources, i.e. build is platform dependent!
2025-08-27 14:30:33,764 [Worker-245: Building] INFO  o.e.m.c.i.embedder.EclipseLogger - Copying 0 resource
2025-08-27 14:30:33,765 [Worker-245: Building] WARN  o.e.m.c.i.embedder.EclipseLogger - Using platform encoding (Cp1252 actually) to copy filtered resources, i.e. build is platform dependent!
2025-08-27 14:30:33,766 [Worker-245: Building] INFO  o.e.m.c.i.embedder.EclipseLogger - skip non existing resourceDirectory C:\Users\Faisal\Desktop\Demo\servlet app\TestApp\src\test\resources
2025-08-27 14:31:45,120 [Worker-244: Building] WARN  o.e.m.c.i.embedder.EclipseLogger - Using platform encoding (Cp1252 actually) to copy filtered resources, i.e. build is platform dependent!
2025-08-27 14:31:45,122 [Worker-244: Building] INFO  o.e.m.c.i.embedder.EclipseLogger - Copying 0 resource
2025-08-27 14:31:45,123 [Worker-244: Building] WARN  o.e.m.c.i.embedder.EclipseLogger - Using platform encoding (Cp1252 actually) to copy filtered resources, i.e. build is platform dependent!
2025-08-27 14:31:45,123 [Worker-244: Building] INFO  o.e.m.c.i.embedder.EclipseLogger - skip non existing resourceDirectory C:\Users\Faisal\Desktop\Demo\servlet app\TestApp\src\test\resources
2025-08-27 14:33:10,392 [Worker-243: Building] WARN  o.e.m.c.i.embedder.EclipseLogger - Using platform encoding (Cp1252 actually) to copy filtered resources, i.e. build is platform dependent!
2025-08-27 14:33:10,394 [Worker-243: Building] INFO  o.e.m.c.i.embedder.EclipseLogger - Copying 0 resource
2025-08-27 14:33:10,394 [Worker-243: Building] WARN  o.e.m.c.i.embedder.EclipseLogger - Using platform encoding (Cp1252 actually) to copy filtered resources, i.e. build is platform dependent!
2025-08-27 14:33:10,395 [Worker-243: Building] INFO  o.e.m.c.i.embedder.EclipseLogger - skip non existing resourceDirectory C:\Users\Faisal\Desktop\Demo\servlet app\TestApp\src\test\resources
2025-08-27 14:33:54,735 [Worker-247: Building] WARN  o.e.m.c.i.embedder.EclipseLogger - Using platform encoding (Cp1252 actually) to copy filtered resources, i.e. build is platform dependent!
2025-08-27 14:33:54,736 [Worker-247: Building] INFO  o.e.m.c.i.embedder.EclipseLogger - Copying 0 resource
2025-08-27 14:33:54,737 [Worker-247: Building] WARN  o.e.m.c.i.embedder.EclipseLogger - Using platform encoding (Cp1252 actually) to copy filtered resources, i.e. build is platform dependent!
2025-08-27 14:33:54,737 [Worker-247: Building] INFO  o.e.m.c.i.embedder.EclipseLogger - skip non existing resourceDirectory C:\Users\Faisal\Desktop\Demo\servlet app\TestApp\src\test\resources
2025-08-27 14:34:15,896 [Worker-244: Building] WARN  o.e.m.c.i.embedder.EclipseLogger - Using platform encoding (Cp1252 actually) to copy filtered resources, i.e. build is platform dependent!
2025-08-27 14:34:15,897 [Worker-244: Building] INFO  o.e.m.c.i.embedder.EclipseLogger - Copying 0 resource
2025-08-27 14:34:15,897 [Worker-244: Building] WARN  o.e.m.c.i.embedder.EclipseLogger - Using platform encoding (Cp1252 actually) to copy filtered resources, i.e. build is platform dependent!
2025-08-27 14:34:15,898 [Worker-244: Building] INFO  o.e.m.c.i.embedder.EclipseLogger - skip non existing resourceDirectory C:\Users\Faisal\Desktop\Demo\servlet app\TestApp\src\test\resources
2025-08-27 14:34:54,006 [Worker-244: Building] WARN  o.e.m.c.i.embedder.EclipseLogger - Using platform encoding (Cp1252 actually) to copy filtered resources, i.e. build is platform dependent!
2025-08-27 14:34:54,007 [Worker-244: Building] INFO  o.e.m.c.i.embedder.EclipseLogger - Copying 0 resource
2025-08-27 14:34:54,008 [Worker-244: Building] WARN  o.e.m.c.i.embedder.EclipseLogger - Using platform encoding (Cp1252 actually) to copy filtered resources, i.e. build is platform dependent!
2025-08-27 14:34:54,009 [Worker-244: Building] INFO  o.e.m.c.i.embedder.EclipseLogger - skip non existing resourceDirectory C:\Users\Faisal\Desktop\Demo\servlet app\TestApp\src\test\resources
2025-08-27 14:35:04,141 [Worker-243: Building] WARN  o.e.m.c.i.embedder.EclipseLogger - Using platform encoding (Cp1252 actually) to copy filtered resources, i.e. build is platform dependent!
2025-08-27 14:35:04,143 [Worker-243: Building] INFO  o.e.m.c.i.embedder.EclipseLogger - Copying 0 resource
2025-08-27 14:35:04,143 [Worker-243: Building] WARN  o.e.m.c.i.embedder.EclipseLogger - Using platform encoding (Cp1252 actually) to copy filtered resources, i.e. build is platform dependent!
2025-08-27 14:35:04,144 [Worker-243: Building] INFO  o.e.m.c.i.embedder.EclipseLogger - skip non existing resourceDirectory C:\Users\Faisal\Desktop\Demo\servlet app\TestApp\src\test\resources
2025-08-27 14:35:29,769 [Worker-248: Building] WARN  o.e.m.c.i.embedder.EclipseLogger - Using platform encoding (Cp1252 actually) to copy filtered resources, i.e. build is platform dependent!
2025-08-27 14:35:29,770 [Worker-248: Building] INFO  o.e.m.c.i.embedder.EclipseLogger - Copying 0 resource
2025-08-27 14:35:29,771 [Worker-248: Building] WARN  o.e.m.c.i.embedder.EclipseLogger - Using platform encoding (Cp1252 actually) to copy filtered resources, i.e. build is platform dependent!
2025-08-27 14:35:29,772 [Worker-248: Building] INFO  o.e.m.c.i.embedder.EclipseLogger - skip non existing resourceDirectory C:\Users\Faisal\Desktop\Demo\servlet app\TestApp\src\test\resources
2025-08-27 14:35:43,746 [Worker-247: Building] WARN  o.e.m.c.i.embedder.EclipseLogger - Using platform encoding (Cp1252 actually) to copy filtered resources, i.e. build is platform dependent!
2025-08-27 14:35:43,747 [Worker-247: Building] INFO  o.e.m.c.i.embedder.EclipseLogger - Copying 0 resource
2025-08-27 14:35:43,748 [Worker-247: Building] WARN  o.e.m.c.i.embedder.EclipseLogger - Using platform encoding (Cp1252 actually) to copy filtered resources, i.e. build is platform dependent!
2025-08-27 14:35:43,748 [Worker-247: Building] INFO  o.e.m.c.i.embedder.EclipseLogger - skip non existing resourceDirectory C:\Users\Faisal\Desktop\Demo\servlet app\TestApp\src\test\resources
2025-08-27 14:35:46,826 [Worker-243: Building] WARN  o.e.m.c.i.embedder.EclipseLogger - Using platform encoding (Cp1252 actually) to copy filtered resources, i.e. build is platform dependent!
2025-08-27 14:35:46,827 [Worker-243: Building] INFO  o.e.m.c.i.embedder.EclipseLogger - Copying 0 resource
2025-08-27 14:35:46,828 [Worker-243: Building] WARN  o.e.m.c.i.embedder.EclipseLogger - Using platform encoding (Cp1252 actually) to copy filtered resources, i.e. build is platform dependent!
2025-08-27 14:35:46,828 [Worker-243: Building] INFO  o.e.m.c.i.embedder.EclipseLogger - skip non existing resourceDirectory C:\Users\Faisal\Desktop\Demo\servlet app\TestApp\src\test\resources
2025-08-27 14:36:17,802 [Worker-243: Building] WARN  o.e.m.c.i.embedder.EclipseLogger - Using platform encoding (Cp1252 actually) to copy filtered resources, i.e. build is platform dependent!
2025-08-27 14:36:17,802 [Worker-243: Building] INFO  o.e.m.c.i.embedder.EclipseLogger - Copying 0 resource
2025-08-27 14:36:17,803 [Worker-243: Building] WARN  o.e.m.c.i.embedder.EclipseLogger - Using platform encoding (Cp1252 actually) to copy filtered resources, i.e. build is platform dependent!
2025-08-27 14:36:17,804 [Worker-243: Building] INFO  o.e.m.c.i.embedder.EclipseLogger - skip non existing resourceDirectory C:\Users\Faisal\Desktop\Demo\servlet app\TestApp\src\test\resources
2025-08-27 14:36:18,860 [Worker-243: Building] WARN  o.e.m.c.i.embedder.EclipseLogger - Using platform encoding (Cp1252 actually) to copy filtered resources, i.e. build is platform dependent!
2025-08-27 14:36:18,861 [Worker-243: Building] INFO  o.e.m.c.i.embedder.EclipseLogger - Copying 0 resource
2025-08-27 14:36:18,862 [Worker-243: Building] WARN  o.e.m.c.i.embedder.EclipseLogger - Using platform encoding (Cp1252 actually) to copy filtered resources, i.e. build is platform dependent!
2025-08-27 14:36:18,862 [Worker-243: Building] INFO  o.e.m.c.i.embedder.EclipseLogger - skip non existing resourceDirectory C:\Users\Faisal\Desktop\Demo\servlet app\TestApp\src\test\resources
2025-08-27 14:36:21,427 [Worker-243: Building] WARN  o.e.m.c.i.embedder.EclipseLogger - Using platform encoding (Cp1252 actually) to copy filtered resources, i.e. build is platform dependent!
2025-08-27 14:36:21,428 [Worker-243: Building] INFO  o.e.m.c.i.embedder.EclipseLogger - Copying 0 resource
2025-08-27 14:36:21,429 [Worker-243: Building] WARN  o.e.m.c.i.embedder.EclipseLogger - Using platform encoding (Cp1252 actually) to copy filtered resources, i.e. build is platform dependent!
2025-08-27 14:36:21,430 [Worker-243: Building] INFO  o.e.m.c.i.embedder.EclipseLogger - skip non existing resourceDirectory C:\Users\Faisal\Desktop\Demo\servlet app\TestApp\src\test\resources
2025-08-27 14:36:50,891 [Worker-244: Building] WARN  o.e.m.c.i.embedder.EclipseLogger - Using platform encoding (Cp1252 actually) to copy filtered resources, i.e. build is platform dependent!
2025-08-27 14:36:50,892 [Worker-244: Building] INFO  o.e.m.c.i.embedder.EclipseLogger - Copying 0 resource
2025-08-27 14:36:50,893 [Worker-244: Building] WARN  o.e.m.c.i.embedder.EclipseLogger - Using platform encoding (Cp1252 actually) to copy filtered resources, i.e. build is platform dependent!
2025-08-27 14:36:50,894 [Worker-244: Building] INFO  o.e.m.c.i.embedder.EclipseLogger - skip non existing resourceDirectory C:\Users\Faisal\Desktop\Demo\servlet app\TestApp\src\test\resources
2025-08-27 14:37:00,131 [Worker-244: Building] WARN  o.e.m.c.i.embedder.EclipseLogger - Using platform encoding (Cp1252 actually) to copy filtered resources, i.e. build is platform dependent!
2025-08-27 14:37:00,132 [Worker-244: Building] INFO  o.e.m.c.i.embedder.EclipseLogger - Copying 0 resource
2025-08-27 14:37:00,133 [Worker-244: Building] WARN  o.e.m.c.i.embedder.EclipseLogger - Using platform encoding (Cp1252 actually) to copy filtered resources, i.e. build is platform dependent!
2025-08-27 14:37:00,133 [Worker-244: Building] INFO  o.e.m.c.i.embedder.EclipseLogger - skip non existing resourceDirectory C:\Users\Faisal\Desktop\Demo\servlet app\TestApp\src\test\resources
2025-08-27 14:37:40,347 [Worker-247: Building] WARN  o.e.m.c.i.embedder.EclipseLogger - Using platform encoding (Cp1252 actually) to copy filtered resources, i.e. build is platform dependent!
2025-08-27 14:37:40,348 [Worker-247: Building] INFO  o.e.m.c.i.embedder.EclipseLogger - Copying 0 resource
2025-08-27 14:37:40,349 [Worker-247: Building] WARN  o.e.m.c.i.embedder.EclipseLogger - Using platform encoding (Cp1252 actually) to copy filtered resources, i.e. build is platform dependent!
2025-08-27 14:37:40,350 [Worker-247: Building] INFO  o.e.m.c.i.embedder.EclipseLogger - skip non existing resourceDirectory C:\Users\Faisal\Desktop\Demo\servlet app\TestApp\src\test\resources
2025-08-27 14:37:43,820 [Worker-248: Building] WARN  o.e.m.c.i.embedder.EclipseLogger - Using platform encoding (Cp1252 actually) to copy filtered resources, i.e. build is platform dependent!
2025-08-27 14:37:43,822 [Worker-248: Building] INFO  o.e.m.c.i.embedder.EclipseLogger - Copying 0 resource
2025-08-27 14:37:43,823 [Worker-248: Building] WARN  o.e.m.c.i.embedder.EclipseLogger - Using platform encoding (Cp1252 actually) to copy filtered resources, i.e. build is platform dependent!
2025-08-27 14:37:43,823 [Worker-248: Building] INFO  o.e.m.c.i.embedder.EclipseLogger - skip non existing resourceDirectory C:\Users\Faisal\Desktop\Demo\servlet app\TestApp\src\test\resources
2025-08-27 14:38:53,870 [Worker-247: Building] WARN  o.e.m.c.i.embedder.EclipseLogger - Using platform encoding (Cp1252 actually) to copy filtered resources, i.e. build is platform dependent!
2025-08-27 14:38:53,871 [Worker-247: Building] INFO  o.e.m.c.i.embedder.EclipseLogger - Copying 0 resource
2025-08-27 14:38:53,872 [Worker-247: Building] WARN  o.e.m.c.i.embedder.EclipseLogger - Using platform encoding (Cp1252 actually) to copy filtered resources, i.e. build is platform dependent!
2025-08-27 14:38:53,872 [Worker-247: Building] INFO  o.e.m.c.i.embedder.EclipseLogger - skip non existing resourceDirectory C:\Users\Faisal\Desktop\Demo\servlet app\TestApp\src\test\resources
2025-08-27 14:39:09,361 [Worker-244: Building] WARN  o.e.m.c.i.embedder.EclipseLogger - Using platform encoding (Cp1252 actually) to copy filtered resources, i.e. build is platform dependent!
2025-08-27 14:39:09,362 [Worker-244: Building] INFO  o.e.m.c.i.embedder.EclipseLogger - Copying 0 resource
2025-08-27 14:39:09,362 [Worker-244: Building] WARN  o.e.m.c.i.embedder.EclipseLogger - Using platform encoding (Cp1252 actually) to copy filtered resources, i.e. build is platform dependent!
2025-08-27 14:39:09,363 [Worker-244: Building] INFO  o.e.m.c.i.embedder.EclipseLogger - skip non existing resourceDirectory C:\Users\Faisal\Desktop\Demo\servlet app\TestApp\src\test\resources
2025-08-27 14:44:10,409 [Worker-246: Building] WARN  o.e.m.c.i.embedder.EclipseLogger - Using platform encoding (Cp1252 actually) to copy filtered resources, i.e. build is platform dependent!
2025-08-27 14:44:10,410 [Worker-246: Building] INFO  o.e.m.c.i.embedder.EclipseLogger - Copying 0 resource
2025-08-27 14:44:10,411 [Worker-246: Building] WARN  o.e.m.c.i.embedder.EclipseLogger - Using platform encoding (Cp1252 actually) to copy filtered resources, i.e. build is platform dependent!
2025-08-27 14:44:10,411 [Worker-246: Building] INFO  o.e.m.c.i.embedder.EclipseLogger - skip non existing resourceDirectory C:\Users\Faisal\Desktop\Demo\servlet app\TestApp\src\test\resources
2025-08-27 14:44:40,984 [Worker-246: Building] WARN  o.e.m.c.i.embedder.EclipseLogger - Using platform encoding (Cp1252 actually) to copy filtered resources, i.e. build is platform dependent!
2025-08-27 14:44:40,985 [Worker-246: Building] INFO  o.e.m.c.i.embedder.EclipseLogger - Copying 0 resource
2025-08-27 14:44:40,986 [Worker-246: Building] WARN  o.e.m.c.i.embedder.EclipseLogger - Using platform encoding (Cp1252 actually) to copy filtered resources, i.e. build is platform dependent!
2025-08-27 14:44:40,987 [Worker-246: Building] INFO  o.e.m.c.i.embedder.EclipseLogger - skip non existing resourceDirectory C:\Users\Faisal\Desktop\Demo\servlet app\TestApp\src\test\resources
2025-08-27 14:47:05,984 [Worker-256: Building] WARN  o.e.m.c.i.embedder.EclipseLogger - Using platform encoding (Cp1252 actually) to copy filtered resources, i.e. build is platform dependent!
2025-08-27 14:47:05,985 [Worker-256: Building] INFO  o.e.m.c.i.embedder.EclipseLogger - Copying 0 resource
2025-08-27 14:47:05,986 [Worker-256: Building] WARN  o.e.m.c.i.embedder.EclipseLogger - Using platform encoding (Cp1252 actually) to copy filtered resources, i.e. build is platform dependent!
2025-08-27 14:47:05,986 [Worker-256: Building] INFO  o.e.m.c.i.embedder.EclipseLogger - skip non existing resourceDirectory C:\Users\Faisal\Desktop\Demo\servlet app\TestApp\src\test\resources
2025-08-27 14:48:52,497 [Worker-257: Building] WARN  o.e.m.c.i.embedder.EclipseLogger - Using platform encoding (Cp1252 actually) to copy filtered resources, i.e. build is platform dependent!
2025-08-27 14:48:52,498 [Worker-257: Building] INFO  o.e.m.c.i.embedder.EclipseLogger - Copying 0 resource
2025-08-27 14:48:52,499 [Worker-257: Building] WARN  o.e.m.c.i.embedder.EclipseLogger - Using platform encoding (Cp1252 actually) to copy filtered resources, i.e. build is platform dependent!
2025-08-27 14:48:52,500 [Worker-257: Building] INFO  o.e.m.c.i.embedder.EclipseLogger - skip non existing resourceDirectory C:\Users\Faisal\Desktop\Demo\servlet app\TestApp\src\test\resources
2025-08-27 14:52:39,224 [Worker-260: Building] WARN  o.e.m.c.i.embedder.EclipseLogger - Using platform encoding (Cp1252 actually) to copy filtered resources, i.e. build is platform dependent!
2025-08-27 14:52:39,225 [Worker-260: Building] INFO  o.e.m.c.i.embedder.EclipseLogger - Copying 0 resource
2025-08-27 14:52:39,226 [Worker-260: Building] WARN  o.e.m.c.i.embedder.EclipseLogger - Using platform encoding (Cp1252 actually) to copy filtered resources, i.e. build is platform dependent!
2025-08-27 14:52:39,227 [Worker-260: Building] INFO  o.e.m.c.i.embedder.EclipseLogger - skip non existing resourceDirectory C:\Users\Faisal\Desktop\Demo\servlet app\TestApp\src\test\resources
2025-08-27 15:49:02,949 [Worker-266: Building] WARN  o.e.m.c.i.embedder.EclipseLogger - Using platform encoding (Cp1252 actually) to copy filtered resources, i.e. build is platform dependent!
2025-08-27 15:49:02,952 [Worker-266: Building] INFO  o.e.m.c.i.embedder.EclipseLogger - Copying 0 resource
2025-08-27 15:49:02,955 [Worker-266: Building] WARN  o.e.m.c.i.embedder.EclipseLogger - Using platform encoding (Cp1252 actually) to copy filtered resources, i.e. build is platform dependent!
2025-08-27 15:49:02,956 [Worker-266: Building] INFO  o.e.m.c.i.embedder.EclipseLogger - skip non existing resourceDirectory C:\Users\Faisal\Desktop\Demo\servlet app\TestApp\src\test\resources
2025-08-27 15:50:36,793 [Worker-265: Building] WARN  o.e.m.c.i.embedder.EclipseLogger - Using platform encoding (Cp1252 actually) to copy filtered resources, i.e. build is platform dependent!
2025-08-27 15:50:36,795 [Worker-265: Building] INFO  o.e.m.c.i.embedder.EclipseLogger - Copying 0 resource
2025-08-27 15:50:36,796 [Worker-265: Building] WARN  o.e.m.c.i.embedder.EclipseLogger - Using platform encoding (Cp1252 actually) to copy filtered resources, i.e. build is platform dependent!
2025-08-27 15:50:36,797 [Worker-265: Building] INFO  o.e.m.c.i.embedder.EclipseLogger - skip non existing resourceDirectory C:\Users\Faisal\Desktop\Demo\servlet app\TestApp\src\test\resources
2025-08-27 15:50:55,872 [Worker-265: Building] WARN  o.e.m.c.i.embedder.EclipseLogger - Using platform encoding (Cp1252 actually) to copy filtered resources, i.e. build is platform dependent!
2025-08-27 15:50:55,874 [Worker-265: Building] INFO  o.e.m.c.i.embedder.EclipseLogger - Copying 0 resource
2025-08-27 15:50:55,875 [Worker-265: Building] WARN  o.e.m.c.i.embedder.EclipseLogger - Using platform encoding (Cp1252 actually) to copy filtered resources, i.e. build is platform dependent!
2025-08-27 15:50:55,876 [Worker-265: Building] INFO  o.e.m.c.i.embedder.EclipseLogger - skip non existing resourceDirectory C:\Users\Faisal\Desktop\Demo\servlet app\TestApp\src\test\resources
2025-08-27 15:51:53,607 [Worker-266: Building] WARN  o.e.m.c.i.embedder.EclipseLogger - Using platform encoding (Cp1252 actually) to copy filtered resources, i.e. build is platform dependent!
2025-08-27 15:51:53,609 [Worker-266: Building] INFO  o.e.m.c.i.embedder.EclipseLogger - Copying 0 resource
2025-08-27 15:51:53,610 [Worker-266: Building] WARN  o.e.m.c.i.embedder.EclipseLogger - Using platform encoding (Cp1252 actually) to copy filtered resources, i.e. build is platform dependent!
2025-08-27 15:51:53,611 [Worker-266: Building] INFO  o.e.m.c.i.embedder.EclipseLogger - skip non existing resourceDirectory C:\Users\Faisal\Desktop\Demo\servlet app\TestApp\src\test\resources
2025-08-27 15:53:22,964 [Worker-265: Building] WARN  o.e.m.c.i.embedder.EclipseLogger - Using platform encoding (Cp1252 actually) to copy filtered resources, i.e. build is platform dependent!
2025-08-27 15:53:22,965 [Worker-265: Building] INFO  o.e.m.c.i.embedder.EclipseLogger - Copying 0 resource
2025-08-27 15:53:22,966 [Worker-265: Building] WARN  o.e.m.c.i.embedder.EclipseLogger - Using platform encoding (Cp1252 actually) to copy filtered resources, i.e. build is platform dependent!
2025-08-27 15:53:22,967 [Worker-265: Building] INFO  o.e.m.c.i.embedder.EclipseLogger - skip non existing resourceDirectory C:\Users\Faisal\Desktop\Demo\servlet app\TestApp\src\test\resources
2025-08-27 15:53:47,666 [Worker-256: Building] WARN  o.e.m.c.i.embedder.EclipseLogger - Using platform encoding (Cp1252 actually) to copy filtered resources, i.e. build is platform dependent!
2025-08-27 15:53:47,668 [Worker-256: Building] INFO  o.e.m.c.i.embedder.EclipseLogger - Copying 0 resource
2025-08-27 15:53:47,669 [Worker-256: Building] WARN  o.e.m.c.i.embedder.EclipseLogger - Using platform encoding (Cp1252 actually) to copy filtered resources, i.e. build is platform dependent!
2025-08-27 15:53:47,670 [Worker-256: Building] INFO  o.e.m.c.i.embedder.EclipseLogger - skip non existing resourceDirectory C:\Users\Faisal\Desktop\Demo\servlet app\TestApp\src\test\resources
2025-08-27 15:54:19,420 [Worker-266: Building] WARN  o.e.m.c.i.embedder.EclipseLogger - Using platform encoding (Cp1252 actually) to copy filtered resources, i.e. build is platform dependent!
2025-08-27 15:54:19,422 [Worker-266: Building] INFO  o.e.m.c.i.embedder.EclipseLogger - Copying 0 resource
2025-08-27 15:54:19,422 [Worker-266: Building] WARN  o.e.m.c.i.embedder.EclipseLogger - Using platform encoding (Cp1252 actually) to copy filtered resources, i.e. build is platform dependent!
2025-08-27 15:54:19,423 [Worker-266: Building] INFO  o.e.m.c.i.embedder.EclipseLogger - skip non existing resourceDirectory C:\Users\Faisal\Desktop\Demo\servlet app\TestApp\src\test\resources
2025-08-27 15:54:52,621 [Worker-265: Building] WARN  o.e.m.c.i.embedder.EclipseLogger - Using platform encoding (Cp1252 actually) to copy filtered resources, i.e. build is platform dependent!
2025-08-27 15:54:52,623 [Worker-265: Building] INFO  o.e.m.c.i.embedder.EclipseLogger - Copying 0 resource
2025-08-27 15:54:52,626 [Worker-265: Building] WARN  o.e.m.c.i.embedder.EclipseLogger - Using platform encoding (Cp1252 actually) to copy filtered resources, i.e. build is platform dependent!
2025-08-27 15:54:52,627 [Worker-265: Building] INFO  o.e.m.c.i.embedder.EclipseLogger - skip non existing resourceDirectory C:\Users\Faisal\Desktop\Demo\servlet app\TestApp\src\test\resources
2025-08-27 15:55:17,057 [Worker-263: Building] WARN  o.e.m.c.i.embedder.EclipseLogger - Using platform encoding (Cp1252 actually) to copy filtered resources, i.e. build is platform dependent!
2025-08-27 15:55:17,060 [Worker-263: Building] INFO  o.e.m.c.i.embedder.EclipseLogger - Copying 0 resource
2025-08-27 15:55:17,061 [Worker-263: Building] WARN  o.e.m.c.i.embedder.EclipseLogger - Using platform encoding (Cp1252 actually) to copy filtered resources, i.e. build is platform dependent!
2025-08-27 15:55:17,063 [Worker-263: Building] INFO  o.e.m.c.i.embedder.EclipseLogger - skip non existing resourceDirectory C:\Users\Faisal\Desktop\Demo\servlet app\TestApp\src\test\resources
2025-08-27 15:55:26,221 [Worker-267: Building] WARN  o.e.m.c.i.embedder.EclipseLogger - Using platform encoding (Cp1252 actually) to copy filtered resources, i.e. build is platform dependent!
2025-08-27 15:55:26,223 [Worker-267: Building] INFO  o.e.m.c.i.embedder.EclipseLogger - Copying 0 resource
2025-08-27 15:55:26,224 [Worker-267: Building] WARN  o.e.m.c.i.embedder.EclipseLogger - Using platform encoding (Cp1252 actually) to copy filtered resources, i.e. build is platform dependent!
2025-08-27 15:55:26,226 [Worker-267: Building] INFO  o.e.m.c.i.embedder.EclipseLogger - skip non existing resourceDirectory C:\Users\Faisal\Desktop\Demo\servlet app\TestApp\src\test\resources
2025-08-27 15:58:37,192 [Worker-268: Building] WARN  o.e.m.c.i.embedder.EclipseLogger - Using platform encoding (Cp1252 actually) to copy filtered resources, i.e. build is platform dependent!
2025-08-27 15:58:37,194 [Worker-268: Building] INFO  o.e.m.c.i.embedder.EclipseLogger - Copying 0 resource
2025-08-27 15:58:37,195 [Worker-268: Building] WARN  o.e.m.c.i.embedder.EclipseLogger - Using platform encoding (Cp1252 actually) to copy filtered resources, i.e. build is platform dependent!
2025-08-27 15:58:37,196 [Worker-268: Building] INFO  o.e.m.c.i.embedder.EclipseLogger - skip non existing resourceDirectory C:\Users\Faisal\Desktop\Demo\servlet app\TestApp\src\test\resources
2025-09-01 05:50:39,010 [Worker-6: Loading available Gradle versions] INFO  o.e.b.c.i.u.g.PublishedGradleVersions - Gradle version information cache is out-of-date. Trying to update.
2025-09-01 05:50:55,372 [Worker-6: Building] WARN  o.e.m.c.i.embedder.EclipseLogger - Using platform encoding (Cp1252 actually) to copy filtered resources, i.e. build is platform dependent!
2025-09-01 05:50:55,383 [Worker-6: Building] INFO  o.e.m.c.i.embedder.EclipseLogger - Copying 0 resource
2025-09-01 05:50:55,388 [Worker-6: Building] WARN  o.e.m.c.i.embedder.EclipseLogger - Using platform encoding (Cp1252 actually) to copy filtered resources, i.e. build is platform dependent!
2025-09-01 05:50:55,390 [Worker-6: Building] INFO  o.e.m.c.i.embedder.EclipseLogger - skip non existing resourceDirectory C:\Users\Faisal\Desktop\Demo\servlet app\TestApp\src\test\resources
2025-09-01 05:50:58,716 [Worker-4: Building] WARN  o.e.m.c.i.embedder.EclipseLogger - Using platform encoding (Cp1252 actually) to copy filtered resources, i.e. build is platform dependent!
2025-09-01 05:50:58,720 [Worker-4: Building] INFO  o.e.m.c.i.embedder.EclipseLogger - Copying 0 resource
